assetID,category,name,file
1470121278,Character,Character_Beaver,resources.assets
-1452781049,Character,Character_Beaver2,resources.assets
1526481069,Character,Character_Beaver_NoName,resources.assets
-1553978502,Character,Character_ChessKing,resources.assets
-754373626,Character,Character_ChessQueen,resources.assets
-1295448785,Character,Character_Chest,resources.assets
1138756143,Character,Character_Chest_NoName,resources.assets
1553427777,Character,Character_DuckBoth,resources.assets
114055387,Character,Character_DuckCultist01,resources.assets
833322005,Character,Character_DuckCultist02,resources.assets
-724264486,Character,Character_DuckFemale,resources.assets
-207738004,Character,Character_DuckMale,resources.assets
-647829001,Character,Character_Fish,resources.assets
-1157175274,Character,Character_Fish_NoName,resources.assets
-208762290,Character,Character_FitnessCrab,resources.assets
1476294179,Character,Character_FitnessCrab_NoName,resources.assets
-1229814726,Character,Character_Furnox_NoName,resources.assets
-61825858,Character,Character_GenovatechLab,resources.assets
1448626975,Character,Character_HamsterDad,resources.assets
1835697305,Character,Character_HamsterDadAngry,resources.assets
1840710610,Character,Character_HamsterKids,resources.assets
-2016120554,Character,Character_HamsterMum,resources.assets
1619478566,Character,Character_HamsterNinjas,resources.assets
1899902820,Character,Character_Letter_NoName,resources.assets
-321544654,Character,Character_Penguin,resources.assets
1219817021,Character,Character_PenguinVacation,resources.assets
364500103,Character,Character_PublicServant_NoName,resources.assets
-1496483266,Character,Character_Snowman,resources.assets
-1247252060,Character,Character_Snowman01,resources.assets
493794090,Character,Character_TargetAudience_AdultsClub,resources.assets
2039184252,Character,Character_TargetAudience_CityAdministration,resources.assets
787853667,Character,Character_TargetAudience_FitnessFreaks,resources.assets
956707397,Character,Character_TargetAudience_Industry,resources.assets
-984753505,Character,Character_TargetAudience_Moneybags,resources.assets
-1958261174,Character,Character_TargetAudience_Nerds,resources.assets
737991624,Character,Character_TargetAudience_Rascals,resources.assets
-501513369,Character,Character_TargetAudience_Survivalists,resources.assets
1189738692,Character,Character_Turtle,resources.assets
-1954380533,Character,Character_TurtleSteelHelmet,resources.assets
722345226,Character,Character_TurtleUpgraded,resources.assets
2057193699,Character,Character_Worm,resources.assets
1674600633,Dialogue,Dialogue_BeaverCave_01_Intro,resources.assets
1524032697,Dialogue,Dialogue_BeaverCave_02_MeetJustin,resources.assets
-53141571,Dialogue,Dialogue_BeaverCave_03_IntroductionToBober,resources.assets
2052919914,Dialogue,Dialogue_BeaverCave_04a_ShowYouSomething,resources.assets
882001297,Dialogue,Dialogue_BeaverCave_04b_NeedPreciousWood,resources.assets
-368930904,Dialogue,Dialogue_BeaverCave_05_CarvingAbility,resources.assets
1820897066,Dialogue,Dialogue_BeaverCave_06_WorkTogether,resources.assets
-1144520963,Dialogue,Dialogue_BeaverCave_07_BoberWantsWorkbench,resources.assets
1411824461,Dialogue,Dialogue_BeaverCave_08_BoberHasWorkbench,resources.assets
1860020766,Dialogue,Dialogue_BobersMissionBoard_01_StuckInHaiti,resources.assets
-1437342831,Dialogue,Dialogue_BobersMissionBoard_02_Thank you,resources.assets
-1224707230,Dialogue,Dialogue_BobersMissionBoard_03_WelcomeBackSafetyFirst,resources.assets
1337558806,Dialogue,Dialogue_ChesterCollectables_01_Intro,resources.assets
-629446226,Dialogue,Dialogue_ChesterCollectables_02_Shit,resources.assets
-1403116349,Dialogue,Dialogue_ChesterCollectables_03_HayBale,resources.assets
-1515958359,Dialogue,Dialogue_ChesterCollectables_04_Portal,resources.assets
525224672,Dialogue,Dialogue_ChesterCollectables_05_InsideChester,resources.assets
598611946,Dialogue,Dialogue_ChesterCollectables_06_Companiola,resources.assets
2137119004,Dialogue,Dialogue_ChesterCollectables_06_Marc,resources.assets
-919067594,Dialogue,Dialogue_ChesterCollectables_06_Mimic,resources.assets
1162374658,Dialogue,Dialogue_ChesterCollectables_07_AllPics,resources.assets
801983256,Dialogue,Dialogue_ChesterCollectables_x_Question,resources.assets
-521725230,Dialogue,Dialogue_CityMission_ParkBenches,resources.assets
-1902331634,Dialogue,Dialogue_Ducks_00_IntroTooEarly,resources.assets
126005614,Dialogue,Dialogue_Ducks_00_IntroTooEarly01,resources.assets
-387629302,Dialogue,Dialogue_Ducks_00_IntroTooEarly02,resources.assets
-2055267507,Dialogue,Dialogue_Ducks_01_1_CultAlpha,resources.assets
250751997,Dialogue,Dialogue_Ducks_01_1_IntroductionMale,resources.assets
-1066092885,Dialogue,Dialogue_Ducks_01_2_IntroductionFemale,resources.assets
1408781982,Dialogue,Dialogue_Ducks_02_1_LuisIsBack,resources.assets
659907038,Dialogue,Dialogue_Ducks_02_1_MushroomsDelivered01,resources.assets
-1447608431,Dialogue,Dialogue_Ducks_02_2_FinalMushroom,resources.assets
1706358446,Dialogue,Dialogue_Ducks_03_1_LuisIsPlaced,resources.assets
1282209145,Dialogue,Dialogue_Ducks_03_1_MushroomsDelivered02Harold,resources.assets
-1682047304,Dialogue,Dialogue_Ducks_03_2_MushroomsDelivered02Mildred,resources.assets
517934667,Dialogue,Dialogue_Ducks_04_1_AfterCooking,resources.assets
1105927533,Dialogue,Dialogue_Ducks_04_1_LuisRevivedRepairChains,resources.assets
809777363,Dialogue,Dialogue_Ducks_05_1_ShedMonologue,resources.assets
-335433383,Dialogue,Dialogue_Ducks_05_1_TalkLuis,resources.assets
-1658698885,Dialogue,Dialogue_Ducks_06_1_Dinner,resources.assets
391082564,Dialogue,Dialogue_Ducks_06_1_SlotMachineRepaired,resources.assets
-1708154647,Dialogue,Dialogue_Ducks_07_1_DinnerGiveShotgun,resources.assets
-502066137,Dialogue,Dialogue_Ducks_08_NoLongerWelcome,resources.assets
1495506540,Dialogue,Dialogue_FindChessKing_01_Intro,resources.assets
936092989,Dialogue,Dialogue_FindChessKing_02_King,resources.assets
1386571700,Dialogue,Dialogue_FitnessCrab_01_ANewContender,resources.assets
-160261379,Dialogue,Dialogue_FitnessCrab_02_CannonAndFitnessTests,resources.assets
-1291782593,Dialogue,Dialogue_FitnessCrab_03_GetNewWeights,resources.assets
397228018,Dialogue,Dialogue_FitnessCrab_04_GotWeights,resources.assets
-1815299089,Dialogue,Dialogue_FitnessCrab_05_ChallengePickupTheCanon,resources.assets
-992256544,Dialogue,Dialogue_FitnessCrab_06_CannonPickedUp,resources.assets
-1400704145,Dialogue,Dialogue_GenovatechLab_01_Introduction,resources.assets
-1930065053,Dialogue,Dialogue_HamsterCave_00_Intro,resources.assets
575698507,Dialogue,Dialogue_HamsterCave_00_Straw,resources.assets
1753911105,Dialogue,Dialogue_HamsterCave_01_Intro,resources.assets
204173991,Dialogue,Dialogue_HamsterCave_02_GivePillowAskforPickles,resources.assets
-319201241,Dialogue,Dialogue_HamsterCave_02_PillowBack,resources.assets
670391686,Dialogue,Dialogue_HamsterCave_03_GivePicklesMix,resources.assets
999624516,Dialogue,Dialogue_HamsterCave_03_PicklesBack,resources.assets
-1409333813,Dialogue,Dialogue_HamsterCave_04_FixThePipe,resources.assets
292774855,Dialogue,Dialogue_HamsterDadAngry,resources.assets
-700867654,Dialogue,Dialogue_HamsterNinjaAttack,resources.assets
-274365570,Dialogue,Dialogue_HomeSweetHome_01_Intro,resources.assets
-514869767,Dialogue,Dialogue_HomeSweetHome_02_Intro,resources.assets
432901121,Dialogue,Dialogue_HomeSweetHome_03_Intro,resources.assets
1822152053,Dialogue,Dialogue_HomeSweetHome_04_Intro,resources.assets
-1188969849,Dialogue,Dialogue_HomeSweetHome_05_Intro,resources.assets
2087597260,Dialogue,Dialogue_HomeSweetHome_06_Letter,resources.assets
1290774107,Dialogue,Dialogue_HomeSweetHome_07_Chester,resources.assets
-606546030,Dialogue,Dialogue_HomeSweetHome_08_Intro,resources.assets
-893188931,Dialogue,Dialogue_HomeSweetHome_09_Intro,resources.assets
-2018459234,Dialogue,Dialogue_HomeSweetHome_10_Intro,resources.assets
-1216213039,Dialogue,Dialogue_HomeSweetHome_11_NoToShredding,resources.assets
148882125,Dialogue,Dialogue_HomeSweetHome_12_Intro,resources.assets
-611385897,Dialogue,Dialogue_HomeSweetHome_12_Intro1Wait,resources.assets
557611873,Dialogue,Dialogue_Introduction_ChopChopBlock,resources.assets
745029744,Dialogue,Dialogue_Introduction_Gestures,resources.assets
1371469226,Dialogue,Dialogue_Introduction_InfluenceGain,resources.assets
352647763,Dialogue,Dialogue_Introduction_ProteinShake,resources.assets
1962975462,Dialogue,Dialogue_Introduction_TPsInWorld,resources.assets
1098456618,Dialogue,Dialogue_Introduction_TPsatBase,resources.assets
-1950784881,Dialogue,Dialogue_MissionMailbox,resources.assets
-2068006257,Dialogue,Dialogue_Office_01_Introduction,resources.assets
-1543167167,Dialogue,Dialogue_Office_02_SmallCoffeeBreak,resources.assets
-950929829,Dialogue,Dialogue_Office_03_BuffsIntroduction,resources.assets
-471182463,Dialogue,Dialogue_Office_04_GetFiredMail,resources.assets
-1245432732,Dialogue,Dialogue_Penguin_01_Help,resources.assets
-920385332,Dialogue,Dialogue_Penguin_02_Intro,resources.assets
-1265666573,Dialogue,Dialogue_Penguin_03_TheStuntRamp,resources.assets
1970576126,Dialogue,Dialogue_Penguin_04_TheStuntSled,resources.assets
-1463173108,Dialogue,Dialogue_Penguin_05_TakeTape,resources.assets
-1249230118,Dialogue,Dialogue_Penguin_06_StuntReady,resources.assets
-241164164,Dialogue,Dialogue_Penguin_07_Vacation,resources.assets
-378529088,Dialogue,Dialogue_Satellite_01_Crash,resources.assets
-1689140679,Dialogue,Dialogue_Satellite_02_GetSatellite,resources.assets
-316632042,Dialogue,Dialogue_Satellite_03_PrepareIonCannon,resources.assets
-814101957,Dialogue,Dialogue_SecretExplorer_SelectReward,resources.assets
70102335,Dialogue,Dialogue_SecretExplorer_SelectReward_Airdrop,resources.assets
1658680693,Dialogue,Dialogue_SecretExplorer_SelectReward_Coins,resources.assets
1992035144,Dialogue,Dialogue_SirWorcestershire_01_Intro,resources.assets
-213012842,Dialogue,Dialogue_SirWorcestershire_02_Intro,resources.assets
-290192881,Dialogue,Dialogue_SirWorcestershire_03_Intro,resources.assets
295717183,Dialogue,Dialogue_SirWorcestershire_04_Intro,resources.assets
-1657223422,Dialogue,Dialogue_SirWorcestershire_05_Intro,resources.assets
1241807929,Dialogue,Dialogue_SirWorcestershire_05_IntroTrout,resources.assets
541711007,Dialogue,Dialogue_SirWorcestershire_06_Intro,resources.assets
-50294296,Dialogue,Dialogue_SirWorcestershire_07A_BuildGrindstoneFirst,resources.assets
-1039587613,Dialogue,Dialogue_SirWorcestershire_07_Intro,resources.assets
-2032575270,Dialogue,Dialogue_SirWorcestershire_08_Intro,resources.assets
-2070940995,Dialogue,Dialogue_SirWorcestershire_09_Move,resources.assets
932586422,Dialogue,Dialogue_SirWorcestershire_10_InHouse,resources.assets
-520123179,Dialogue,Dialogue_SnowMountainDamageZones_01,resources.assets
1664803622,Dialogue,Dialogue_SnowMountainDamageZones_02,resources.assets
-1674805278,Dialogue,Dialogue_Snowman_01_WrongPlace,resources.assets
-699150537,Dialogue,Dialogue_Snowman_02_Defeated,resources.assets
768139446,Dialogue,Dialogue_TargetAudience_AdultsClub_GenericIntro,resources.assets
-901499517,Dialogue,Dialogue_TargetAudience_AdultsClub_GenericOutroBad,resources.assets
757498476,Dialogue,Dialogue_TargetAudience_AdultsClub_GenericOutroGood,resources.assets
-464428417,Dialogue,Dialogue_TargetAudience_CityAdmin_01_WelcomeToWoodenHollyMainBuildingStart,resources.assets
436840033,Dialogue,Dialogue_TargetAudience_CityAdmin_GenericIntro,resources.assets
-1336942886,Dialogue,Dialogue_TargetAudience_CityAdmin_GenericOutroBad,resources.assets
-1721255927,Dialogue,Dialogue_TargetAudience_CityAdmin_GenericOutroGood,resources.assets
-387395455,Dialogue,Dialogue_TargetAudience_CityAdmin_UnlockAdvertisementSign,resources.assets
1544319381,Dialogue,Dialogue_TargetAudience_CityAdmin_UnlockBanks,resources.assets
700581901,Dialogue,Dialogue_TargetAudience_CityAdmin_UnlockBotanicalGarden,resources.assets
-286985773,Dialogue,Dialogue_TargetAudience_CityAdmin_UnlockCityNameLetters,resources.assets
-1590051869,Dialogue,Dialogue_TargetAudience_CityAdmin_UnlockHotAirBalloons,resources.assets
-308745275,Dialogue,Dialogue_TargetAudience_CityAdmin_UnlockHotels,resources.assets
-982713172,Dialogue,Dialogue_TargetAudience_CityAdmin_UnlockResidentialBuildings,resources.assets
-1736802373,Dialogue,Dialogue_TargetAudience_CityAdmin_UnlockTelevisionTower,resources.assets
755764781,Dialogue,Dialogue_TargetAudience_FitnessFreaks_GenericIntro,resources.assets
266070287,Dialogue,Dialogue_TargetAudience_FitnessFreaks_GenericOutroBad,resources.assets
1517753853,Dialogue,Dialogue_TargetAudience_FitnessFreaks_GenericOutroGood,resources.assets
1103795971,Dialogue,Dialogue_TargetAudience_Industry_GenericIntro,resources.assets
-1288158223,Dialogue,Dialogue_TargetAudience_Industry_GenericOutroBad,resources.assets
-1521964306,Dialogue,Dialogue_TargetAudience_Industry_GenericOutroGood,resources.assets
-782279664,Dialogue,Dialogue_TargetAudience_Moneybags_GenericIntro,resources.assets
-26913770,Dialogue,Dialogue_TargetAudience_Moneybags_GenericOutroBad,resources.assets
1398390112,Dialogue,Dialogue_TargetAudience_Moneybags_GenericOutroGood,resources.assets
975880793,Dialogue,Dialogue_TargetAudience_Nerds_GenericIntro,resources.assets
673549226,Dialogue,Dialogue_TargetAudience_Nerds_GenericOutroBad,resources.assets
1843889833,Dialogue,Dialogue_TargetAudience_Nerds_GenericOutroGood,resources.assets
-764688962,Dialogue,Dialogue_TargetAudience_Rascals_GenericIntro,resources.assets
326319141,Dialogue,Dialogue_TargetAudience_Rascals_GenericOutroBad,resources.assets
-468391028,Dialogue,Dialogue_TargetAudience_Rascals_GenericOutroGood,resources.assets
1628065678,Dialogue,Dialogue_TargetAudience_Survivalists_GenericIntro,resources.assets
163729351,Dialogue,Dialogue_TargetAudience_Survivalists_GenericOutroBad,resources.assets
-204450824,Dialogue,Dialogue_TargetAudience_Survivalists_GenericOutroGood,resources.assets
701240721,Dialogue,Dialogue_TheEnd_01,resources.assets
-634246439,Dialogue,Dialogue_TurtleSabotage_01_Help,resources.assets
-1927940075,Dialogue,Dialogue_TurtleSabotage_01_Introduction,resources.assets
-901661572,Dialogue,Dialogue_TurtleSabotage_02_GotUpgradeFirstAttack,resources.assets
1956096637,Dialogue,Dialogue_TurtleSabotage_03A_TellaboutPipeGrid,resources.assets
425540071,Dialogue,Dialogue_TurtleSabotage_03B_TellAboutMineShafts,resources.assets
1586021918,Dialogue,Dialogue_TurtleSabotage_03C_TNTDeviceUpgrade,resources.assets
-297127029,Dialogue,Dialogue_TurtleSabotage_04A_PlayerSeesWaterMinesComment,resources.assets
127507335,Dialogue,Dialogue_TurtleSabotage_04_GotUpgradeSecondAttack,resources.assets
-1475430272,Dialogue,Dialogue_TurtleSabotage_04_TellaboutWaterMines,resources.assets
1174939046,Dialogue,Dialogue_TurtleSabotage_05A_CantSwimAnymoreNeedIdea,resources.assets
-938236625,Dialogue,Dialogue_TurtleSabotage_06_DroneIdea,resources.assets
1913005700,Dialogue,Dialogue_TurtleSabotage_07_ThePerfectDrone,resources.assets
374036613,Dialogue,Dialogue_TurtleSabotage_08_RoughLanding,resources.assets
981298383,Dialogue,Dialogue_TurtleSabotage_09_TheCannon,resources.assets
-991333259,Dialogue,Dialogue_TurtleSabotage_10_PickmeUp,resources.assets
301444361,Dialogue,Dialogue_TurtleSabotage_11_IntroduceToCanonFurnox,resources.assets
1976689563,Dialogue,Dialogue_TurtleSabotage_98_HitWShell,resources.assets
-1449019744,Dialogue,Dialogue_TurtleSabotage_99_HitWOShell,resources.assets
924852856,Dialogue,Dialogue_Tutorial_01_Intro,resources.assets
69008776,Dialogue,Dialogue_Tutorial_01_Skipped,resources.assets
-2088950480,Dialogue,Dialogue_Tutorial_01_TryToSkip,resources.assets
-750041526,Dialogue,Dialogue_Tutorial_02_Intro,resources.assets
13446879,Dialogue,Dialogue_Tutorial_03_Intro,resources.assets
1625473919,Dialogue,Dialogue_Tutorial_04_Intro,resources.assets
-1307738618,Dialogue,Dialogue_Tutorial_05_Intro,resources.assets
-1642776171,Dialogue,Dialogue_Tutorial_06_Intro,resources.assets
-1647446709,Dialogue,Dialogue_Tutorial_07_Intro,resources.assets
-1640962239,Dialogue,Dialogue_Tutorial_08_Intro,resources.assets
1499359133,Dialogue,Dialogue_Tutorial_09_Intro,resources.assets
224138999,Dialogue,Dialogue_Tutorial_10_Intro,resources.assets
-1881723977,Dialogue,Dialogue_Tutorial_11_Intro,resources.assets
-2130196029,Dialogue,Dialogue_Tutorial_Cooking01,resources.assets
768042051,Dialogue,Dialogue_Tutorial_Cooking02,resources.assets
314821608,Dialogue,Dialogue_Tutorial_Outro,resources.assets
2114584899,Dialogue,Dialogue_Tutorial_PinRecipes,resources.assets
650341263,Dialogue,Dialogue_WoodGrindstone,resources.assets
1781340350,Dialogue,Dialogue_Worm_01_Intro,resources.assets
792652551,Dialogue,Dialogue_Worm_02_ToothRemoved,resources.assets
1459556317,Dialogue,Dialogue_Worm_03_AfterFirstFood,resources.assets
14,GameVersionData,GameVersionData,resources.assets
2,InputActionAsset,DefaultInputActions,sharedassets0.assets
5,InputActionAsset,InputSystem_Actions,globalgamemanagers.assets
1,MotionBlur,MotionBlur,globalgamemanagers.assets
32,PlatformMobileLow,FMODStudioSettingsPlatform,resources.assets
12,PlatformPlayInEditor,FMODStudioSettingsPlatform,resources.assets
-1752821753,Recipe,AutoHarvester01,resources.assets
-1025709070,Recipe,AutoHarvester02,resources.assets
-812529940,Recipe,AutoHarvester03,resources.assets
-1555231599,Recipe,Autoharvester01_Apple_Wood,resources.assets
-181767276,Recipe,Autoharvester01_Birch_Wood,resources.assets
-2021099974,Recipe,Autoharvester01_Crystal_Wood,resources.assets
-1185701457,Recipe,Autoharvester01_Electric_Wood,resources.assets
585854025,Recipe,Autoharvester01_Metal_Wood,resources.assets
930487184,Recipe,Autoharvester01_Palm_Wood,resources.assets
1564233723,Recipe,Autoharvester01_Stone_Wood,resources.assets
1806417404,Recipe,Autoharvester01_Walnut_Wood,resources.assets
1644013300,Recipe,Autoharvester02_Apple_Log,resources.assets
-1128317680,Recipe,Autoharvester02_Apple_Wood,resources.assets
1916788282,Recipe,Autoharvester02_Birch_Log,resources.assets
2076428830,Recipe,Autoharvester02_Birch_Wood,resources.assets
1207734859,Recipe,Autoharvester02_Crystal_Log,resources.assets
-421996807,Recipe,Autoharvester02_Crystal_Wood,resources.assets
-899172166,Recipe,Autoharvester02_Electric_Log,resources.assets
-760627572,Recipe,Autoharvester02_Electric_Wood,resources.assets
-408293137,Recipe,Autoharvester02_Metal_Log,resources.assets
-615468777,Recipe,Autoharvester02_Metal_Wood,resources.assets
1966460777,Recipe,Autoharvester02_Palm_Log,resources.assets
-1868870994,Recipe,Autoharvester02_Palm_Wood,resources.assets
-691762943,Recipe,Autoharvester02_Stone_Log,resources.assets
873170160,Recipe,Autoharvester02_Stone_Wood,resources.assets
-1591786079,Recipe,Autoharvester02_Walnut_Log,resources.assets
-1628460818,Recipe,Autoharvester02_Walnut_Wood,resources.assets
-1703004321,Recipe,Autoharvester03_Apple_Log,resources.assets
106935334,Recipe,Autoharvester03_Apple_Wood,resources.assets
-1901933099,Recipe,Autoharvester03_Birch_Log,resources.assets
1723413611,Recipe,Autoharvester03_Birch_Wood,resources.assets
1291177587,Recipe,Autoharvester03_Crystal_Log,resources.assets
1438684597,Recipe,Autoharvester03_Crystal_Wood,resources.assets
-2057841463,Recipe,Autoharvester03_Electric_Log,resources.assets
-1939844534,Recipe,Autoharvester03_Electric_Wood,resources.assets
-755186455,Recipe,Autoharvester03_Metal_Log,resources.assets
-1407147732,Recipe,Autoharvester03_Metal_Wood,resources.assets
-1914823591,Recipe,Autoharvester03_Palm_Log,resources.assets
-1487809283,Recipe,Autoharvester03_Palm_Wood,resources.assets
-1318520072,Recipe,Autoharvester03_Stone_Log,resources.assets
-1795660717,Recipe,Autoharvester03_Stone_Wood,resources.assets
-749346247,Recipe,Autoharvester03_Walnut_Log,resources.assets
-215373684,Recipe,Autoharvester03_Walnut_Wood,resources.assets
188769230,Recipe,Autoharvester_Apple_01,resources.assets
-1275583733,Recipe,Autoharvester_Birch_01,resources.assets
686652985,Recipe,Autoharvester_Crystal_01,resources.assets
313603430,Recipe,Autoharvester_Electric_01,resources.assets
-1791577672,Recipe,Autoharvester_Metal_01,resources.assets
-1196644145,Recipe,Autoharvester_Palm_01,resources.assets
1381197368,Recipe,Autoharvester_Stone_01,resources.assets
855581116,Recipe,Autoharvester_Walnut_01,resources.assets
-1077950262,Recipe,AutomaticElectroPress01,resources.assets
-400291451,Recipe,BeaverHatch,resources.assets
233911803,Recipe,Beehouse,resources.assets
1463584997,Recipe,BlueprintTable,resources.assets
1963388949,Recipe,BoberWorkbench,resources.assets
622400354,Recipe,BoberWorkbenchInCave,resources.assets
-477782010,Recipe,Bober_BobersTwinAutomation,resources.assets
331435413,Recipe,Bober_BobersTwinProtectiveClothing,resources.assets
-691502110,Recipe,Bober_Logs,resources.assets
1632732698,Recipe,Bober_StoneCarving,resources.assets
-985976179,Recipe,Bridge,resources.assets
-1841686529,Recipe,CampfireMountain,resources.assets
1213914721,Recipe,CampingChair01,resources.assets
819887672,Recipe,CaveBridgeLever,resources.assets
-1240343474,Recipe,Chester_CompaniolaPicture,resources.assets
-1621015645,Recipe,Chester_MimicPicture,resources.assets
-1582758189,Recipe,Chester_QuestionMarcPicture,resources.assets
-2004787512,Recipe,CityCrafter,resources.assets
-1467921913,Recipe,City_Banks,resources.assets
58228276,Recipe,City_BotanicalGarden,resources.assets
-1766891218,Recipe,City_HotAirBalloon,resources.assets
952112322,Recipe,City_Hotels,resources.assets
-1294140225,Recipe,City_MainTower,resources.assets
-2088617869,Recipe,City_NameLetters,resources.assets
-1956592130,Recipe,City_ResidentialBuildings,resources.assets
1093067140,Recipe,City_TelevisionTower,resources.assets
535941795,Recipe,City_billboard,resources.assets
-532270736,Recipe,CookingStation01,resources.assets
-1481802425,Recipe,Cooking_ApplePie,resources.assets
1020619410,Recipe,Cooking_CrabBowl,resources.assets
-1192453573,Recipe,Cooking_DuckStew,resources.assets
535455993,Recipe,Cooking_FishStew,resources.assets
-615240185,Recipe,Cooking_FriedEgg,resources.assets
-1634053625,Recipe,Cooking_GrilledChicken,resources.assets
-1327519366,Recipe,Cooking_HoneyGarlicChicken,resources.assets
1599031958,Recipe,Cooking_HoneyglazedApple,resources.assets
278897286,Recipe,Cooking_IceBowl,resources.assets
-626840503,Recipe,Cooking_LavaFishRoll,resources.assets
-1611599715,Recipe,Cooking_Marshmallow,resources.assets
-2050908340,Recipe,Cooking_Mushroom01,resources.assets
-1130144519,Recipe,Cooking_Mushroom02,resources.assets
-102453499,Recipe,Cooking_Mushroom03,resources.assets
-533865748,Recipe,Cooking_Mushroom04,resources.assets
-806165716,Recipe,Cooking_Mushroom05,resources.assets
683695619,Recipe,Cooking_MushroomSoup,resources.assets
864294704,Recipe,Cooking_Pancakes,resources.assets
557997525,Recipe,Cooking_Sushi,resources.assets
87784576,Recipe,Crab_Equipment,resources.assets
-376902689,Recipe,Drawer,resources.assets
-1029971267,Recipe,DronePlatform,resources.assets
2373198,Recipe,DuckSauce,resources.assets
-1405410342,Recipe,DungeonChains,resources.assets
-5470344,Recipe,ElectroPress01,resources.assets
243112555,Recipe,Fence,resources.assets
-1587959115,Recipe,FishingRod01,resources.assets
1006858527,Recipe,FishingRod02,resources.assets
570405801,Recipe,FishingRod03,resources.assets
-5167677,Recipe,FishingRod04,resources.assets
-951094144,Recipe,FitnessBoard_Race01,resources.assets
-1846280627,Recipe,FitnessBoard_Race02,resources.assets
-1022212456,Recipe,FitnessBoard_Race03,resources.assets
-899384329,Recipe,Furnace01,resources.assets
-2019647194,Recipe,FurnitureCrafter,resources.assets
-1589965625,Recipe,FurniturePackageWorcestershire_SimpleFurniture,resources.assets
-1566205484,Recipe,FurniturePackage_AdvancedFurniture,resources.assets
-442379337,Recipe,FurniturePackage_CrystalFurniture,resources.assets
-972533218,Recipe,FurniturePackage_ElectroFurniture,resources.assets
1231973827,Recipe,FurniturePackage_HouseUtensils,resources.assets
-1420129125,Recipe,FurniturePackage_MetalFurniture,resources.assets
1778631796,Recipe,FurniturePackage_MetalFurnitureCraftable,resources.assets
-1771048408,Recipe,FurniturePackage_NerdStuff,resources.assets
632971847,Recipe,FurniturePackage_PalmFurniture,resources.assets
-1968663899,Recipe,FurniturePackage_SimpleFurniture,resources.assets
215038439,Recipe,FurniturePackage_StoneFurniture,resources.assets
-1370188810,Recipe,FurniturePackage_StoneFurnitureCraftable,resources.assets
1057733760,Recipe,FurniturePackage_Toys,resources.assets
1680318845,Recipe,FurniturePackage_Weights,resources.assets
-885774317,Recipe,Furniture_Beehouse,resources.assets
1545942545,Recipe,Furniture_Candy_CandyDispenser,resources.assets
674371144,Recipe,Furniture_Carving_Bird,resources.assets
315364968,Recipe,Furniture_Carving_ChessBlackKing01,resources.assets
1613065806,Recipe,Furniture_Carving_ChessWhiteKing01,resources.assets
-1055817937,Recipe,Furniture_Carving_FemaleHeadBust01,resources.assets
827732047,Recipe,Furniture_Carving_FemaleSculpture01,resources.assets
564598552,Recipe,Furniture_Carving_FlowerOrnament01,resources.assets
-1713517473,Recipe,Furniture_Carving_HandMetal01,resources.assets
-1080371706,Recipe,Furniture_Carving_MaleHeadBust01,resources.assets
1346433190,Recipe,Furniture_Carving_MaleHeadBust02,resources.assets
-626093721,Recipe,Furniture_Carving_ShellOrnament01,resources.assets
845417747,Recipe,Furniture_Carving_WavingCat,resources.assets
806565336,Recipe,Furniture_Crystal_BarChair01,resources.assets
477854100,Recipe,Furniture_Crystal_BarTable01,resources.assets
787588131,Recipe,Furniture_Crystal_CityTable01,resources.assets
-1477112059,Recipe,Furniture_Crystal_CityTable02,resources.assets
657094369,Recipe,Furniture_Crystal_Discoball01,resources.assets
768213091,Recipe,Furniture_Crystal_Drawer01,resources.assets
1765324409,Recipe,Furniture_Crystal_Lamp01,resources.assets
1058684345,Recipe,Furniture_Crystal_Mirror01,resources.assets
-1239324372,Recipe,Furniture_Crystal_Vault01,resources.assets
199318305,Recipe,Furniture_Electronic_ElectronicAutomaticChair01,resources.assets
1386596796,Recipe,Furniture_Electronic_ElectronicChair01,resources.assets
800781670,Recipe,Furniture_Electronic_ElectronicFloatingSeat01,resources.assets
-565930760,Recipe,Furniture_Electronic_ElectronicHoverboard01,resources.assets
-494342294,Recipe,Furniture_Electronic_ElectronicTableBig01,resources.assets
-1727857758,Recipe,Furniture_Electronic_ElectronicTableRound01,resources.assets
1761404533,Recipe,Furniture_Funny_FaceStool01,resources.assets
801916474,Recipe,Furniture_Funny_FeetSeat01,resources.assets
894859455,Recipe,Furniture_Funny_GlobeCubic01,resources.assets
-1230583473,Recipe,Furniture_Funny_GlobeFlat01,resources.assets
1254976655,Recipe,Furniture_Funny_GlobeNormal01,resources.assets
-1977854255,Recipe,Furniture_Funny_Ski01,resources.assets
1418746896,Recipe,Furniture_Funny_Sled01,resources.assets
-198351271,Recipe,Furniture_Golden_Beaver,resources.assets
-1883045264,Recipe,Furniture_Golden_ChessFigure,resources.assets
584632720,Recipe,Furniture_Golden_Chicken,resources.assets
289839779,Recipe,Furniture_Golden_Controller,resources.assets
1026649307,Recipe,Furniture_Golden_Duck,resources.assets
-1070923219,Recipe,Furniture_Golden_FlipOff,resources.assets
354274421,Recipe,Furniture_Golden_Hamster,resources.assets
435854075,Recipe,Furniture_Golden_Mug,resources.assets
1434890182,Recipe,Furniture_Golden_Poop,resources.assets
1666506350,Recipe,Furniture_Golden_Rubberduck,resources.assets
-1898984024,Recipe,Furniture_Golden_Stool,resources.assets
-1006930898,Recipe,Furniture_Golden_StumpAxe,resources.assets
1510152261,Recipe,Furniture_Golden_Sword,resources.assets
1222409857,Recipe,Furniture_Golden_Train,resources.assets
1556143773,Recipe,Furniture_Hamstertech_Tricycle,resources.assets
-54652227,Recipe,Furniture_Hamstertech_Ventilator01,resources.assets
1596715501,Recipe,Furniture_Log_Bench01,resources.assets
-365415572,Recipe,Furniture_Log_Bench02,resources.assets
485271263,Recipe,Furniture_Log_Stool01,resources.assets
1707949939,Recipe,Furniture_Log_Table01,resources.assets
-888726929,Recipe,Furniture_Metal_Aluhat01,resources.assets
418939510,Recipe,Furniture_Metal_CannonBall01,resources.assets
391994802,Recipe,Furniture_Metal_ChainShelf01,resources.assets
-715421226,Recipe,Furniture_Metal_ChastityUnderwear01,resources.assets
-1781114978,Recipe,Furniture_Metal_CitySpotlight01,resources.assets
391456803,Recipe,Furniture_Metal_FloorLamp01,resources.assets
-71645643,Recipe,Furniture_Metal_GolfClub01,resources.assets
1795815401,Recipe,Furniture_Metal_Pan01,resources.assets
1017691928,Recipe,Furniture_Metal_Pot01,resources.assets
-1238596678,Recipe,Furniture_Metal_StadiumSeat01,resources.assets
1922119115,Recipe,Furniture_Nerds_ChemieKit01,resources.assets
-1363181523,Recipe,Furniture_Nerds_ChemieKit02,resources.assets
1762603041,Recipe,Furniture_Nerds_Console,resources.assets
2139577931,Recipe,Furniture_Nerds_Controller,resources.assets
-556512480,Recipe,Furniture_Palm_CoconutBra01,resources.assets
-1308720361,Recipe,Furniture_Palm_DeckChair01,resources.assets
-1758196863,Recipe,Furniture_Palm_GardenChair01,resources.assets
1103027685,Recipe,Furniture_Palm_GardenTable01,resources.assets
-1002746209,Recipe,Furniture_Palm_HangingHammock01,resources.assets
-675256023,Recipe,Furniture_Palm_LifeguardBuoy01,resources.assets
-694840001,Recipe,Furniture_Palm_LifeguardChair01,resources.assets
-1837829012,Recipe,Furniture_Palm_Parasol01,resources.assets
-1798942439,Recipe,Furniture_Palm_ShipSteeringWheel01,resources.assets
-784983639,Recipe,Furniture_Palm_SurfboardShelf01,resources.assets
-1315575794,Recipe,Furniture_PostApo_Firebarrel,resources.assets
-1565861579,Recipe,Furniture_PostApo_Spikes,resources.assets
-538147758,Recipe,Furniture_Slot_Candy_CandyDispenser,resources.assets
1457737496,Recipe,Furniture_Slot_Crystal_BarChair01,resources.assets
-667625532,Recipe,Furniture_Slot_Crystal_BarTable01,resources.assets
935721667,Recipe,Furniture_Slot_Crystal_CityTable01,resources.assets
-1319780029,Recipe,Furniture_Slot_Crystal_CityTable02,resources.assets
562843950,Recipe,Furniture_Slot_Crystal_Drawer01,resources.assets
-65912063,Recipe,Furniture_Slot_Crystal_Mirror01,resources.assets
-478387347,Recipe,Furniture_Slot_Crystal_Vault01,resources.assets
-791332044,Recipe,Furniture_Slot_Duck01,resources.assets
-242673699,Recipe,Furniture_Slot_Duck02,resources.assets
499595355,Recipe,Furniture_Slot_Duck03,resources.assets
-1842016014,Recipe,Furniture_Slot_Duck04,resources.assets
740002442,Recipe,Furniture_Slot_Duck05,resources.assets
1408464158,Recipe,Furniture_Slot_Duck06,resources.assets
-1282000906,Recipe,Furniture_Slot_Duck07,resources.assets
-1820594193,Recipe,Furniture_Slot_Duck08,resources.assets
956249276,Recipe,Furniture_Slot_Duck09,resources.assets
1549275245,Recipe,Furniture_Slot_Duck10,resources.assets
-1010263043,Recipe,Furniture_Slot_Duck11,resources.assets
1552992196,Recipe,Furniture_Slot_Duck12,resources.assets
96126120,Recipe,Furniture_Slot_Duck13,resources.assets
494822253,Recipe,Furniture_Slot_Electronic_ElectronicAutomaticChair01,resources.assets
-1073809868,Recipe,Furniture_Slot_Electronic_ElectronicChair01,resources.assets
-1354410717,Recipe,Furniture_Slot_Electronic_ElectronicFloatingSeat01,resources.assets
-1359718506,Recipe,Furniture_Slot_Electronic_ElectronicTableBig01,resources.assets
-1835809092,Recipe,Furniture_Slot_Electronic_ElectronicTableRound01,resources.assets
1397308801,Recipe,Furniture_Slot_Fireplace,resources.assets
391413938,Recipe,Furniture_Slot_Funny_GlobeCubic01,resources.assets
1647695402,Recipe,Furniture_Slot_Funny_GlobeFlat01,resources.assets
-2138307190,Recipe,Furniture_Slot_Funny_GlobeNormal01,resources.assets
-1259065284,Recipe,Furniture_Slot_Golden_Beaver,resources.assets
1593873888,Recipe,Furniture_Slot_Golden_ChessFigure,resources.assets
831381955,Recipe,Furniture_Slot_Golden_Chicken,resources.assets
1850684036,Recipe,Furniture_Slot_Golden_Controller,resources.assets
1008152022,Recipe,Furniture_Slot_Golden_Duck,resources.assets
1447937690,Recipe,Furniture_Slot_Golden_FlipOff,resources.assets
-1785542608,Recipe,Furniture_Slot_Golden_Hamster,resources.assets
208033550,Recipe,Furniture_Slot_Golden_Mug,resources.assets
-1214028930,Recipe,Furniture_Slot_Golden_Poop,resources.assets
-1066288609,Recipe,Furniture_Slot_Golden_Rubberduck,resources.assets
518130014,Recipe,Furniture_Slot_Golden_Stool,resources.assets
-821299447,Recipe,Furniture_Slot_Golden_StumpAxe,resources.assets
-1891332074,Recipe,Furniture_Slot_Golden_Sword,resources.assets
-1124356879,Recipe,Furniture_Slot_Golden_Train,resources.assets
1422046697,Recipe,Furniture_Slot_Hamstertech_Tricycle 1,resources.assets
-110865175,Recipe,Furniture_Slot_Hamstertech_Ventilator01,resources.assets
-768770799,Recipe,Furniture_Slot_Log_Bench01,resources.assets
697203038,Recipe,Furniture_Slot_Log_Bench02,resources.assets
180023966,Recipe,Furniture_Slot_Log_Stool01,resources.assets
-1074706453,Recipe,Furniture_Slot_Log_Table01,resources.assets
-627960378,Recipe,Furniture_Slot_Metal_ChainShelf01,resources.assets
454763232,Recipe,Furniture_Slot_Metal_ChastityUnderwear01,resources.assets
1097534811,Recipe,Furniture_Slot_Metal_FloorLamp01,resources.assets
161386968,Recipe,Furniture_Slot_Metal_StadiumSeat01,resources.assets
-38161460,Recipe,Furniture_Slot_Nerds_ChemieKit01,resources.assets
-2000411328,Recipe,Furniture_Slot_Nerds_ChemieKit02,resources.assets
1264566504,Recipe,Furniture_Slot_Nerds_Console,resources.assets
1955779078,Recipe,Furniture_Slot_Nerds_Controller,resources.assets
1699215335,Recipe,Furniture_Slot_Palm_CoconutBra01,resources.assets
-1417787134,Recipe,Furniture_Slot_Palm_GardenChair01,resources.assets
-473505190,Recipe,Furniture_Slot_Palm_GardenTable01,resources.assets
-2046182356,Recipe,Furniture_Slot_Palm_LifeguardBuoy01,resources.assets
-1466493631,Recipe,Furniture_Slot_Palm_LifeguardChair01,resources.assets
223840185,Recipe,Furniture_Slot_Palm_SurfboardShelf01,resources.assets
-2142966219,Recipe,Furniture_Slot_Stone_StoneArmchair,resources.assets
-289911728,Recipe,Furniture_Slot_Stone_StoneBabyseat,resources.assets
1820485683,Recipe,Furniture_Slot_Stone_StoneBeanbag,resources.assets
992669763,Recipe,Furniture_Slot_Stone_StoneBike,resources.assets
-2016398173,Recipe,Furniture_Slot_Stone_StoneCar,resources.assets
-452247591,Recipe,Furniture_Slot_Stone_StoneTable,resources.assets
1612252428,Recipe,Furniture_Slot_Tech_Boombox01,resources.assets
-1015989969,Recipe,Furniture_Slot_Torture_Cage01,resources.assets
1062300762,Recipe,Furniture_Slot_Torture_Chair01,resources.assets
609950986,Recipe,Furniture_Slot_Wall_HexShelf01,resources.assets
51833377,Recipe,Furniture_Slot_Wall_HexShelf02,resources.assets
-1179099928,Recipe,Furniture_Slot_Wall_Picture01,resources.assets
1752308271,Recipe,Furniture_Slot_Wall_Picture02,resources.assets
949636043,Recipe,Furniture_Slot_Wall_Picture03,resources.assets
-2064268083,Recipe,Furniture_Slot_Xmas_Fireplace,resources.assets
1011056633,Recipe,Furniture_Slot_glas_RoundTable 1,resources.assets
-822932831,Recipe,Furniture_Slot_metal_Kettlebell01,resources.assets
-618091253,Recipe,Furniture_Slot_regular_Bookshelf01,resources.assets
230652472,Recipe,Furniture_Slot_regular_Bookshelf02,resources.assets
1378918028,Recipe,Furniture_Slot_regular_Bookshelf03,resources.assets
1243887758,Recipe,Furniture_Slot_regular_Chair01,resources.assets
-140439420,Recipe,Furniture_Slot_regular_NightStand01,resources.assets
-824356972,Recipe,Furniture_Slot_regular_RockingChair01,resources.assets
-1056075453,Recipe,Furniture_Slot_regular_Table01,resources.assets
-1738934047,Recipe,Furniture_Slot_regular_TilesTable01,resources.assets
135951178,Recipe,Furniture_Slot_regular_roundTable01,resources.assets
-772123639,Recipe,Furniture_Stone_StoneArmchair,resources.assets
341975408,Recipe,Furniture_Stone_StoneBabyseat,resources.assets
-37254976,Recipe,Furniture_Stone_StoneBeanbag,resources.assets
781024795,Recipe,Furniture_Stone_StoneBike,resources.assets
-1523831647,Recipe,Furniture_Stone_StoneCar,resources.assets
606491128,Recipe,Furniture_Stone_StoneTable,resources.assets
-1586571040,Recipe,Furniture_Tech_Boombox01,resources.assets
-1188340453,Recipe,Furniture_Tech_Lamp01,resources.assets
-856979837,Recipe,Furniture_Tech_Lamp02,resources.assets
855118335,Recipe,Furniture_Torture_Cage01,resources.assets
140907368,Recipe,Furniture_Torture_Chair01,resources.assets
1039474272,Recipe,Furniture_cabin_Door01,resources.assets
217143710,Recipe,Furniture_cabin_Window01,resources.assets
-1740579716,Recipe,Furniture_glas_RoundTable,resources.assets
591794376,Recipe,Furniture_metal_Kettlebell01,resources.assets
-417809861,Recipe,Furniture_regular_BirdHouse01,resources.assets
1262110501,Recipe,Furniture_regular_Bookshelf01,resources.assets
2101807151,Recipe,Furniture_regular_Bookshelf02,resources.assets
-1211261031,Recipe,Furniture_regular_Bookshelf03,resources.assets
-790416793,Recipe,Furniture_regular_Chair01,resources.assets
-107265355,Recipe,Furniture_regular_HexShelf01,resources.assets
-1788462294,Recipe,Furniture_regular_HexShelf02,resources.assets
1473406441,Recipe,Furniture_regular_NightStand01,resources.assets
-1337201033,Recipe,Furniture_regular_NightStandTinFoil01,resources.assets
-1868310330,Recipe,Furniture_regular_RockingChair01,resources.assets
-1858063438,Recipe,Furniture_regular_Stool01,resources.assets
2042232895,Recipe,Furniture_regular_Table01,resources.assets
-984980119,Recipe,Furniture_regular_TilesTable01,resources.assets
-2085681073,Recipe,Furniture_regular_WallShelf01,resources.assets
-1119946165,Recipe,Furniture_regular_roundTable01,resources.assets
1417427257,Recipe,Furniture_special_AssembleSirWorcestershire,resources.assets
-1455137563,Recipe,Furniture_special_AssembleWindmill,resources.assets
449384408,Recipe,Furniture_special_LavaShoes,resources.assets
-170503420,Recipe,Furniture_special_SirWorcestershireCastleBoard,resources.assets
-1954054351,Recipe,Furniture_tech_MailboxHolder,resources.assets
-1091940137,Recipe,Garden_Plant_BellPepper,resources.assets
1334841433,Recipe,Garden_Plant_Carrot,resources.assets
-2106098005,Recipe,Garden_Plant_Corn,resources.assets
141507087,Recipe,Garden_Plant_Leek,resources.assets
1294445178,Recipe,Garden_Plant_Pumpkin,resources.assets
-1312196543,Recipe,Garden_Plant_Salad,resources.assets
843830726,Recipe,Garden_Plant_Tomato,resources.assets
936207875,Recipe,GenovatechLab_AutoHarvester01,resources.assets
-1507191513,Recipe,GenovatechLab_AutoHarvester02,resources.assets
-1942033229,Recipe,GenovatechLab_AutoHarvester03,resources.assets
1821947840,Recipe,GenovatechUpgrade_Apple01,resources.assets
1142244868,Recipe,GenovatechUpgrade_Birch01,resources.assets
-1842896843,Recipe,GenovatechUpgrade_Crystal01,resources.assets
1259787119,Recipe,GenovatechUpgrade_Electro01,resources.assets
-1661362065,Recipe,GenovatechUpgrade_Metal01,resources.assets
-505156532,Recipe,GenovatechUpgrade_Palm01,resources.assets
-1063599777,Recipe,GenovatechUpgrade_Stone01,resources.assets
962986244,Recipe,GenovatechUpgrade_Walnut01,resources.assets
1644609759,Recipe,GiveCutMushrooms,resources.assets
1772605968,Recipe,GrindstoneElectro,resources.assets
-2069026762,Recipe,GrindstoneMetal,resources.assets
1808745677,Recipe,GrindstoneStone,resources.assets
-1653542778,Recipe,GrindstoneWood,resources.assets
656813825,Recipe,Hamster,resources.assets
1564691587,Recipe,HamsterCage,resources.assets
-1602419420,Recipe,HamsterFence,resources.assets
-251315955,Recipe,HamsterHouse,resources.assets
-1430138603,Recipe,HamsterPicklesChoco,resources.assets
-1438345252,Recipe,HamsterPicklesChocoX5,resources.assets
972827470,Recipe,HamsterPillows,resources.assets
964823515,Recipe,HamsterTakePickles,resources.assets
-899636991,Recipe,HamsterTakePicklesAmount3,resources.assets
-201599686,Recipe,HamsterTakePicklesAmount5,resources.assets
1826275271,Recipe,HamsterTakePicklesamount1,resources.assets
-668757086,Recipe,HamsterTakePillows,resources.assets
-515407312,Recipe,HouseFoundation,resources.assets
-604444594,Recipe,HouseFramework,resources.assets
-685786299,Recipe,HousePlanks,resources.assets
581422455,Recipe,HouseRailings,resources.assets
-711089561,Recipe,HouseRoof,resources.assets
1596570233,Recipe,HouseSideTent,resources.assets
-1459541196,Recipe,HouseSign,resources.assets
-1605537569,Recipe,HouseStairs,resources.assets
-118179573,Recipe,HouseUpgradeWorcestershire_CookingStation,resources.assets
1965773238,Recipe,HouseUpgradeWorcestershire_Garden,resources.assets
-1013049238,Recipe,HouseUpgradeWorcestershire_Treadmill,resources.assets
463588379,Recipe,HouseUpgradeWorcestershire_WeightBench,resources.assets
1786114,Recipe,HouseUpgradeWorcestershire_WorkhallAutoButtonCanon,resources.assets
-137914187,Recipe,HouseUpgradeWorcestershire_WorkhallAutoButtonFurnaceAndPress,resources.assets
1244350512,Recipe,HouseUpgradeWorcestershire_WorkhallAutoButtonFurnitureCrafter,resources.assets
1362364391,Recipe,HouseUpgradeWorcestershire_WorkhallAutoButtonHarvester,resources.assets
-26514932,Recipe,HouseUpgradeWorcestershire_WorkhallAutoButtonSawMachine,resources.assets
-1373705923,Recipe,HouseUpgradeWorcestershire_WorkhallAutomaticElectroPress,resources.assets
258691492,Recipe,HouseUpgradeWorcestershire_WorkhallAutomaticFurnace,resources.assets
1278940453,Recipe,HouseUpgradeWorcestershire_WorkhallBeams,resources.assets
68028244,Recipe,HouseUpgradeWorcestershire_WorkhallButtonCanon,resources.assets
1199804923,Recipe,HouseUpgradeWorcestershire_WorkhallButtonContainerFurnaceAndPress,resources.assets
-1303659117,Recipe,HouseUpgradeWorcestershire_WorkhallButtonContainerFurnitureCrafter,resources.assets
-1699632411,Recipe,HouseUpgradeWorcestershire_WorkhallButtonContainerSawMachine,resources.assets
-2061792785,Recipe,HouseUpgradeWorcestershire_WorkhallCanonBase,resources.assets
-293605507,Recipe,HouseUpgradeWorcestershire_WorkhallCanonFoundation,resources.assets
-236017175,Recipe,HouseUpgradeWorcestershire_WorkhallCanonUpgrade,resources.assets
-1682531328,Recipe,HouseUpgradeWorcestershire_WorkhallFoundation01,resources.assets
-606439010,Recipe,HouseUpgradeWorcestershire_WorkhallFoundation02,resources.assets
679189263,Recipe,HouseUpgradeWorcestershire_WorkhallFoundation03,resources.assets
1491793471,Recipe,HouseUpgradeWorcestershire_WorkhallFurnaceAndPressContainer,resources.assets
-715332912,Recipe,HouseUpgradeWorcestershire_WorkhallFurnitureCrafter,resources.assets
175907117,Recipe,HouseUpgradeWorcestershire_WorkhallFurnitureCrafterContainer,resources.assets
564421110,Recipe,HouseUpgradeWorcestershire_WorkhallPipingIntake,resources.assets
1587295092,Recipe,HouseUpgradeWorcestershire_WorkhallRailings,resources.assets
201942338,Recipe,HouseUpgradeWorcestershire_WorkhallSawMachine,resources.assets
221478266,Recipe,HouseUpgradeWorcestershire_WorkhallSawMachineContainer,resources.assets
-1041970453,Recipe,HouseWalls,resources.assets
901693555,Recipe,HouseWindowsAndDoors,resources.assets
706678929,Recipe,LabDoorBattery,resources.assets
1849722490,Recipe,Lewis,resources.assets
-1577209394,Recipe,Mailbox,resources.assets
1865310137,Recipe,MountainElevator,resources.assets
1121231226,Recipe,NOT_USED_Furniture_tech_PC01,resources.assets
-417883811,Recipe,PCWorld,resources.assets
929617666,Recipe,PenguinRockingChair,resources.assets
-1822271932,Recipe,PenguinRockingChairTape,resources.assets
-1115336345,Recipe,PlanksJumpPuzzle,resources.assets
-552179452,Recipe,PlayerStat_Treadmill_MoveSpeed,resources.assets
-1309203773,Recipe,PlayerStat_Treadmill_MoveSpeed2,resources.assets
774758504,Recipe,PlayerStat_Treadmill_MoveSpeed3,resources.assets
-1399244629,Recipe,PlayerStat_Treadmill_Stamina,resources.assets
-706059649,Recipe,PlayerStat_Treadmill_Stamina2,resources.assets
420804475,Recipe,PlayerStat_Treadmill_Stamina3,resources.assets
-1669531857,Recipe,PlayerStat_WeightBench_Strength,resources.assets
-470150168,Recipe,PlayerStat_WeightBench_Strength2,resources.assets
-152980276,Recipe,PlayerStat_WeightBench_Strength3,resources.assets
2049440279,Recipe,Ramp,resources.assets
1614717623,Recipe,Refined_AppleWood_FullTrunk,resources.assets
-702236808,Recipe,Refined_AppleWood_HalfTrunk,resources.assets
-1660654611,Recipe,Refined_BirchBeam01,resources.assets
441537365,Recipe,Refined_BirchPlank01,resources.assets
-1633618650,Recipe,Refined_BirchWood_FullTrunk,resources.assets
-1762386716,Recipe,Refined_BirchWood_HalfTrunk,resources.assets
-146182431,Recipe,Refined_CrystalWood_HalfTrunk,resources.assets
-1989283036,Recipe,Refined_ElectroPress_Battery,resources.assets
-445808812,Recipe,Refined_ElectroPress_Chip,resources.assets
469432795,Recipe,Refined_ElectroPress_Lightbulb,resources.assets
-578831105,Recipe,Refined_ElectroWood_FullTrunk,resources.assets
20112423,Recipe,Refined_ElectroWood_HalfTrunk,resources.assets
1502354626,Recipe,Refined_FirewoodApple,resources.assets
-933966371,Recipe,Refined_FirewoodBirch,resources.assets
-1784235748,Recipe,Refined_FirewoodMetal,resources.assets
-245102674,Recipe,Refined_FirewoodWalnut,resources.assets
1898973371,Recipe,Refined_Furnace_CogWheel,resources.assets
1156328643,Recipe,Refined_Furnace_Glas,resources.assets
-1199141576,Recipe,Refined_Furnace_MetalIngot,resources.assets
-2047275757,Recipe,Refined_Furnace_Nails,resources.assets
-474126392,Recipe,Refined_Furnace_Screws,resources.assets
1457488710,Recipe,Refined_Furnace_Steelhelmet,resources.assets
1656806258,Recipe,Refined_GoldenWood_HalfTrunk,resources.assets
1735716564,Recipe,Refined_MetalWood_FullTrunk,resources.assets
-1942582799,Recipe,Refined_MetalWood_HalfTrunk,resources.assets
-1204579701,Recipe,Refined_PalmWood_FullTrunk,resources.assets
1067514264,Recipe,Refined_PalmWood_HalfTrunk,resources.assets
155656336,Recipe,Refined_SmallBirchParts01,resources.assets
49902974,Recipe,Refined_SmallBirchParts01Rework,resources.assets
-693501554,Recipe,Refined_SmallWalnutParts01,resources.assets
637374237,Recipe,Refined_StoneWood_FullTrunk,resources.assets
1637296357,Recipe,Refined_StoneWood_HalfTrunk,resources.assets
-1810150674,Recipe,Refined_WalnutBeam01,resources.assets
926188438,Recipe,Refined_WalnutPlank01,resources.assets
-1939502423,Recipe,Refined_WalnutWood_FullTrunk,resources.assets
1232205063,Recipe,Refined_WalnutWood_HalfTrunk,resources.assets
-597418972,Recipe,SatelliteTable,resources.assets
925421105,Recipe,Sawhorse,resources.assets
-2144122888,Recipe,SlotMachine,resources.assets
274696338,Recipe,TechBridgeBatteryCase01,resources.assets
-914821371,Recipe,TechBridgeBatteryCase02,resources.assets
-642570534,Recipe,Tech_Mailbox,resources.assets
-1569533536,Recipe,Tech_PC,resources.assets
717570405,Recipe,TeleporterArea2,resources.assets
-1342639431,Recipe,TeleporterArea4,resources.assets
540274368,Recipe,TeleporterArea5,resources.assets
721320587,Recipe,TeleporterBeach,resources.assets
-1297599326,Recipe,TeleporterCave,resources.assets
1293453615,Recipe,ToiletHouse,resources.assets
1796979344,Recipe,Tools_Axe_Crystal,resources.assets
-558114936,Recipe,Tools_Axe_Crystal_Tier2,resources.assets
1912914148,Recipe,Tools_Axe_Crystal_Tier3,resources.assets
-1198562540,Recipe,Tools_Axe_Crystal_Tier4,resources.assets
1618201540,Recipe,Tools_Axe_Lucille,resources.assets
602082464,Recipe,Tools_Axe_Metal,resources.assets
56873927,Recipe,Tools_Axe_Metal_Tier2,resources.assets
-1591867772,Recipe,Tools_Axe_Metal_Tier3,resources.assets
1768569870,Recipe,Tools_Axe_Metal_Tier4,resources.assets
749664716,Recipe,Tools_Axe_Stone,resources.assets
-1182325368,Recipe,Tools_Axe_Stone_Tier2,resources.assets
761133229,Recipe,Tools_Axe_Stone_Tier3,resources.assets
-5621051,Recipe,Tools_Axe_Stone_Tier4,resources.assets
217601153,Recipe,Tools_Axe_Wood,resources.assets
2071169123,Recipe,Tools_Axe_Wood_Tier2,resources.assets
-1565764970,Recipe,Tools_Axe_Wood_Tier3,resources.assets
1468506931,Recipe,Tools_Axe_Wood_Tier4,resources.assets
-770726219,Recipe,Toys_Horse01,resources.assets
108305306,Recipe,Toys_Plane01,resources.assets
1419971884,Recipe,Toys_Sword01,resources.assets
1195766917,Recipe,Toys_Train01,resources.assets
695441180,Recipe,Treadmill,resources.assets
-1872607929,Recipe,TurtleUpgrade01,resources.assets
-562479346,Recipe,TurtleUpgrade03,resources.assets
-161111343,Recipe,Turtle_UpgradeDrone,resources.assets
437337773,Recipe,Turtle_UpgradeReinforcedShell,resources.assets
-2109749395,Recipe,Turtle_UpgradeTNT,resources.assets
-246062464,Recipe,VoidGate,resources.assets
-2043229904,Recipe,WeightBench,resources.assets
1562405,Recipe,Weights_Barbell01,resources.assets
-1251650199,Recipe,Weights_Bench01,resources.assets
1947291639,Recipe,Weights_Dumbbells01,resources.assets
-1508549824,Recipe,WindmillWing01,resources.assets
1464832067,Recipe,WindmillWing02,resources.assets
1137357198,Recipe,WindmillWing03,resources.assets
805567415,Recipe,WindmillWing04,resources.assets
1372525903,Recipe,WoodElevator,resources.assets
-1057314121,Recipe,WorcestershireBoard,resources.assets
-1365921847,Recipe,WorcestershireInHouse,resources.assets
1009617291,Recipe,WorcestershireStraw,resources.assets
1235460259,Recipe,WorkhallAutoButtonCanon,resources.assets
-1545290377,Recipe,WorkhallAutoButtonFurnaceAndPress,resources.assets
982761685,Recipe,WorkhallAutoButtonFurnitureCrafter,resources.assets
1532144600,Recipe,WorkhallAutoButtonHarvester,resources.assets
-1955190138,Recipe,WorkhallAutoButtonSawMachine,resources.assets
-2116180308,Recipe,WorkhallAutoFurnace,resources.assets
-1458006609,Recipe,WorkhallBeams,resources.assets
1337238225,Recipe,WorkhallButtonContainerFurnitureCrafter,resources.assets
111351372,Recipe,WorkhallButtonContainerSawMachine,resources.assets
-1839235814,Recipe,WorkhallButtonMoveToInvHarvester,resources.assets
-1971620285,Recipe,WorkhallCanonBase,resources.assets
1304955284,Recipe,WorkhallCanonFoundation,resources.assets
1594467288,Recipe,WorkhallCanonUpgraded,resources.assets
-1711841095,Recipe,WorkhallDetails,resources.assets
-141204305,Recipe,WorkhallFoundation01,resources.assets
-430251526,Recipe,WorkhallFoundation02,resources.assets
1884706254,Recipe,WorkhallFoundation03,resources.assets
-1215249867,Recipe,WorkhallFurnaceAndPressContainer,resources.assets
-1934251883,Recipe,WorkhallFurnitureCrafter,resources.assets
-1165605581,Recipe,WorkhallFurnitureCrafterContainer,resources.assets
-811905735,Recipe,WorkhallGarden,resources.assets
-425333040,Recipe,WorkhallPipingIntake,resources.assets
-1428460263,Recipe,WorkhallRailings01,resources.assets
-382777562,Recipe,WorkhallRoof,resources.assets
1795034364,Recipe,WorkhallRoofBeams,resources.assets
-1721948186,Recipe,WorkhallRoofBeams,resources.assets
1450220810,Recipe,WorkhallSawMachine,resources.assets
1387846263,Recipe,WorkhallSawMachineContainer,resources.assets
434216265,Recipe,WorkhallSawMachineContainer 1,resources.assets
-22558800,Recipe,WorkhallWalls,resources.assets
-791662878,Recipe,Worm_FoodForBait01,resources.assets
303708066,Recipe,Worm_FoodForBait02,resources.assets
-1873365851,Recipe,Worm_FoodForBait03,resources.assets
-293305808,Recipe,Worm_FoodForBait04,resources.assets
-1662700607,Recipe,billboard01,resources.assets
745983211,Recipe,billboard02,resources.assets
1529191267,Recipe,billboard03,resources.assets
1896798572,Recipe,billboard04,resources.assets
-602237634,RecipeContainer,AutoHarvester01,resources.assets
-695210013,RecipeContainer,AutoHarvester02,resources.assets
-476015990,RecipeContainer,AutoHarvester03,resources.assets
649960542,RecipeContainer,BeaverHatchContainer,resources.assets
-614178923,RecipeContainer,BlueprintTableRecipes,resources.assets
-878279518,RecipeContainer,BoberCarvingCrafterRecipes,resources.assets
548085806,RecipeContainer,BoberCarvingWorkbench,resources.assets
1523475587,RecipeContainer,BobersMissionBoardRecipes,resources.assets
-259957200,RecipeContainer,BobersWorkbenchInCave,resources.assets
-1627777207,RecipeContainer,BuildAutoHarvester01,resources.assets
48938542,RecipeContainer,BuildAutoHarvester02,resources.assets
-1142035564,RecipeContainer,BuildAutoHarvester03,resources.assets
-1034316249,RecipeContainer,BuildAutomaticElectroPress,resources.assets
1276073946,RecipeContainer,BuildBatteryCaseTechBridge01,resources.assets
-984580779,RecipeContainer,BuildBatteryCaseTechBridge02,resources.assets
-1631969862,RecipeContainer,BuildBeehouse,resources.assets
-859329795,RecipeContainer,BuildBlueprintTable,resources.assets
659334766,RecipeContainer,BuildCampingChair01,resources.assets
-478945049,RecipeContainer,BuildCityCrafter,resources.assets
1526160997,RecipeContainer,BuildCookingStation01,resources.assets
-827151361,RecipeContainer,BuildDrawer,resources.assets
958276543,RecipeContainer,BuildElectroPress,resources.assets
48700580,RecipeContainer,BuildFence,resources.assets
2070186082,RecipeContainer,BuildFurnace01,resources.assets
-1072655452,RecipeContainer,BuildFurnitureCrafter,resources.assets
-638182937,RecipeContainer,BuildGrindStoneElectro,resources.assets
-418166005,RecipeContainer,BuildGrindStoneMetal,resources.assets
-720192580,RecipeContainer,BuildGrindStoneStone,resources.assets
326796717,RecipeContainer,BuildGrindStoneWood,resources.assets
-804607295,RecipeContainer,BuildHamsterCage,resources.assets
-2090470723,RecipeContainer,BuildHouseFoundation,resources.assets
845951217,RecipeContainer,BuildHouseFramework,resources.assets
-883110872,RecipeContainer,BuildHousePlanks,resources.assets
729256956,RecipeContainer,BuildHouseRailings,resources.assets
1160766069,RecipeContainer,BuildHouseRoof,resources.assets
-173308390,RecipeContainer,BuildHouseSideTent,resources.assets
2039187280,RecipeContainer,BuildHouseSign,resources.assets
1426534216,RecipeContainer,BuildHouseStairs,resources.assets
912470505,RecipeContainer,BuildHouseWalls,resources.assets
1315698943,RecipeContainer,BuildHouseWindowsAndDoors,resources.assets
-736858953,RecipeContainer,BuildMailbox,resources.assets
-128281078,RecipeContainer,BuildMountainElevator,resources.assets
1909881367,RecipeContainer,BuildPC,resources.assets
-570478645,RecipeContainer,BuildPenguinRockingChair,resources.assets
1598429251,RecipeContainer,BuildPenguinRockingChairTape,resources.assets
-769943491,RecipeContainer,BuildPlanksJumpPuzzle,resources.assets
-1844533587,RecipeContainer,BuildRamp,resources.assets
-198329008,RecipeContainer,BuildSatelliteTable,resources.assets
-2016807083,RecipeContainer,BuildSawhorse,resources.assets
-1751693333,RecipeContainer,BuildTeleporterArea2,resources.assets
1230571196,RecipeContainer,BuildTeleporterArea4,resources.assets
711075787,RecipeContainer,BuildTeleporterArea5,resources.assets
-285194491,RecipeContainer,BuildTeleporterBeach,resources.assets
764185309,RecipeContainer,BuildTeleporterCave,resources.assets
2088460631,RecipeContainer,BuildTreadmill,resources.assets
-1505047679,RecipeContainer,BuildWeightBench,resources.assets
-860072325,RecipeContainer,BuildWoodElevator,resources.assets
430822624,RecipeContainer,BuildWorcestershireInHouse,resources.assets
46360667,RecipeContainer,BuildWorkhallAutoButtonCanon,resources.assets
-2054058588,RecipeContainer,BuildWorkhallAutoButtonFurnaceAndPress,resources.assets
-387903210,RecipeContainer,BuildWorkhallAutoButtonFurnitureCrafter,resources.assets
-1841854239,RecipeContainer,BuildWorkhallAutoButtonHarvester,resources.assets
-1490313230,RecipeContainer,BuildWorkhallAutoButtonSawMachine,resources.assets
-1314859815,RecipeContainer,BuildWorkhallAutoFurnace,resources.assets
-76581888,RecipeContainer,BuildWorkhallBeams,resources.assets
-15568953,RecipeContainer,BuildWorkhallButtonContainerFurnitureCrafter,resources.assets
-1498753770,RecipeContainer,BuildWorkhallButtonContainerSawmachine,resources.assets
-964820498,RecipeContainer,BuildWorkhallButtonMoveToInvHarvester,resources.assets
-758757757,RecipeContainer,BuildWorkhallCanonBase,resources.assets
-187167465,RecipeContainer,BuildWorkhallCanonFoundation,resources.assets
552165275,RecipeContainer,BuildWorkhallCanonUpgraded,resources.assets
-1643655536,RecipeContainer,BuildWorkhallDetails,resources.assets
955949859,RecipeContainer,BuildWorkhallFoundation01,resources.assets
-1561295842,RecipeContainer,BuildWorkhallFoundation02,resources.assets
186820576,RecipeContainer,BuildWorkhallFoundation03,resources.assets
336404813,RecipeContainer,BuildWorkhallFurnaceAndPressContainer,resources.assets
1959696295,RecipeContainer,BuildWorkhallFurnitureCrafter,resources.assets
-690693090,RecipeContainer,BuildWorkhallFurnitureCrafterContainer,resources.assets
-26865784,RecipeContainer,BuildWorkhallGarden,resources.assets
2119731602,RecipeContainer,BuildWorkhallPipingIntake,resources.assets
42904887,RecipeContainer,BuildWorkhallRailings01,resources.assets
-284068383,RecipeContainer,BuildWorkhallRoof,resources.assets
-1576643501,RecipeContainer,BuildWorkhallRoofBeams,resources.assets
-692820931,RecipeContainer,BuildWorkhallSawMachine,resources.assets
1374333742,RecipeContainer,BuildWorkhallSawMachineContainer,resources.assets
-1107929742,RecipeContainer,BuildWorkhallWalls,resources.assets
-290325797,RecipeContainer,CampfireCrafterRecipes,resources.assets
-875488969,RecipeContainer,CampfireRecipes,resources.assets
-347723601,RecipeContainer,ChesterPictureCrafterRecipes,resources.assets
-214300675,RecipeContainer,ChopChopLogRecipes,resources.assets
-1963852325,RecipeContainer,CityCrafterRecipes,resources.assets
-507026489,RecipeContainer,CookingStationRecipes,resources.assets
-427544605,RecipeContainer,CrabEquipment_RecipeContainer,resources.assets
2061858945,RecipeContainer,DuckSauceRecipe,resources.assets
1136895455,RecipeContainer,DucksGiveCutMushroomsRecipeContainer,resources.assets
853319410,RecipeContainer,DucksMushroomsCutRecipes,resources.assets
1968834763,RecipeContainer,ElectroPressRecipes,resources.assets
1938780916,RecipeContainer,FishCrafterRecipes,resources.assets
851497702,RecipeContainer,FishingRod01Recipes,resources.assets
-1569517387,RecipeContainer,FishingRod02Recipes,resources.assets
1323703009,RecipeContainer,FishingRod03Recipes,resources.assets
-677919337,RecipeContainer,FishingRod04Recipes,resources.assets
-241591389,RecipeContainer,FitnessTestBoardRecipes,resources.assets
-2012440931,RecipeContainer,FurnaceRecipes,resources.assets
1352864759,RecipeContainer,FurnitureCrafterRecipes,resources.assets
419118521,RecipeContainer,FurnitureCrafterSimpleRecipes,resources.assets
29388900,RecipeContainer,Garden_PlantCrafter,resources.assets
350478332,RecipeContainer,GenovatechLabRecipes,resources.assets
825760962,RecipeContainer,GiveToiletPaper,resources.assets
211586516,RecipeContainer,GrindStone,resources.assets
-1836855799,RecipeContainer,GrindStoneRecipesElectro,resources.assets
-950047629,RecipeContainer,GrindStoneRecipesMetal,resources.assets
-1840940701,RecipeContainer,GrindStoneRecipesStone,resources.assets
1240701549,RecipeContainer,GrindStoneRecipesWood,resources.assets
-1664058842,RecipeContainer,HamsterTakePickles,resources.assets
23663164,RecipeContainer,HamsterTakePillow,resources.assets
1240709862,RecipeContainer,HouseFurnitureSlotBigAndLow,resources.assets
1312595321,RecipeContainer,HouseFurnitureSlotFireplace,resources.assets
582120116,RecipeContainer,HouseFurnitureSlotFluffMicro,resources.assets
-1635123308,RecipeContainer,HouseFurnitureSlotSmallAndHigh,resources.assets
-1676348104,RecipeContainer,HouseFurnitureSlotSmallAndLow,resources.assets
286547732,RecipeContainer,HouseFurnitureSlotWallHanging,resources.assets
-1379415307,RecipeContainer,HouseFurnitureSlotWideAndLow,resources.assets
-648903460,RecipeContainer,LewisRecipeContainer,resources.assets
533936603,RecipeContainer,PickleMixIntake,resources.assets
442582886,RecipeContainer,RepairBridge,resources.assets
1763178400,RecipeContainer,RepairCaveBridgeLever,resources.assets
-928760987,RecipeContainer,RepairDronePlatform,resources.assets
-1122148916,RecipeContainer,RepairDungeonChains,resources.assets
-1979808775,RecipeContainer,RepairLabDoor,resources.assets
1973086766,RecipeContainer,RepairSlotMachine,resources.assets
1486139548,RecipeContainer,RepairWindmill,resources.assets
503126779,RecipeContainer,SawhorseRecipes,resources.assets
-1822226863,RecipeContainer,SawhorseRecipesRework,resources.assets
784719733,RecipeContainer,TradeHamster,resources.assets
-2126747860,RecipeContainer,TreadmillRecipes,resources.assets
103423793,RecipeContainer,TreeLabRecipe_Apple,resources.assets
-1339487941,RecipeContainer,TreeLabRecipe_Birch,resources.assets
-254403921,RecipeContainer,TreeLabRecipe_Crystal,resources.assets
-2091935361,RecipeContainer,TreeLabRecipe_Electro,resources.assets
-526230311,RecipeContainer,TreeLabRecipe_Metal,resources.assets
1203913805,RecipeContainer,TreeLabRecipe_Palm,resources.assets
1620503429,RecipeContainer,TreeLabRecipe_Stone,resources.assets
-1341452669,RecipeContainer,TreeLabRecipe_Walnut,resources.assets
963182065,RecipeContainer,Turtle_Recipe_ContainerDrone,resources.assets
-1717102740,RecipeContainer,Turtle_Recipe_ContainerReinforcedShell,resources.assets
-767357555,RecipeContainer,Turtle_Recipe_ContainerTNT,resources.assets
12282041,RecipeContainer,VoidGateRecipe01,resources.assets
-1079720314,RecipeContainer,WeightBenchRecipes,resources.assets
16375840,RecipeContainer,WindmillCrafterRecipes,resources.assets
1477245190,RecipeContainer,WorcestershireAddBoard,resources.assets
271546006,RecipeContainer,WorcestershireAddStraw,resources.assets
-444834621,RecipeContainer,WorcestershireResearchTableRecipes,resources.assets
-1693741534,RecipeContainer,WormCrafter01,resources.assets
-2143850168,RecipeContainer,billboardRecipe01,resources.assets
-30499351,RecipeContainer,billboardRecipe02,resources.assets
-259265254,RecipeContainer,billboardRecipe03,resources.assets
-641045798,RecipeContainer,billboardRecipe04,resources.assets
-2038559048,ShopCatalogue,Catalogue_Food,resources.assets
-720468716,ShopCatalogue,Catalogue_Misc,resources.assets
11,TMP_StyleSheet,Default Style Sheet,resources.assets
310143475,TargetAudience,TargetAudience_AdultsClub,resources.assets
1406260674,TargetAudience,TargetAudience_CityAdministration,resources.assets
-1122414628,TargetAudience,TargetAudience_FitnessFreaks,resources.assets
-599433676,TargetAudience,TargetAudience_Industry,resources.assets
-1568729719,TargetAudience,TargetAudience_MainGoalOnly_DestroyFurnox,resources.assets
868860596,TargetAudience,TargetAudience_MainGoalOnly_WoodenHorses,resources.assets
909842168,TargetAudience,TargetAudience_Moneybags,resources.assets
1725432289,TargetAudience,TargetAudience_Nerds,resources.assets
1107869253,TargetAudience,TargetAudience_Rascals,resources.assets
289014270,TargetAudience,TargetAudience_Survivalists,resources.assets
13,UniversalRenderPipelineAsset,Universal Render Pipeline Asset,globalgamemanagers.assets
21,VolumeProfile,DefaultVolumeProfile,globalgamemanagers.assets
7,VolumeProfile,PP_Buff,resources.assets
6,VolumeProfile,PP_DeBuff,resources.assets
10,VolumeProfile,PP_Dungeon,sharedassets2.assets
8,VolumeProfile,PP_House,resources.assets
9,VolumeProfile,PP_IonBeam,resources.assets
2100982440,WorldObject,Cheat_AllStats,resources.assets
-499153065,WorldObject,Grindstone_Wood,resources.assets
-1590218598,WorldObject,HiddenMission_HamsterCave_01_BuildingHamsterFence01,resources.assets
17538087,WorldObject,HiddenMission_HamsterCave_01_BuildingHamsterFence02,resources.assets
442901550,WorldObject,HiddenMission_HamsterCave_01_BuildingHamsterFence03,resources.assets
-976797530,WorldObject,HiddenMission_HamsterCave_01_BuildingHamsterFence04,resources.assets
698900534,WorldObject,HiddenMission_HamsterCave_01_BuildingHamsterFence05,resources.assets
509805387,WorldObject,HiddenMission_HamsterCave_01_BuildingHamsterFence06,resources.assets
1835244523,WorldObject,HiddenMission_HamsterCave_01_BuildingHamsterFence07,resources.assets
1570385117,WorldObject,HiddenMission_HamsterCave_01_BuildingHamsterFence08,resources.assets
693679658,WorldObject,HiddenMission_HamsterCave_01_BuildingHamsterFence09,resources.assets
-1970559493,WorldObject,HiddenMission_HamsterCave_01_BuildingHamsterFence10,resources.assets
-728802281,WorldObject,HiddenMission_HamsterCave_01_BuildingHamsterhouse01,resources.assets
1052248222,WorldObject,HiddenMission_HomeSweetHome_15_BuildingFoundation,resources.assets
-203874667,WorldObject,HiddenMission_HomeSweetHome_16_BuildingStairs01,resources.assets
-1800451219,WorldObject,HiddenMission_HomeSweetHome_16_BuildingStairs02,resources.assets
1819803186,WorldObject,HiddenMission_HomeSweetHome_16_CheckIfStairsBuilt,resources.assets
-1027150885,WorldObject,HiddenMission_HomeSweetHome_17_BuildingPlanks01,resources.assets
-489744927,WorldObject,HiddenMission_HomeSweetHome_17_BuildingPlanks02,resources.assets
1065103469,WorldObject,HiddenMission_HomeSweetHome_17_BuildingPlanks03,resources.assets
-1119488553,WorldObject,HiddenMission_HomeSweetHome_17_BuildingPlanks04,resources.assets
-451373427,WorldObject,HiddenMission_HomeSweetHome_17_BuildingPlanks05,resources.assets
-510027542,WorldObject,HiddenMission_HomeSweetHome_17_BuildingPlanks06,resources.assets
589361311,WorldObject,HiddenMission_HomeSweetHome_17_BuildingPlanks07,resources.assets
-45871726,WorldObject,HiddenMission_HomeSweetHome_17_BuildingPlanks08,resources.assets
-210184469,WorldObject,HiddenMission_HomeSweetHome_17_BuildingPlanks09,resources.assets
909264900,WorldObject,HiddenMission_HomeSweetHome_17_BuildingPlanks10,resources.assets
-1634354541,WorldObject,HiddenMission_HomeSweetHome_17_BuildingPlanks11,resources.assets
-1994937152,WorldObject,HiddenMission_HomeSweetHome_17_BuildingPlanks12,resources.assets
213903118,WorldObject,HiddenMission_HomeSweetHome_17_CheckIfPlanksBuilt,resources.assets
-1585532111,WorldObject,HiddenMission_HomeSweetHome_18_BuildingFramework,resources.assets
-1798974797,WorldObject,HiddenMission_HomeSweetHome_18_CheckIfFrameworkBuilt,resources.assets
1515132381,WorldObject,HiddenMission_HomeSweetHome_19_BuildingWall01,resources.assets
-375106457,WorldObject,HiddenMission_HomeSweetHome_19_BuildingWall02,resources.assets
-1762184942,WorldObject,HiddenMission_HomeSweetHome_19_BuildingWall03,resources.assets
-2009673107,WorldObject,HiddenMission_HomeSweetHome_19_BuildingWall04,resources.assets
1990367724,WorldObject,HiddenMission_HomeSweetHome_19_BuildingWall05,resources.assets
-1878574947,WorldObject,HiddenMission_HomeSweetHome_19_BuildingWall06,resources.assets
-1629729938,WorldObject,HiddenMission_HomeSweetHome_19_BuildingWall07,resources.assets
1421635010,WorldObject,HiddenMission_HomeSweetHome_19_BuildingWall08,resources.assets
-548906275,WorldObject,HiddenMission_HomeSweetHome_19_BuildingWall09,resources.assets
-1355407041,WorldObject,HiddenMission_HomeSweetHome_19_BuildingWall10,resources.assets
191747116,WorldObject,HiddenMission_HomeSweetHome_19_CheckIfWallsBuilt,resources.assets
-1639069329,WorldObject,HiddenMission_HomeSweetHome_20_BuildingRoof01,resources.assets
1574344896,WorldObject,HiddenMission_HomeSweetHome_20_BuildingRoof02,resources.assets
-24166093,WorldObject,HiddenMission_HomeSweetHome_20_BuildingRoof03,resources.assets
-1928621681,WorldObject,HiddenMission_HomeSweetHome_20_BuildingRoof04,resources.assets
-892271140,WorldObject,HiddenMission_HomeSweetHome_20_BuildingRoof05,resources.assets
-205481991,WorldObject,HiddenMission_HomeSweetHome_20_BuildingRoof06,resources.assets
-608089348,WorldObject,HiddenMission_HomeSweetHome_20_BuildingRoof07,resources.assets
-1924852227,WorldObject,HiddenMission_HomeSweetHome_20_BuildingRoof08,resources.assets
-1946064537,WorldObject,HiddenMission_HomeSweetHome_20_BuildingRoof09,resources.assets
615719147,WorldObject,HiddenMission_HomeSweetHome_20_CheckIfRoofBuilt,resources.assets
-526786207,WorldObject,HiddenMission_HomeSweetHome_21_BuildingRailings01,resources.assets
1573371824,WorldObject,HiddenMission_HomeSweetHome_21_BuildingRailings02,resources.assets
-1671750374,WorldObject,HiddenMission_HomeSweetHome_21_BuildingRailings03,resources.assets
-1822664825,WorldObject,HiddenMission_HomeSweetHome_21_BuildingRailings04,resources.assets
1413358371,WorldObject,HiddenMission_HomeSweetHome_21_BuildingRailings05,resources.assets
-506422849,WorldObject,HiddenMission_HomeSweetHome_21_BuildingRailings06,resources.assets
217161532,WorldObject,HiddenMission_HomeSweetHome_21_BuildingRailings07,resources.assets
39788750,WorldObject,HiddenMission_HomeSweetHome_21_BuildingRailings08,resources.assets
163046489,WorldObject,HiddenMission_HomeSweetHome_21_BuildingRailings09,resources.assets
1319908726,WorldObject,HiddenMission_HomeSweetHome_21_BuildingRailings10,resources.assets
331394670,WorldObject,HiddenMission_HomeSweetHome_21_BuildingRailings11,resources.assets
-745993348,WorldObject,HiddenMission_HomeSweetHome_21_BuildingRailings12,resources.assets
-913420890,WorldObject,HiddenMission_HomeSweetHome_21_CheckIfRailingsBuilt,resources.assets
-331246336,WorldObject,HiddenMission_HomeSweetHome_22_BuildingSideTent,resources.assets
-1093364381,WorldObject,HiddenMission_HomeSweetHome_22_CheckIfSideTentBuilt,resources.assets
711078788,WorldObject,HiddenMission_HomeSweetHome_23_BuildingSign,resources.assets
-2137008852,WorldObject,HiddenMission_HomeSweetHome_23_CheckIfSignBuilt,resources.assets
-364195565,WorldObject,HiddenMission_HomeSweetHome_24_CheckIfWindowsAndDoorsBuilt,resources.assets
-1192270271,WorldObject,HiddenMission_HomeSweetHome_24a_HomeSweetHomeUIANDAchievement,resources.assets
-563388240,WorldObject,HiddenMission_HomeSweetHome_24a_SpawnCookinStationWeigthbenchTredmillSlots,resources.assets
-235303247,WorldObject,HiddenMission_HomeSweetHome_25_LayTheFoundationCheck,resources.assets
-78331249,WorldObject,HiddenMission_HomeSweetHome_Test,resources.assets
-1896810837,WorldObject,HiddenMission_HomeSweetHome_TryToSpawnFurnitureSlots,resources.assets
-171057397,WorldObject,HiddenMission_HomeSweetHome_TryToSpawnFurnitureWallSlots,resources.assets
-1529460911,WorldObject,HitBoxServant,resources.assets
-843517579,WorldObject,Item_AluminiumFoil,resources.assets
-983099534,WorldObject,Item_Amberstone01,resources.assets
-941594730,WorldObject,Item_AmberstoneWithBee01,resources.assets
-289530651,WorldObject,Item_Animal_Hamster01,resources.assets
472458998,WorldObject,Item_Apple,resources.assets
1995122607,WorldObject,Item_Axe_Crystal,resources.assets
796779824,WorldObject,Item_Axe_Crystal_Tier2,resources.assets
-1294602012,WorldObject,Item_Axe_Crystal_Tier3,resources.assets
-143370809,WorldObject,Item_Axe_Crystal_Tier4,resources.assets
-770512437,WorldObject,Item_Axe_Gold,resources.assets
818125603,WorldObject,Item_Axe_Lucille,resources.assets
1185295141,WorldObject,Item_Axe_Metal,resources.assets
-901606502,WorldObject,Item_Axe_Metal_Tier2,resources.assets
1651783194,WorldObject,Item_Axe_Metal_Tier3,resources.assets
-296800848,WorldObject,Item_Axe_Metal_Tier4,resources.assets
705645671,WorldObject,Item_Axe_Stamp,resources.assets
33215566,WorldObject,Item_Axe_Stone,resources.assets
-1458996777,WorldObject,Item_Axe_Stone_Tier2,resources.assets
-108248312,WorldObject,Item_Axe_Stone_Tier3,resources.assets
-36699974,WorldObject,Item_Axe_Stone_Tier4,resources.assets
-685859587,WorldObject,Item_Axe_Wood,resources.assets
1118891757,WorldObject,Item_Axe_WoodTalking,resources.assets
-933801296,WorldObject,Item_Axe_Wood_Tier2,resources.assets
181576774,WorldObject,Item_Axe_Wood_Tier3,resources.assets
-273275105,WorldObject,Item_Axe_Wood_Tier4,resources.assets
-1067167545,WorldObject,Item_Axe_WoodenSword,resources.assets
778297096,WorldObject,Item_Backpack,resources.assets
-1678411528,WorldObject,Item_Balloons,resources.assets
-1158110579,WorldObject,Item_Battery,resources.assets
-865171503,WorldObject,Item_BeaverTwin,resources.assets
1503045946,WorldObject,Item_BeverageHolderSet,resources.assets
-2069558327,WorldObject,Item_BoxOfLetters,resources.assets
1924402142,WorldObject,Item_Burger,resources.assets
-1833113400,WorldObject,Item_CabinDoor01,resources.assets
-411375347,WorldObject,Item_CabinWindow01,resources.assets
-2058586755,WorldObject,Item_Cable,resources.assets
656326905,WorldObject,Item_CampingBottle,resources.assets
1732007779,WorldObject,Item_CampingChair,resources.assets
1220025880,WorldObject,Item_CampingLamp,resources.assets
-2137834890,WorldObject,Item_CanonPipe,resources.assets
1249081555,WorldObject,Item_Cassette01,resources.assets
-1239610386,WorldObject,Item_ChesterPic01Mimic,resources.assets
1126453183,WorldObject,Item_ChesterPic01Mimic_Placeable,resources.assets
-1282884745,WorldObject,Item_ChesterPic02Companiola,resources.assets
1911800780,WorldObject,Item_ChesterPic02Companiola_Placeable,resources.assets
731324747,WorldObject,Item_ChesterPic03QuestionMarc,resources.assets
895905359,WorldObject,Item_ChesterPic03QuestionMarc_Placeable,resources.assets
462830133,WorldObject,Item_ChickenLegGrilledBitten,resources.assets
-875799430,WorldObject,Item_ChickenLegRaw,resources.assets
-1369158848,WorldObject,Item_ChocolateCream,resources.assets
2069032332,WorldObject,Item_Clamp,resources.assets
-1698256041,WorldObject,Item_Coconut01,resources.assets
1335316157,WorldObject,Item_Coconut02,resources.assets
-569914372,WorldObject,Item_Coffee,resources.assets
533620777,WorldObject,Item_Cork,resources.assets
1172706503,WorldObject,Item_Crablegs,resources.assets
1828766693,WorldObject,Item_Croissant,resources.assets
1532041030,WorldObject,Item_Donut,resources.assets
1977241027,WorldObject,Item_Doorbell,resources.assets
-44842821,WorldObject,Item_Egg,resources.assets
873729925,WorldObject,Item_EggGolden,resources.assets
-530076875,WorldObject,Item_ElectronicParts,resources.assets
445820491,WorldObject,Item_FireWood_Apple01,resources.assets
-585615753,WorldObject,Item_FireWood_Birch01,resources.assets
-252103839,WorldObject,Item_FireWood_Metal01,resources.assets
720614948,WorldObject,Item_FireWood_Walnut01,resources.assets
-697651068,WorldObject,Item_FishBaitFreshwater,resources.assets
-85989622,WorldObject,Item_FishBaitIceWater,resources.assets
1010793747,WorldObject,Item_FishBaitLava,resources.assets
751874440,WorldObject,Item_FishBaitSaltwater,resources.assets
-389654667,WorldObject,Item_FishFreshwater,resources.assets
1509533393,WorldObject,Item_FishIceWater,resources.assets
774016854,WorldObject,Item_FishLava,resources.assets
-2091069970,WorldObject,Item_FishSaltwater,resources.assets
-2118427658,WorldObject,Item_Food_ApplePie,resources.assets
698131790,WorldObject,Item_Food_ChickenLegGrilled,resources.assets
-1145934056,WorldObject,Item_Food_CrabBowl,resources.assets
-1113192280,WorldObject,Item_Food_DuckStew,resources.assets
1507346738,WorldObject,Item_Food_FishStew,resources.assets
1068536631,WorldObject,Item_Food_FriedEggs,resources.assets
10186653,WorldObject,Item_Food_GarlicChicken,resources.assets
-610749792,WorldObject,Item_Food_HoneyGlazedApple,resources.assets
191787124,WorldObject,Item_Food_IceBowl,resources.assets
307981696,WorldObject,Item_Food_LavaFishRoll,resources.assets
-183536548,WorldObject,Item_Food_MushroomSoup,resources.assets
1638268716,WorldObject,Item_Food_Pancakes,resources.assets
2022149691,WorldObject,Item_Food_Sushi,resources.assets
-1958008079,WorldObject,Item_Furniture_Candy_CandyDispenser01,resources.assets
810256312,WorldObject,Item_Furniture_Carving_Bird,resources.assets
796039531,WorldObject,Item_Furniture_Carving_Chess_BlackKing01,resources.assets
1271367852,WorldObject,Item_Furniture_Carving_Chess_WhiteKing01,resources.assets
-484767701,WorldObject,Item_Furniture_Carving_FemaleHeadBust01,resources.assets
-1419093512,WorldObject,Item_Furniture_Carving_FemaleSculpture01,resources.assets
-1278925321,WorldObject,Item_Furniture_Carving_FlowerOrnament01,resources.assets
1133761806,WorldObject,Item_Furniture_Carving_HandMetal01,resources.assets
165704225,WorldObject,Item_Furniture_Carving_MaleHeadBust01,resources.assets
-1882977212,WorldObject,Item_Furniture_Carving_MaleHeadBust02,resources.assets
-244350377,WorldObject,Item_Furniture_Carving_ShellOrnament01,resources.assets
-926938235,WorldObject,Item_Furniture_Carving_WavingCat,resources.assets
1044548385,WorldObject,Item_Furniture_Crystal_BarChair01,resources.assets
-1763759354,WorldObject,Item_Furniture_Crystal_BarTable01,resources.assets
1279868777,WorldObject,Item_Furniture_Crystal_BarTable01_Placeable,resources.assets
2069856129,WorldObject,Item_Furniture_Crystal_CityTable01,resources.assets
-1426889152,WorldObject,Item_Furniture_Crystal_CityTable01_Placeable,resources.assets
-1266981895,WorldObject,Item_Furniture_Crystal_CityTable02,resources.assets
992799911,WorldObject,Item_Furniture_Crystal_CityTable02_Placeable,resources.assets
-1319325374,WorldObject,Item_Furniture_Crystal_Discoball01,resources.assets
-1502991836,WorldObject,Item_Furniture_Crystal_Drawer01,resources.assets
220961977,WorldObject,Item_Furniture_Crystal_Drawer01_Placeable,resources.assets
905807873,WorldObject,Item_Furniture_Crystal_Lamp01,resources.assets
1822447239,WorldObject,Item_Furniture_Crystal_Mirror01,resources.assets
1352464499,WorldObject,Item_Furniture_Crystal_Vault01,resources.assets
1963791274,WorldObject,Item_Furniture_Crystal_Vault01_Placeable,resources.assets
-1332066518,WorldObject,Item_Furniture_Electronic_ElectronicAutomaticChair01,resources.assets
-617027566,WorldObject,Item_Furniture_Electronic_ElectronicChair01,resources.assets
-580935633,WorldObject,Item_Furniture_Electronic_ElectronicFloatingSeat01 (3),resources.assets
464904239,WorldObject,Item_Furniture_Electronic_ElectronicHoverboard01,resources.assets
-1286708597,WorldObject,Item_Furniture_Electronic_ElectronicTableBig01,resources.assets
506636800,WorldObject,Item_Furniture_Electronic_ElectronicTableBig01_Placeable,resources.assets
64721899,WorldObject,Item_Furniture_Electronic_ElectronicTableRound01,resources.assets
-1819020580,WorldObject,Item_Furniture_Electronic_ElectronicTableRound01_Placeable,resources.assets
870708679,WorldObject,Item_Furniture_Funny_FaceSeat01,resources.assets
-1161375230,WorldObject,Item_Furniture_Funny_GlobeFlatEarth01,resources.assets
1937688628,WorldObject,Item_Furniture_Funny_GlobeMinecraft01,resources.assets
-969838933,WorldObject,Item_Furniture_Funny_GlobeNormal01,resources.assets
455141185,WorldObject,Item_Furniture_Funny_LegSeat01,resources.assets
-179561483,WorldObject,Item_Furniture_Funny_Ski01,resources.assets
-292698368,WorldObject,Item_Furniture_Funny_Sled01,resources.assets
-2056273501,WorldObject,Item_Furniture_Glas_TableRound01,resources.assets
1415865971,WorldObject,Item_Furniture_Glas_TableRound01_Placeable,resources.assets
-1723074502,WorldObject,Item_Furniture_Golden_Beaver,resources.assets
612978238,WorldObject,Item_Furniture_Golden_Beaver_placeable,resources.assets
1041550374,WorldObject,Item_Furniture_Golden_ChessFigure,resources.assets
-1188659911,WorldObject,Item_Furniture_Golden_ChessFigure_placeable,resources.assets
1124095199,WorldObject,Item_Furniture_Golden_Chicken,resources.assets
1731961658,WorldObject,Item_Furniture_Golden_Chicken_placeable,resources.assets
-1958459881,WorldObject,Item_Furniture_Golden_Controller,resources.assets
-1313651821,WorldObject,Item_Furniture_Golden_Controller_placeable,resources.assets
-1022628488,WorldObject,Item_Furniture_Golden_Duck,resources.assets
1517751613,WorldObject,Item_Furniture_Golden_Duck_placeable,resources.assets
1031105446,WorldObject,Item_Furniture_Golden_FlipOff,resources.assets
692484666,WorldObject,Item_Furniture_Golden_FlipOff_placeable,resources.assets
1572399271,WorldObject,Item_Furniture_Golden_Hamster,resources.assets
497144616,WorldObject,Item_Furniture_Golden_Hamster_placeable,resources.assets
-4226416,WorldObject,Item_Furniture_Golden_Mug,resources.assets
-1433389640,WorldObject,Item_Furniture_Golden_Mug_placeable,resources.assets
1713978485,WorldObject,Item_Furniture_Golden_Poop,resources.assets
697403892,WorldObject,Item_Furniture_Golden_Poop_placeable,resources.assets
-10018113,WorldObject,Item_Furniture_Golden_Rubberduck,resources.assets
450972216,WorldObject,Item_Furniture_Golden_Rubberduck_placeable,resources.assets
1959998703,WorldObject,Item_Furniture_Golden_Stool01,resources.assets
-670189269,WorldObject,Item_Furniture_Golden_Stool01_placeable,resources.assets
-2104096295,WorldObject,Item_Furniture_Golden_StumpAxe,resources.assets
-591360378,WorldObject,Item_Furniture_Golden_StumpAxe_placeable,resources.assets
58424693,WorldObject,Item_Furniture_Golden_Sword,resources.assets
1121976317,WorldObject,Item_Furniture_Golden_Sword_placeable,resources.assets
2009031201,WorldObject,Item_Furniture_Golden_Train,resources.assets
-496795641,WorldObject,Item_Furniture_Golden_Train_placeable,resources.assets
-1029335290,WorldObject,Item_Furniture_Hamstertech_HamsterDrone01,resources.assets
-954740455,WorldObject,Item_Furniture_Hamstertech_Tricycle,resources.assets
-251110231,WorldObject,Item_Furniture_Hamstertech_Ventilator,resources.assets
228043814,WorldObject,Item_Furniture_Log_Bench01,resources.assets
1091247912,WorldObject,Item_Furniture_Log_Bench01_Placeable,resources.assets
374220867,WorldObject,Item_Furniture_Log_Bench02,resources.assets
-1807278973,WorldObject,Item_Furniture_Log_Bench02_Placeable,resources.assets
338913913,WorldObject,Item_Furniture_Log_Stool01,resources.assets
1919262135,WorldObject,Item_Furniture_Log_Table01,resources.assets
-860435867,WorldObject,Item_Furniture_Log_Table01_Placeable,resources.assets
-1875090065,WorldObject,Item_Furniture_Metal_Aluhat01,resources.assets
-763629395,WorldObject,Item_Furniture_Metal_CannonBall01,resources.assets
1866680049,WorldObject,Item_Furniture_Metal_ChainShelf01,resources.assets
550269244,WorldObject,Item_Furniture_Metal_ChainShelf01_placeable,resources.assets
1517823163,WorldObject,Item_Furniture_Metal_ChastityUnderwear01,resources.assets
1531223805,WorldObject,Item_Furniture_Metal_CitySpotLight01,resources.assets
-2094843470,WorldObject,Item_Furniture_Metal_FloorLamp01,resources.assets
844567048,WorldObject,Item_Furniture_Metal_GolfClub01,resources.assets
-1072883611,WorldObject,Item_Furniture_Metal_Kettlebell01,resources.assets
-142829016,WorldObject,Item_Furniture_Metal_Pan01,resources.assets
-444643395,WorldObject,Item_Furniture_Metal_Pot01,resources.assets
398551026,WorldObject,Item_Furniture_Metal_StadiumSeat01,resources.assets
-1580542745,WorldObject,Item_Furniture_Nerds_ChemieKit01,resources.assets
-734948866,WorldObject,Item_Furniture_Nerds_ChemieKit02,resources.assets
-628519617,WorldObject,Item_Furniture_Nerds_Console,resources.assets
1187446271,WorldObject,Item_Furniture_Nerds_Controller,resources.assets
-800695360,WorldObject,Item_Furniture_Palm_CoconutBra01,resources.assets
1547741078,WorldObject,Item_Furniture_Palm_DeckChair01,resources.assets
-1898463518,WorldObject,Item_Furniture_Palm_GardenChair01,resources.assets
1422079425,WorldObject,Item_Furniture_Palm_GardenTable01,resources.assets
1352089211,WorldObject,Item_Furniture_Palm_GardenTable01_Placeable,resources.assets
786476021,WorldObject,Item_Furniture_Palm_HangingHammock01,resources.assets
-975658849,WorldObject,Item_Furniture_Palm_LifeguardBuoy01,resources.assets
-1412197294,WorldObject,Item_Furniture_Palm_LifeguardChair01,resources.assets
-1966369670,WorldObject,Item_Furniture_Palm_Parasol01,resources.assets
1071118448,WorldObject,Item_Furniture_Palm_ShipSteeringWheel01 (3),resources.assets
1832520769,WorldObject,Item_Furniture_Palm_SurfboardShelf01,resources.assets
299417421,WorldObject,Item_Furniture_Palm_SurfboardShelf01_Placeable,resources.assets
-137507487,WorldObject,Item_Furniture_PostApo_Firebarrel,resources.assets
1291391333,WorldObject,Item_Furniture_PostApo_Spikes,resources.assets
970779681,WorldObject,Item_Furniture_Regular_Birdhouse01,resources.assets
-1946537764,WorldObject,Item_Furniture_Regular_Bookshelf01,resources.assets
948721461,WorldObject,Item_Furniture_Regular_Bookshelf01_Placeable,resources.assets
339152506,WorldObject,Item_Furniture_Regular_Bookshelf02,resources.assets
1712852875,WorldObject,Item_Furniture_Regular_Bookshelf02_Placeable,resources.assets
1550852980,WorldObject,Item_Furniture_Regular_Bookshelf03,resources.assets
-935574128,WorldObject,Item_Furniture_Regular_Chair01,resources.assets
696117654,WorldObject,Item_Furniture_Regular_Hamsterhouse01,resources.assets
-1997348596,WorldObject,Item_Furniture_Regular_HexShelf01,resources.assets
-1340927599,WorldObject,Item_Furniture_Regular_HexShelf01_Placeable,resources.assets
-403492653,WorldObject,Item_Furniture_Regular_HexShelf02,resources.assets
-378915103,WorldObject,Item_Furniture_Regular_HexShelf02_Placeable,resources.assets
-1889329762,WorldObject,Item_Furniture_Regular_NightStand01,resources.assets
512347222,WorldObject,Item_Furniture_Regular_NightStand01_Placeable,resources.assets
-2133663197,WorldObject,Item_Furniture_Regular_NightStandTinFoil01,resources.assets
2038222590,WorldObject,Item_Furniture_Regular_RockingChair,resources.assets
1822852465,WorldObject,Item_Furniture_Regular_Stool01,resources.assets
1059808171,WorldObject,Item_Furniture_Regular_Table01,resources.assets
1714828339,WorldObject,Item_Furniture_Regular_Table01_Placeable,resources.assets
592961829,WorldObject,Item_Furniture_Regular_TableRound01,resources.assets
321639607,WorldObject,Item_Furniture_Regular_TableRound01_Placeable,resources.assets
-767451832,WorldObject,Item_Furniture_Regular_Tilestable01,resources.assets
1363831887,WorldObject,Item_Furniture_Regular_Tilestable01_Placeable,resources.assets
-1133536861,WorldObject,Item_Furniture_Regular_WallShelf01,resources.assets
224180443,WorldObject,Item_Furniture_Special_SirWorcestershireCastleBoard02,resources.assets
-347741753,WorldObject,Item_Furniture_Special_SirWorcestershireCastleBoard03,resources.assets
-775971571,WorldObject,Item_Furniture_Special_SirWorcestershiresCastleBoard,resources.assets
-1626815918,WorldObject,Item_Furniture_Stone_RockArmchair01,resources.assets
1032619883,WorldObject,Item_Furniture_Stone_RockBabySeat01,resources.assets
627837677,WorldObject,Item_Furniture_Stone_RockBeanbag01,resources.assets
-1586595101,WorldObject,Item_Furniture_Stone_RockBike01,resources.assets
121558525,WorldObject,Item_Furniture_Stone_RockCar01,resources.assets
1687680480,WorldObject,Item_Furniture_Stone_RockLightGlasTable01,resources.assets
1725197562,WorldObject,Item_Furniture_Stone_RockLightGlasTable01_Placeable,resources.assets
-1331687397,WorldObject,Item_Furniture_Tech_Boombox01,resources.assets
-188293086,WorldObject,Item_Furniture_Tech_Lamp01,resources.assets
-310894841,WorldObject,Item_Furniture_Tech_Lamp02,resources.assets
1085640110,WorldObject,Item_Furniture_Torture_Cage01,resources.assets
921664673,WorldObject,Item_Furniture_Torture_Chair01 (4),resources.assets
1298452344,WorldObject,Item_Gem_Diamond,resources.assets
-517025288,WorldObject,Item_Gem_Ruby,resources.assets
-1677774049,WorldObject,Item_GoldenStraw,resources.assets
1725847889,WorldObject,Item_GrindStone_Wood,resources.assets
-1204568425,WorldObject,Item_HamsterFence,resources.assets
2117578715,WorldObject,Item_HayBalePiece,resources.assets
1968980533,WorldObject,Item_Honey,resources.assets
855980077,WorldObject,Item_HoneyJar01,resources.assets
-829867004,WorldObject,Item_HotDog,resources.assets
1798163877,WorldObject,Item_KeyToDungeon,resources.assets
1569461658,WorldObject,Item_Letter01,resources.assets
-1930709504,WorldObject,Item_Lewis,resources.assets
2045389401,WorldObject,Item_Lightbulb,resources.assets
-137441278,WorldObject,Item_MarshmallowBag,resources.assets
-1940504796,WorldObject,Item_MarshmallowBurnt,resources.assets
2106414615,WorldObject,Item_MarshmallowNormal,resources.assets
938355598,WorldObject,Item_MarshmallowPerfect,resources.assets
-811946331,WorldObject,Item_Medicine,resources.assets
-1075632830,WorldObject,Item_MiniHardhat,resources.assets
-1165620157,WorldObject,Item_MiniProtectionVest,resources.assets
-1397753173,WorldObject,Item_Money,resources.assets
1650082849,WorldObject,Item_MountainHat,resources.assets
1746768234,WorldObject,Item_MushroomHead01,resources.assets
1805208359,WorldObject,Item_MushroomHead01Cut,resources.assets
-2078723751,WorldObject,Item_MushroomHead02,resources.assets
-1018858177,WorldObject,Item_MushroomHead02Cut,resources.assets
-708737173,WorldObject,Item_MushroomHead03,resources.assets
1328475094,WorldObject,Item_MushroomHead03Cut,resources.assets
-1933515781,WorldObject,Item_MushroomHead04,resources.assets
-685839944,WorldObject,Item_MushroomHead04Cut,resources.assets
-72605599,WorldObject,Item_MushroomHead05,resources.assets
1075139834,WorldObject,Item_MushroomHead05Cut,resources.assets
1125068272,WorldObject,Item_MushroomHeadCutable01,resources.assets
1769361903,WorldObject,Item_MushroomHeadCutable02,resources.assets
954948360,WorldObject,Item_MushroomHeadCutable03,resources.assets
1601106642,WorldObject,Item_MushroomHeadCutable04,resources.assets
-866461533,WorldObject,Item_MushroomHeadCutable05,resources.assets
726098678,WorldObject,Item_Oil,resources.assets
1331658425,WorldObject,Item_PackageOfGlass01,resources.assets
-820309185,WorldObject,Item_PackageOfRoofTiles01,resources.assets
1854614582,WorldObject,Item_PaintBucket,resources.assets
283248871,WorldObject,Item_PalletOfRoofPlates01,resources.assets
658696516,WorldObject,Item_PartyHose,resources.assets
-690427651,WorldObject,Item_Pickle,resources.assets
-1939853321,WorldObject,Item_PicklesChocolate,resources.assets
1495037538,WorldObject,Item_PicklesGlas,resources.assets
-359169224,WorldObject,Item_PieceOfShit,resources.assets
1769340794,WorldObject,Item_PieceOfShitBober,resources.assets
1615433616,WorldObject,Item_PieceOfShitChester,resources.assets
374858114,WorldObject,Item_PileOfNails,resources.assets
457250500,WorldObject,Item_PillowBroken,resources.assets
1325955121,WorldObject,Item_Pizza,resources.assets
-1217501134,WorldObject,Item_PortalCake,resources.assets
-1709124896,WorldObject,Item_ProteinShake,resources.assets
177151703,WorldObject,Item_RawDuck,resources.assets
1754088589,WorldObject,Item_RawMaterial_Wood_Apple,resources.assets
832678487,WorldObject,Item_RawMaterial_Wood_Birch,resources.assets
-66441736,WorldObject,Item_RawMaterial_Wood_BirchChopChop,resources.assets
927320022,WorldObject,Item_RawMaterial_Wood_Crystal,resources.assets
661006723,WorldObject,Item_RawMaterial_Wood_Electronic,resources.assets
1348282243,WorldObject,Item_RawMaterial_Wood_Golden,resources.assets
1345151148,WorldObject,Item_RawMaterial_Wood_Metal,resources.assets
-780345321,WorldObject,Item_RawMaterial_Wood_Palm,resources.assets
612233208,WorldObject,Item_RawMaterial_Wood_Stone,resources.assets
605331315,WorldObject,Item_RawMaterial_Wood_TrunkSplit_Apple,resources.assets
781908939,WorldObject,Item_RawMaterial_Wood_TrunkSplit_Birch,resources.assets
-275205320,WorldObject,Item_RawMaterial_Wood_TrunkSplit_Crystal,resources.assets
1152204061,WorldObject,Item_RawMaterial_Wood_TrunkSplit_Electro,resources.assets
1567491244,WorldObject,Item_RawMaterial_Wood_TrunkSplit_Golden,resources.assets
362378741,WorldObject,Item_RawMaterial_Wood_TrunkSplit_Metal,resources.assets
-826417313,WorldObject,Item_RawMaterial_Wood_TrunkSplit_Palm,resources.assets
-1069081036,WorldObject,Item_RawMaterial_Wood_TrunkSplit_Stone,resources.assets
1443844607,WorldObject,Item_RawMaterial_Wood_TrunkSplit_Walnut,resources.assets
-460513208,WorldObject,Item_RawMaterial_Wood_Walnut,resources.assets
-606966375,WorldObject,Item_RefinedMaterial_Beam_Birch01,resources.assets
-395762217,WorldObject,Item_RefinedMaterial_Beam_Walnut01,resources.assets
-1999518381,WorldObject,Item_RefinedMaterial_Metal_Cogwheel01,resources.assets
-715207752,WorldObject,Item_RefinedMaterial_Plank_Birch01,resources.assets
-432454948,WorldObject,Item_RefinedMaterial_Plank_Walnut01,resources.assets
-1311155415,WorldObject,Item_RefinedMaterial_SmallParts_Birch01,resources.assets
989654935,WorldObject,Item_RefinedMaterial_SmallParts_Walnut01,resources.assets
1571024632,WorldObject,Item_RefinedMaterial_metalIngot01,resources.assets
-388153159,WorldObject,Item_RubberDuck01,resources.assets
-665388996,WorldObject,Item_RubberDuck01 Variant,resources.assets
1437454192,WorldObject,Item_RubberDuck01_placeable,resources.assets
-385432127,WorldObject,Item_RubberDuck02,resources.assets
-1706473791,WorldObject,Item_RubberDuck02 Variant,resources.assets
-1311975086,WorldObject,Item_RubberDuck02_placeable,resources.assets
-1837623357,WorldObject,Item_RubberDuck03,resources.assets
1273779679,WorldObject,Item_RubberDuck03 Variant,resources.assets
-1385715885,WorldObject,Item_RubberDuck03_placeable,resources.assets
1927355677,WorldObject,Item_RubberDuck04,resources.assets
919307794,WorldObject,Item_RubberDuck04 Variant,resources.assets
1315453809,WorldObject,Item_RubberDuck04_placeable,resources.assets
-1115390549,WorldObject,Item_RubberDuck05,resources.assets
1855535744,WorldObject,Item_RubberDuck05 Variant,resources.assets
164453272,WorldObject,Item_RubberDuck05_placeable,resources.assets
613145063,WorldObject,Item_RubberDuck06,resources.assets
1027138045,WorldObject,Item_RubberDuck06 Variant,resources.assets
175978540,WorldObject,Item_RubberDuck06_placeable,resources.assets
-895436007,WorldObject,Item_RubberDuck07,resources.assets
-49099720,WorldObject,Item_RubberDuck07 Variant,resources.assets
-243517922,WorldObject,Item_RubberDuck07_placeable,resources.assets
-1013251903,WorldObject,Item_RubberDuck08,resources.assets
1560501529,WorldObject,Item_RubberDuck08 Variant,resources.assets
-1097652649,WorldObject,Item_RubberDuck08_placeable,resources.assets
-1409657020,WorldObject,Item_RubberDuck09,resources.assets
244937476,WorldObject,Item_RubberDuck09 Variant,resources.assets
819637941,WorldObject,Item_RubberDuck09_placeable,resources.assets
716273484,WorldObject,Item_RubberDuck10,resources.assets
-2067901391,WorldObject,Item_RubberDuck10 Variant,resources.assets
-1420235936,WorldObject,Item_RubberDuck10_placeable,resources.assets
1019905044,WorldObject,Item_RubberDuck11,resources.assets
1025875099,WorldObject,Item_RubberDuck11 Variant,resources.assets
-769314687,WorldObject,Item_RubberDuck11_placeable,resources.assets
-1791220865,WorldObject,Item_RubberDuck12,resources.assets
-1972991156,WorldObject,Item_RubberDuck12 Variant,resources.assets
-520357742,WorldObject,Item_RubberDuck12_placeable,resources.assets
1699518619,WorldObject,Item_RubberDuck13,resources.assets
1794654033,WorldObject,Item_RubberDuck13 Variant,resources.assets
3347732,WorldObject,Item_RubberDuck13_placeable,resources.assets
-1143178255,WorldObject,Item_RubberDuck14,resources.assets
1158575219,WorldObject,Item_RubberDuck14 Variant,resources.assets
235765012,WorldObject,Item_RubberDuck14_placeable,resources.assets
1204161992,WorldObject,Item_Satellite,resources.assets
-437856296,WorldObject,Item_ScooterHelmet,resources.assets
-41646836,WorldObject,Item_ScotchGlas,resources.assets
600270922,WorldObject,Item_ScotchIronStag,resources.assets
819343075,WorldObject,Item_ScrewPack01,resources.assets
-1063072968,WorldObject,Item_Seed_Bellpepper,resources.assets
24051261,WorldObject,Item_Seed_Carrot,resources.assets
-318789542,WorldObject,Item_Seed_Corn,resources.assets
-447808554,WorldObject,Item_Seed_Porridge,resources.assets
1264177835,WorldObject,Item_Seed_Pumpkin,resources.assets
872650874,WorldObject,Item_Seed_Salad,resources.assets
-1499047808,WorldObject,Item_Seed_Tomato,resources.assets
106836953,WorldObject,Item_SirWorcestershire,resources.assets
-952023958,WorldObject,Item_Ski01,resources.assets
2031685104,WorldObject,Item_SoupSpoon,resources.assets
-902664849,WorldObject,Item_Special_Turtle,resources.assets
-1369866777,WorldObject,Item_Special_TurtleUpgradeDrone,resources.assets
-216031981,WorldObject,Item_Special_TurtleUpgradeReinforcedShell,resources.assets
1584403483,WorldObject,Item_SteelHelmet,resources.assets
-617059833,WorldObject,Item_Sticks01,resources.assets
421825172,WorldObject,Item_Straw,resources.assets
1209843989,WorldObject,Item_TNTPack01,resources.assets
1257720802,WorldObject,Item_TNTStick01,resources.assets
301149673,WorldObject,Item_Tech_Mailbox,resources.assets
-611642507,WorldObject,Item_Tech_MailboxHolder,resources.assets
1488905137,WorldObject,Item_Tech_WoodPC,resources.assets
-606481584,WorldObject,Item_TentFolded,resources.assets
-1945780969,WorldObject,Item_Toiletpaper,resources.assets
1790748651,WorldObject,Item_Toys_Horse01,resources.assets
1172599402,WorldObject,Item_Toys_Plane01,resources.assets
1165272690,WorldObject,Item_Toys_Sword01,resources.assets
923147074,WorldObject,Item_Toys_Train01,resources.assets
585429812,WorldObject,Item_TreasureMapBlackKnight,resources.assets
-1980424062,WorldObject,Item_TreasureMap_01_Shop,resources.assets
626994236,WorldObject,Item_TreasureMap_01_Shop_Inventory,resources.assets
1063912807,WorldObject,Item_TreasureMap_03_Igloo,resources.assets
-358213458,WorldObject,Item_TreasureMap_03_Igloo_Inventory,resources.assets
-389971431,WorldObject,Item_TutorialCoffee,resources.assets
647484641,WorldObject,Item_TutorialFiles,resources.assets
-812974586,WorldObject,Item_Vegetable_BellPepper,resources.assets
528792039,WorldObject,Item_Vegetable_Carrot,resources.assets
-749878526,WorldObject,Item_Vegetable_Corn,resources.assets
1475001272,WorldObject,Item_Vegetable_Leek,resources.assets
528557052,WorldObject,Item_Vegetable_Pumpkin,resources.assets
2136757672,WorldObject,Item_Vegetable_Salad,resources.assets
-613326117,WorldObject,Item_Vegetable_Tomato,resources.assets
-1353342624,WorldObject,Item_VeryComfortablePillow,resources.assets
1319553721,WorldObject,Item_VestaScooter,resources.assets
401042254,WorldObject,Item_ViseWorkbench,resources.assets
-404148826,WorldObject,Item_WaterBucket,resources.assets
769674174,WorldObject,Item_Weights_Barbell01,resources.assets
1908084423,WorldObject,Item_Weights_Bench01,resources.assets
1434423793,WorldObject,Item_Weights_Dumbbells01,resources.assets
1794137787,WorldObject,Item_Windmill01,resources.assets
1635353572,WorldObject,Item_WindmillAssembledCheck,resources.assets
889926328,WorldObject,Item_WindmillBrokenWing01,resources.assets
-56868222,WorldObject,Item_WindmillBrokenWing02,resources.assets
1571613156,WorldObject,Item_WindmillBrokenWing03,resources.assets
-799989409,WorldObject,Item_WindmillBrokenWing04,resources.assets
366325213,WorldObject,Item_WindmillWingsRepaired01,resources.assets
-2020411604,WorldObject,Item_WindmillWingsRepaired02,resources.assets
-1189878096,WorldObject,Item_WindmillWingsRepaired03,resources.assets
-1044378375,WorldObject,Item_WindmillWingsRepaired04,resources.assets
1578562068,WorldObject,Item_WoodenShoesAnimated,resources.assets
1299061417,WorldObject,Item_WoodenShoesHeatResistant,resources.assets
-857378771,WorldObject,Item_Xmas_Fireplace,resources.assets
-1885425090,WorldObject,Item_Xmas_Fireplace_placeable,resources.assets
1488687381,WorldObject,Item_campingLampOffDestructible01,resources.assets
1413372529,WorldObject,Item_campingLampOn01,resources.assets
957241445,WorldObject,Item_cookingPot,resources.assets
0,WorldObject,Killzone (6),level2
-764566872,WorldObject,MinigameCrafting_Cooking_GrilledChickenLeg01,resources.assets
1949369584,WorldObject,MinigameCrafting_Furniture_Cabin_CabinDoor01,resources.assets
-1511824634,WorldObject,MinigameCrafting_Furniture_Cabin_CabinWindow01,resources.assets
595267050,WorldObject,MinigameCrafting_Furniture_Candy_CandyDispenser01,resources.assets
-801766342,WorldObject,MinigameCrafting_Furniture_Crystal_BarChair01,resources.assets
-40013516,WorldObject,MinigameCrafting_Furniture_Crystal_BarTable01,resources.assets
800303842,WorldObject,MinigameCrafting_Furniture_Electronic_Hoverboard01,resources.assets
-1424030224,WorldObject,MinigameCrafting_Furniture_Funny_GlobeCubic01,resources.assets
1542945715,WorldObject,MinigameCrafting_Furniture_Funny_GlobeFlat01,resources.assets
-386250452,WorldObject,MinigameCrafting_Furniture_Funny_GlobeNormal01,resources.assets
543836050,WorldObject,MinigameCrafting_Furniture_Glass_Vault01,resources.assets
-675178111,WorldObject,MinigameCrafting_Furniture_Hamstertech_HamsterDrone01,resources.assets
552090114,WorldObject,MinigameCrafting_Furniture_Hamstertech_Tricycle01,resources.assets
196719179,WorldObject,MinigameCrafting_Furniture_Hamstertech_Ventilator01,resources.assets
-1736055749,WorldObject,MinigameCrafting_Furniture_Log_Bench01,resources.assets
2136411531,WorldObject,MinigameCrafting_Furniture_Log_Bench02,resources.assets
1673252369,WorldObject,MinigameCrafting_Furniture_Log_Stool01,resources.assets
710178916,WorldObject,MinigameCrafting_Furniture_Log_Table01,resources.assets
-1455085070,WorldObject,MinigameCrafting_Furniture_Metal_CitySpotLight01,resources.assets
1198841005,WorldObject,MinigameCrafting_Furniture_Nerds_ChemieKit01,resources.assets
1799205376,WorldObject,MinigameCrafting_Furniture_Nerds_ChemieKit02,resources.assets
2107346664,WorldObject,MinigameCrafting_Furniture_Nerds_Console01,resources.assets
1637461536,WorldObject,MinigameCrafting_Furniture_Nerds_Controller,resources.assets
144852679,WorldObject,MinigameCrafting_Furniture_Palm_ShipSteeringWheel01,resources.assets
-276930319,WorldObject,MinigameCrafting_Furniture_Palm_Surfboard01,resources.assets
761184294,WorldObject,MinigameCrafting_Furniture_Regular_Barbell01,resources.assets
-472631022,WorldObject,MinigameCrafting_Furniture_Regular_Birdhouse01,resources.assets
1991940354,WorldObject,MinigameCrafting_Furniture_Regular_Bookshelf01,resources.assets
-1822160225,WorldObject,MinigameCrafting_Furniture_Regular_Bookshelf02,resources.assets
1666798165,WorldObject,MinigameCrafting_Furniture_Regular_Chair01,resources.assets
440219444,WorldObject,MinigameCrafting_Furniture_Regular_Dumbbells01,resources.assets
1944840582,WorldObject,MinigameCrafting_Furniture_Regular_HamsterFence,resources.assets
365153103,WorldObject,MinigameCrafting_Furniture_Regular_Hamsterhouse,resources.assets
1891412231,WorldObject,MinigameCrafting_Furniture_Regular_HexShelf01,resources.assets
1404348128,WorldObject,MinigameCrafting_Furniture_Regular_HexShelf02,resources.assets
756757588,WorldObject,MinigameCrafting_Furniture_Regular_NightStand01,resources.assets
408868703,WorldObject,MinigameCrafting_Furniture_Regular_NightStandTinFoil,resources.assets
-881287206,WorldObject,MinigameCrafting_Furniture_Regular_RockingChair01,resources.assets
-403171110,WorldObject,MinigameCrafting_Furniture_Regular_Stool01,resources.assets
-1531037724,WorldObject,MinigameCrafting_Furniture_Regular_Table01,resources.assets
-2124123856,WorldObject,MinigameCrafting_Furniture_Regular_TableRound01,resources.assets
632173201,WorldObject,MinigameCrafting_Furniture_Regular_TilesTable01,resources.assets
-212897074,WorldObject,MinigameCrafting_Furniture_Regular_Wallshelf,resources.assets
2114786429,WorldObject,MinigameCrafting_Furniture_Regular_WeightBench01,resources.assets
-1452448843,WorldObject,MinigameCrafting_Furniture_Special_AssembleWindmill01,resources.assets
-1378764110,WorldObject,MinigameCrafting_Furniture_Special_ChocoPickles,resources.assets
-522963976,WorldObject,MinigameCrafting_Furniture_Special_HeatResistantWoodenShoes,resources.assets
1710394183,WorldObject,MinigameCrafting_Furniture_Special_Mailbox01,resources.assets
218662856,WorldObject,MinigameCrafting_Furniture_Special_MailboxHolder01,resources.assets
-1627607864,WorldObject,MinigameCrafting_Furniture_Special_PillowBroken,resources.assets
2147005276,WorldObject,MinigameCrafting_Furniture_Special_WindmillWing01,resources.assets
-1036860610,WorldObject,MinigameCrafting_Furniture_Special_WindmillWing02,resources.assets
-1500484627,WorldObject,MinigameCrafting_Furniture_Special_WindmillWing03,resources.assets
-651253275,WorldObject,MinigameCrafting_Furniture_Special_WindmillWing04,resources.assets
-1699015494,WorldObject,MinigameCrafting_Furniture_Special_WorcestershiresCastleBoard,resources.assets
-1595711278,WorldObject,MinigameCrafting_Furniture_Special_WorcestershiresCastleBoard01,resources.assets
-946220305,WorldObject,MinigameCrafting_Furniture_Stone_Bike01,resources.assets
898101901,WorldObject,MinigameCrafting_Furniture_Stone_StoneArmchair01,resources.assets
-723220676,WorldObject,MinigameCrafting_Furniture_Stone_StoneBeanbag01,resources.assets
1753879599,WorldObject,MinigameCrafting_Furniture_Torture_Cage01,resources.assets
-727535894,WorldObject,MinigameCrafting_Furniture_Torture_Chair01,resources.assets
1359259462,WorldObject,MinigameCrafting_Machine_Sawhorse,resources.assets
1707649097,WorldObject,MinigameCrafting_Tech_Boombox,resources.assets
-842649078,WorldObject,MinigameCrafting_Tech_PC,resources.assets
-1368452979,WorldObject,MinigameCrafting_Toys_Plane01,resources.assets
1083314471,WorldObject,MinigameCrafting_Toys_RockingHorse01,resources.assets
-1096780504,WorldObject,MinigameCrafting_Toys_Sword01,resources.assets
2068923344,WorldObject,MinigameCrafting_Toys_Train01,resources.assets
-1871610991,WorldObject,MinigameCrafting_Turtle_UpgradedShell,resources.assets
-1427182848,WorldObject,MissionAction_TargetAudience_Increase_WoodenHorses,resources.assets
158674943,WorldObject,Mission_00_BuildtheCannon,resources.assets
1225377614,WorldObject,Mission_00_BuildtheCannonFoundation,resources.assets
-597045130,WorldObject,Mission_00_CheckIFAutoButton,resources.assets
-1086980977,WorldObject,Mission_00_DaysAtOffice,resources.assets
-1628462895,WorldObject,Mission_00_DaysAtOfficeTimer,resources.assets
277099842,WorldObject,Mission_00_Desk,resources.assets
391378421,WorldObject,Mission_00_FilesMarkerAndArrow,resources.assets
-283843072,WorldObject,Mission_00_HatchAndWindow,resources.assets
-690235314,WorldObject,Mission_00_ListenForLeverFurnoxHit,resources.assets
189741332,WorldObject,Mission_00_PC01,resources.assets
-676583193,WorldObject,Mission_00_PC02,resources.assets
-236026001,WorldObject,Mission_00_PC03,resources.assets
376273532,WorldObject,Mission_00_SpawnInventoryWorthUI,resources.assets
826922886,WorldObject,Mission_00_StartMission,resources.assets
-1695450654,WorldObject,Mission_00_TutorialFilesNonInteract,resources.assets
1335880935,WorldObject,Mission_01A_DestroyListenButtonMissionFurnox,resources.assets
-1862655172,WorldObject,Mission_01A_InsertBatterie01,resources.assets
1745286431,WorldObject,Mission_01B_DestroyButtonsCity,resources.assets
1329891063,WorldObject,Mission_01B_InsertBatterie02,resources.assets
1951772923,WorldObject,Mission_01C_SpawnCable01,resources.assets
140041110,WorldObject,Mission_01C_Wait4SecSpawnStillCanonFurnox,resources.assets
-577850263,WorldObject,Mission_01D_SpawnCable02,resources.assets
1837865278,WorldObject,Mission_01_CanonRotateFurnox,resources.assets
-528256167,WorldObject,Mission_01_ControlJump,resources.assets
-1342719098,WorldObject,Mission_01_Cook_GrilledChicken,resources.assets
-1972550352,WorldObject,Mission_01_DeliveryTruck_Break,resources.assets
-276269883,WorldObject,Mission_01_DeliveryTruck_RemoveCrateKillzone,resources.assets
-39770660,WorldObject,Mission_01_DeliveryTruck_Return,resources.assets
1213841328,WorldObject,Mission_01_DeliveryTruck_ShippingCrate,resources.assets
282517996,WorldObject,Mission_01_DeliveryTruck_Spawn,resources.assets
-1773758272,WorldObject,Mission_01_HitRedButton,resources.assets
-569576195,WorldObject,Mission_01_SpawnButtonMission,resources.assets
-1514257525,WorldObject,Mission_02A_DestroyListenButtonMissionCity,resources.assets
1003567754,WorldObject,Mission_02B_DestroyButtonsFurnox,resources.assets
1440606177,WorldObject,Mission_02C_Wait4SecSpawnStillCanonCity,resources.assets
691835269,WorldObject,Mission_02_CanonRotateCity,resources.assets
-93347827,WorldObject,Mission_02_CheckIfEverythingBuilt,resources.assets
-1939972259,WorldObject,Mission_02_ControlCollectFiles,resources.assets
1906564067,WorldObject,Mission_02_Cook_FriedEggs,resources.assets
1479338580,WorldObject,Mission_02_HitRedButton,resources.assets
-2006794645,WorldObject,Mission_02_SpawnRedBlinkButton,resources.assets
797044708,WorldObject,Mission_03A_ButtonListenShootCity,resources.assets
-41688136,WorldObject,Mission_03A_DisplayActiveWorth_1000,resources.assets
1742005916,WorldObject,Mission_03A_DisplayActiveWorth_10000,resources.assets
1037182691,WorldObject,Mission_03A_DisplayActiveWorth_25000,resources.assets
2060117502,WorldObject,Mission_03A_DisplayActiveWorth_3000,resources.assets
-1958112637,WorldObject,Mission_03B_ButtonListenShootFurnox,resources.assets
1644381537,WorldObject,Mission_03C_CheckIFInventoryWorth_1000,resources.assets
-1884524914,WorldObject,Mission_03C_CheckIFInventoryWorth_10000,resources.assets
85853291,WorldObject,Mission_03C_CheckIFInventoryWorth_25000,resources.assets
-1010728846,WorldObject,Mission_03C_CheckIFInventoryWorth_3000,resources.assets
-1314842726,WorldObject,Mission_03D_ShootFurnox,resources.assets
673715959,WorldObject,Mission_03_CheckActiveWorth_1000,resources.assets
1676613813,WorldObject,Mission_03_CheckActiveWorth_10000,resources.assets
1493250748,WorldObject,Mission_03_CheckActiveWorth_25000,resources.assets
1340338736,WorldObject,Mission_03_CheckActiveWorth_3000,resources.assets
1094102064,WorldObject,Mission_03_ControlBringFiles,resources.assets
-1109566390,WorldObject,Mission_03_DeleteVisualsAfterDelay,resources.assets
-49868076,WorldObject,Mission_03_PicklesSittingAtIntake,resources.assets
-1594175303,WorldObject,Mission_03_SpawnDroneToPlatform,resources.assets
908010120,WorldObject,Mission_03a_SpawnDroneToCity,resources.assets
656563289,WorldObject,Mission_04A_CheckIfAllStamped,resources.assets
-652798102,WorldObject,Mission_04A_VFXCanonCity,resources.assets
157184800,WorldObject,Mission_04B_VFXCanonFurnox,resources.assets
-2100417075,WorldObject,Mission_04C_CheckWorthForVFXAmount_Larger1,resources.assets
-1448690386,WorldObject,Mission_04C_Screenshake,resources.assets
2087336391,WorldObject,Mission_04_GetStamp,resources.assets
607720084,WorldObject,Mission_04_OpenHatchPlatform,resources.assets
-1806257930,WorldObject,Mission_04_SendThePicklesThroughPipe,resources.assets
-204609842,WorldObject,Mission_04a_OpenPaletteHatch,resources.assets
567690595,WorldObject,Mission_04b_ClosePaletteHatch,resources.assets
-1852398893,WorldObject,Mission_05B_CheckCanonRotation,resources.assets
394347785,WorldObject,Mission_05_CheckCanonRotationBase,resources.assets
924495957,WorldObject,Mission_05_CheckCanonRotationUpgraded,resources.assets
-199052596,WorldObject,Mission_05_CheckIFOneOrMoreHamster,resources.assets
1002182978,WorldObject,Mission_05_CheckIFThreeOrFiveHamster,resources.assets
-1245849111,WorldObject,Mission_05_CloseHatchPlatform,resources.assets
523437377,WorldObject,Mission_05_GoGetCoffee,resources.assets
369274503,WorldObject,Mission_05_SpawnHamsterAmount1,resources.assets
-563095286,WorldObject,Mission_05_SpawnHamsterAmount3,resources.assets
-324563304,WorldObject,Mission_05_SpawnHamsterAmount5,resources.assets
-2052859214,WorldObject,Mission_06A_BrewCoffeeWAIT,resources.assets
1914760651,WorldObject,Mission_06A_CatapultPlayerCity,resources.assets
-1712524042,WorldObject,Mission_06B_CatapultPlayerFurnox,resources.assets
-1828368636,WorldObject,Mission_06_CheckIfPlayerInCanonCity,resources.assets
-1418790353,WorldObject,Mission_06_PressButtonCoffee,resources.assets
532869363,WorldObject,Mission_06_SpawnRedBlinkButton,resources.assets
-86504124,WorldObject,Mission_07A_CheckRotationBaseCannon,resources.assets
-52975594,WorldObject,Mission_07B_CheckRotationUpgradedCannon,resources.assets
1355638402,WorldObject,Mission_07C_AutoButtonActive,resources.assets
104032969,WorldObject,Mission_07D_AutoButtonInactive,resources.assets
1732209289,WorldObject,Mission_07_ControlBrewCoffee01,resources.assets
-667514118,WorldObject,Mission_08A_SpawnAutoButtonActive,resources.assets
-1121564784,WorldObject,Mission_08B_SpawnAutoButtonInActive,resources.assets
1428692634,WorldObject,Mission_08_OpenInventory,resources.assets
1861667146,WorldObject,Mission_09_EquipCoffee,resources.assets
-46009376,WorldObject,Mission_10_CloseInventory,resources.assets
1206320523,WorldObject,Mission_11_UseCoffee,resources.assets
2042461495,WorldObject,Mission_12_BuffsIntroduction,resources.assets
-1068238388,WorldObject,Mission_1337TreesCutGoldenAxe,resources.assets
-1468062418,WorldObject,Mission_1337TreesGoToChest,resources.assets
752182373,WorldObject,Mission_13_BackToDeskNotification,resources.assets
-1410889835,WorldObject,Mission_14A_SwitchToFiredMailPC,resources.assets
910335005,WorldObject,Mission_14_AtDeskReadEmail,resources.assets
1292595087,WorldObject,Mission_15_GetKickedOutSeq,resources.assets
1827584392,WorldObject,Mission_99A_BrewCoffeeWAIT,resources.assets
-1509715970,WorldObject,Mission_99B_ControlBrewCoffee01,resources.assets
-1688517129,WorldObject,Mission_99C_CheckForCoffeeAmount,resources.assets
-1375720981,WorldObject,Mission_99_BLOCKER,resources.assets
-643942209,WorldObject,Mission_99_CheckForAdditionalCoffee,resources.assets
-1152908436,WorldObject,Mission_99_CheckInventoryAmount,resources.assets
26502754,WorldObject,Mission_ACTIVATEPlayer,resources.assets
220218043,WorldObject,Mission_Achievement_DestroyedAllStoneFigures,resources.assets
1908217596,WorldObject,Mission_Achievement_FindAllRubberducks,resources.assets
1044001840,WorldObject,Mission_Achievement_GotWoodenAxe,resources.assets
1523166305,WorldObject,Mission_Achievement_Money1000,resources.assets
1594056483,WorldObject,Mission_Achievement_Money10000,resources.assets
1075413099,WorldObject,Mission_Achievement_Money100000,resources.assets
800087762,WorldObject,Mission_Achievement_TargetAudienceComplete_AdultsClub,resources.assets
1244377101,WorldObject,Mission_Achievement_TargetAudienceComplete_CityAdministration,resources.assets
2077647648,WorldObject,Mission_Achievement_TargetAudienceComplete_FitnessFreaks,resources.assets
-1764054258,WorldObject,Mission_Achievement_TargetAudienceComplete_Industry,resources.assets
-120531312,WorldObject,Mission_Achievement_TargetAudienceComplete_Moneybags,resources.assets
-869139543,WorldObject,Mission_Achievement_TargetAudienceComplete_Nerds,resources.assets
1777066154,WorldObject,Mission_Achievement_TargetAudienceComplete_Rascals,resources.assets
999130744,WorldObject,Mission_Achievement_TargetAudienceComplete_Survivalists,resources.assets
-2029455276,WorldObject,Mission_Achievement_UpgradeAllTrees,resources.assets
-367638783,WorldObject,Mission_Area2_CheckForDoorbellDestroy,resources.assets
142570388,WorldObject,Mission_Area2_CloseTP,resources.assets
-248629426,WorldObject,Mission_Area2_OpenTP,resources.assets
-1086994068,WorldObject,Mission_Area2_SpawnDoorbell,resources.assets
-84797809,WorldObject,Mission_Area2_StayCloseTP,resources.assets
268820418,WorldObject,Mission_Area2_TP_CheckIfBuild,resources.assets
220122003,WorldObject,Mission_Area3_CheckForDoorbellDestroy,resources.assets
-2022518308,WorldObject,Mission_Area3_CloseTP,resources.assets
800969896,WorldObject,Mission_Area3_OpenTP,resources.assets
422749545,WorldObject,Mission_Area3_SpawnDoorbell,resources.assets
631388459,WorldObject,Mission_Area3_StayCloseTP,resources.assets
-533046633,WorldObject,Mission_Area3_TP_CheckIfBuild,resources.assets
1159967839,WorldObject,Mission_Area4_CheckForDoorbellDestroy,resources.assets
-115430108,WorldObject,Mission_Area4_CloseTP,resources.assets
958794197,WorldObject,Mission_Area4_OpenTP,resources.assets
1830317826,WorldObject,Mission_Area4_SpawnDoorbell,resources.assets
-367315232,WorldObject,Mission_Area4_StayCloseTP,resources.assets
1925776252,WorldObject,Mission_Area4_TP_CheckIfBuild,resources.assets
2058789681,WorldObject,Mission_Area5_CheckForDoorbellDestroy,resources.assets
1483930338,WorldObject,Mission_Area5_CloseTP,resources.assets
-1961675526,WorldObject,Mission_Area5_OpenTP,resources.assets
-1252547707,WorldObject,Mission_Area5_SpawnDoorbell,resources.assets
1102998977,WorldObject,Mission_Area5_StayCloseTP,resources.assets
-1460642940,WorldObject,Mission_Area5_TP_CheckIfBuild,resources.assets
782465474,WorldObject,Mission_AreaBeach_CheckForDoorbellDestroy,resources.assets
1215458803,WorldObject,Mission_AreaBeach_CloseTP,resources.assets
-794336124,WorldObject,Mission_AreaBeach_OpenTP,resources.assets
416093138,WorldObject,Mission_AreaBeach_SpawnDoorbell,resources.assets
-879231277,WorldObject,Mission_AreaBeach_StayCloseTP,resources.assets
1848810848,WorldObject,Mission_AreaBeach_TP_CheckIfBuild,resources.assets
-574284386,WorldObject,Mission_AutoHarvester01_01_SetUP,resources.assets
-454514317,WorldObject,Mission_AutoHarvester01_02_Check,resources.assets
344237642,WorldObject,Mission_AutoHarvester02_01_SetUP,resources.assets
321658723,WorldObject,Mission_AutoHarvester02_02_Check,resources.assets
2101585741,WorldObject,Mission_AutoHarvester03_01_SetUP,resources.assets
-1006867790,WorldObject,Mission_AutoHarvester03_02_Check,resources.assets
665662329,WorldObject,Mission_AutoHarvester_00_EmergencyStop,resources.assets
1014205732,WorldObject,Mission_AutoHarvester_00_SpawnStaticVisuals,resources.assets
1556347954,WorldObject,Mission_AutoHarvester_01A_Remove_Apple_01,resources.assets
-1606170940,WorldObject,Mission_AutoHarvester_01A_Remove_Birch_01,resources.assets
-648065133,WorldObject,Mission_AutoHarvester_01A_Remove_Crystal_01,resources.assets
454211473,WorldObject,Mission_AutoHarvester_01A_Remove_Electric_01,resources.assets
725141157,WorldObject,Mission_AutoHarvester_01A_Remove_Metal_01,resources.assets
-1789142959,WorldObject,Mission_AutoHarvester_01A_Remove_Palm_01,resources.assets
-1671902109,WorldObject,Mission_AutoHarvester_01A_Remove_Stone_01,resources.assets
-1261956702,WorldObject,Mission_AutoHarvester_01A_Remove_Walnut_01,resources.assets
-1339084664,WorldObject,Mission_AutoHarvester_01A_Spawn_Apple_02,resources.assets
-308631012,WorldObject,Mission_AutoHarvester_01A_Spawn_Apple_03,resources.assets
1873152098,WorldObject,Mission_AutoHarvester_01A_Spawn_Birch_02,resources.assets
-1348061281,WorldObject,Mission_AutoHarvester_01A_Spawn_Birch_03,resources.assets
593970739,WorldObject,Mission_AutoHarvester_01A_Spawn_Crystal_02,resources.assets
-1204964789,WorldObject,Mission_AutoHarvester_01A_Spawn_Crystal_03,resources.assets
1852569955,WorldObject,Mission_AutoHarvester_01A_Spawn_Electric_02,resources.assets
84749046,WorldObject,Mission_AutoHarvester_01A_Spawn_Electric_03,resources.assets
1979242147,WorldObject,Mission_AutoHarvester_01A_Spawn_Metal_02,resources.assets
-455994616,WorldObject,Mission_AutoHarvester_01A_Spawn_Metal_03,resources.assets
1690138195,WorldObject,Mission_AutoHarvester_01A_Spawn_Palm_02,resources.assets
-687502153,WorldObject,Mission_AutoHarvester_01A_Spawn_Palm_03,resources.assets
269982771,WorldObject,Mission_AutoHarvester_01A_Spawn_Stone_02,resources.assets
-992396823,WorldObject,Mission_AutoHarvester_01A_Spawn_Stone_03,resources.assets
1777504853,WorldObject,Mission_AutoHarvester_01A_Spawn_Walnut_02,resources.assets
-850832074,WorldObject,Mission_AutoHarvester_01A_Spawn_Walnut_03,resources.assets
-428192191,WorldObject,Mission_AutoHarvester_01B_Spawn_Apple_01,resources.assets
668830479,WorldObject,Mission_AutoHarvester_01B_Spawn_Apple_Wood01,resources.assets
-1184063791,WorldObject,Mission_AutoHarvester_01B_Spawn_Apple_Wood02,resources.assets
2047393166,WorldObject,Mission_AutoHarvester_01B_Spawn_Apple_Wood03,resources.assets
1742878421,WorldObject,Mission_AutoHarvester_01B_Spawn_Birch_01,resources.assets
-362447988,WorldObject,Mission_AutoHarvester_01B_Spawn_Birch_Wood01,resources.assets
-1625891868,WorldObject,Mission_AutoHarvester_01B_Spawn_Birch_Wood02,resources.assets
1932131751,WorldObject,Mission_AutoHarvester_01B_Spawn_Birch_Wood03,resources.assets
1669512803,WorldObject,Mission_AutoHarvester_01B_Spawn_Crystal_01,resources.assets
-1720488847,WorldObject,Mission_AutoHarvester_01B_Spawn_Crystal_Wood01,resources.assets
8281605,WorldObject,Mission_AutoHarvester_01B_Spawn_Crystal_Wood02,resources.assets
836498436,WorldObject,Mission_AutoHarvester_01B_Spawn_Crystal_Wood03,resources.assets
1763512576,WorldObject,Mission_AutoHarvester_01B_Spawn_Electric_01,resources.assets
390931509,WorldObject,Mission_AutoHarvester_01B_Spawn_Electric_Wood01,resources.assets
2016169451,WorldObject,Mission_AutoHarvester_01B_Spawn_Electric_Wood02,resources.assets
1694907036,WorldObject,Mission_AutoHarvester_01B_Spawn_Electric_Wood03,resources.assets
1262330897,WorldObject,Mission_AutoHarvester_01B_Spawn_Metal_01,resources.assets
-413033334,WorldObject,Mission_AutoHarvester_01B_Spawn_Metal_Wood01,resources.assets
486416714,WorldObject,Mission_AutoHarvester_01B_Spawn_Metal_Wood02,resources.assets
173584006,WorldObject,Mission_AutoHarvester_01B_Spawn_Metal_Wood03,resources.assets
2096875358,WorldObject,Mission_AutoHarvester_01B_Spawn_Palm_01,resources.assets
1598949386,WorldObject,Mission_AutoHarvester_01B_Spawn_Palm_Wood01,resources.assets
1157519837,WorldObject,Mission_AutoHarvester_01B_Spawn_Palm_Wood02,resources.assets
1925601651,WorldObject,Mission_AutoHarvester_01B_Spawn_Palm_Wood03,resources.assets
-365066745,WorldObject,Mission_AutoHarvester_01B_Spawn_Stone_01,resources.assets
-181690171,WorldObject,Mission_AutoHarvester_01B_Spawn_Stone_Wood01,resources.assets
1161242058,WorldObject,Mission_AutoHarvester_01B_Spawn_Stone_Wood02,resources.assets
1226888980,WorldObject,Mission_AutoHarvester_01B_Spawn_Stone_Wood03,resources.assets
-217966565,WorldObject,Mission_AutoHarvester_01B_Spawn_Walnut_01,resources.assets
-1620834155,WorldObject,Mission_AutoHarvester_01B_Spawn_Walnut_Wood01,resources.assets
958801506,WorldObject,Mission_AutoHarvester_01B_Spawn_Walnut_Wood02,resources.assets
978556520,WorldObject,Mission_AutoHarvester_01B_Spawn_Walnut_Wood03,resources.assets
339194435,WorldObject,Mission_AutoHarvester_02A_SpawnAnmVisualsOut_01,resources.assets
-1939312616,WorldObject,Mission_AutoHarvester_02B_SpawnAnmVisualsIn_01,resources.assets
97234457,WorldObject,Mission_AutoHarvester_02_SpawnAnimatedVisuals02,resources.assets
1596552099,WorldObject,Mission_AutoHarvester_02_SpawnAnimatedVisuals03,resources.assets
-531373931,WorldObject,Mission_AutoHarvester_03_RemoveAnimatedVisuals02,resources.assets
1160528133,WorldObject,Mission_AutoHarvester_03_RemoveAnimatedVisuals03,resources.assets
-140972877,WorldObject,Mission_AutoHarvester_04_Delay02,resources.assets
790235166,WorldObject,Mission_AutoHarvester_04_Delay03,resources.assets
529927428,WorldObject,Mission_AutoHarvester_05_ADDITIONALDelay02,resources.assets
-2106380911,WorldObject,Mission_AutoHarvester_05_ADDITIONALDelay03,resources.assets
249662478,WorldObject,Mission_AutoHarvester_05_Delay_Apple_01,resources.assets
-1537189513,WorldObject,Mission_AutoHarvester_05_Delay_Birch_01,resources.assets
1233049290,WorldObject,Mission_AutoHarvester_05_Delay_Crystal_01,resources.assets
1847657473,WorldObject,Mission_AutoHarvester_05_Delay_Electric_01,resources.assets
-1231526693,WorldObject,Mission_AutoHarvester_05_Delay_Metal_01,resources.assets
-719990445,WorldObject,Mission_AutoHarvester_05_Delay_Palm_01,resources.assets
1926290533,WorldObject,Mission_AutoHarvester_05_Delay_Stone_01,resources.assets
1928307025,WorldObject,Mission_AutoHarvester_05_Delay_Walnut_01,resources.assets
1440915120,WorldObject,Mission_AutoHarvester_06_WorldUI_Apple_01,resources.assets
-1216248250,WorldObject,Mission_AutoHarvester_06_WorldUI_Apple_02,resources.assets
865356801,WorldObject,Mission_AutoHarvester_06_WorldUI_Apple_03,resources.assets
-1910987652,WorldObject,Mission_AutoHarvester_06_WorldUI_Apple_Wood01,resources.assets
1264105754,WorldObject,Mission_AutoHarvester_06_WorldUI_Apple_Wood02,resources.assets
-300913522,WorldObject,Mission_AutoHarvester_06_WorldUI_Apple_Wood03,resources.assets
-1511874068,WorldObject,Mission_AutoHarvester_06_WorldUI_Birch_01,resources.assets
-1339312425,WorldObject,Mission_AutoHarvester_06_WorldUI_Birch_02,resources.assets
-109893113,WorldObject,Mission_AutoHarvester_06_WorldUI_Birch_03,resources.assets
-389104627,WorldObject,Mission_AutoHarvester_06_WorldUI_Birch_Wood01,resources.assets
-1948308643,WorldObject,Mission_AutoHarvester_06_WorldUI_Birch_Wood02,resources.assets
1485626190,WorldObject,Mission_AutoHarvester_06_WorldUI_Birch_Wood03,resources.assets
1633841366,WorldObject,Mission_AutoHarvester_06_WorldUI_Crystal_01,resources.assets
-815909921,WorldObject,Mission_AutoHarvester_06_WorldUI_Crystal_02,resources.assets
1327418493,WorldObject,Mission_AutoHarvester_06_WorldUI_Crystal_03,resources.assets
1954966555,WorldObject,Mission_AutoHarvester_06_WorldUI_Crystal_Wood01,resources.assets
1534497530,WorldObject,Mission_AutoHarvester_06_WorldUI_Crystal_Wood02,resources.assets
-792352228,WorldObject,Mission_AutoHarvester_06_WorldUI_Crystal_Wood03,resources.assets
1064989622,WorldObject,Mission_AutoHarvester_06_WorldUI_Electric_01,resources.assets
187935924,WorldObject,Mission_AutoHarvester_06_WorldUI_Electric_02,resources.assets
1883580881,WorldObject,Mission_AutoHarvester_06_WorldUI_Electric_03,resources.assets
-1918406710,WorldObject,Mission_AutoHarvester_06_WorldUI_Electric_Wood01,resources.assets
99543913,WorldObject,Mission_AutoHarvester_06_WorldUI_Electric_Wood02,resources.assets
1111629499,WorldObject,Mission_AutoHarvester_06_WorldUI_Electric_Wood03,resources.assets
1596191951,WorldObject,Mission_AutoHarvester_06_WorldUI_Metal_01,resources.assets
1714950687,WorldObject,Mission_AutoHarvester_06_WorldUI_Metal_02,resources.assets
1207269443,WorldObject,Mission_AutoHarvester_06_WorldUI_Metal_03,resources.assets
-1723035644,WorldObject,Mission_AutoHarvester_06_WorldUI_Metal_Wood01,resources.assets
2063257395,WorldObject,Mission_AutoHarvester_06_WorldUI_Metal_Wood02,resources.assets
294365300,WorldObject,Mission_AutoHarvester_06_WorldUI_Metal_Wood03,resources.assets
-241170674,WorldObject,Mission_AutoHarvester_06_WorldUI_Palm_01,resources.assets
564420336,WorldObject,Mission_AutoHarvester_06_WorldUI_Palm_02,resources.assets
-905702187,WorldObject,Mission_AutoHarvester_06_WorldUI_Palm_03,resources.assets
-1482223662,WorldObject,Mission_AutoHarvester_06_WorldUI_Palm_Wood01,resources.assets
1142929962,WorldObject,Mission_AutoHarvester_06_WorldUI_Palm_Wood02,resources.assets
-1372490719,WorldObject,Mission_AutoHarvester_06_WorldUI_Palm_Wood03,resources.assets
1426958750,WorldObject,Mission_AutoHarvester_06_WorldUI_Stone_01,resources.assets
192520354,WorldObject,Mission_AutoHarvester_06_WorldUI_Stone_02,resources.assets
-207369929,WorldObject,Mission_AutoHarvester_06_WorldUI_Stone_03,resources.assets
-1961053536,WorldObject,Mission_AutoHarvester_06_WorldUI_Stone_Wood01,resources.assets
-1769703107,WorldObject,Mission_AutoHarvester_06_WorldUI_Stone_Wood02,resources.assets
-890494584,WorldObject,Mission_AutoHarvester_06_WorldUI_Stone_Wood03,resources.assets
-1398988139,WorldObject,Mission_AutoHarvester_06_WorldUI_Walnut_01,resources.assets
-896264748,WorldObject,Mission_AutoHarvester_06_WorldUI_Walnut_02,resources.assets
-110586813,WorldObject,Mission_AutoHarvester_06_WorldUI_Walnut_03,resources.assets
-2064596942,WorldObject,Mission_AutoHarvester_06_WorldUI_Walnut_Wood01,resources.assets
-28501954,WorldObject,Mission_AutoHarvester_06_WorldUI_Walnut_Wood02,resources.assets
85954702,WorldObject,Mission_AutoHarvester_06_WorldUI_Walnut_Wood03,resources.assets
-752773543,WorldObject,Mission_AutoHarvester_SpawnSlotLockRecipe01,resources.assets
1435519175,WorldObject,Mission_AutoHarvester_SpawnSlotLockRecipe02,resources.assets
-518927804,WorldObject,Mission_AutoHarvester_SpawnSlotLockRecipe03,resources.assets
-52036124,WorldObject,Mission_AutomateHarvester_MoveToWorkhallInventory,resources.assets
-1071133288,WorldObject,Mission_Automate_CheckIfWorkhallInvExists,resources.assets
-439708081,WorldObject,Mission_Automate_DelayMoveToWorkhallInventoryTrigger,resources.assets
1540529349,WorldObject,Mission_Automate_DelayMoveToWorkhallInventoryTrigger,resources.assets
-159376291,WorldObject,Mission_Automate_DelayMoveToWorkhallInventoryTriggerFurnaceAndPress,resources.assets
994037892,WorldObject,Mission_Automate_DelayMoveToWorkhallInventoryTriggerFurnitureCrafter,resources.assets
-1878705121,WorldObject,Mission_Automate_DelaySellToCity,resources.assets
-944507966,WorldObject,Mission_Automate_MoveToCannonInventoryFurnitureCrafter,resources.assets
72862519,WorldObject,Mission_Automate_MoveToWorkhallInventory,resources.assets
-1525652537,WorldObject,Mission_Automate_MoveToWorkhallInventoryFurnaceAndPress,resources.assets
1714300871,WorldObject,Mission_Automate_MoveToWorkhallInventoryHarvesterListenForHit,resources.assets
-714342999,WorldObject,Mission_Base,resources.assets
-427566176,WorldObject,Mission_Base 1,resources.assets
-1924821466,WorldObject,Mission_BeaverCave_00_SpawnFartSoundTrigger,resources.assets
712513265,WorldObject,Mission_BeaverCave_00_Trigger,resources.assets
-2131543235,WorldObject,Mission_BeaverCave_01_Intro,resources.assets
-1699892993,WorldObject,Mission_BeaverCave_02_PapersPlease,resources.assets
-1504960400,WorldObject,Mission_BeaverCave_03_MeetJustin,resources.assets
336443123,WorldObject,Mission_BeaverCave_04a_ShowYouSomething,resources.assets
-1233014340,WorldObject,Mission_BeaverCave_04b_GetWood,resources.assets
-1680275175,WorldObject,Mission_BeaverCave_05_DeliverToJustin,resources.assets
-1839801785,WorldObject,Mission_BeaverCave_06_MakeBirdHouse,resources.assets
-476420995,WorldObject,Mission_BeaverCave_06a_MakeBirdHouse,resources.assets
573011340,WorldObject,Mission_BeaverCave_06b_MakeBirdHouse,resources.assets
242459730,WorldObject,Mission_BeaverCave_07_SpawnBoberInBase,resources.assets
240547398,WorldObject,Mission_BeaverCave_07a_Delay,resources.assets
-2052525150,WorldObject,Mission_BeaverCave_08_BoberInBase,resources.assets
-721722172,WorldObject,Mission_BeaverCave_09_BoberTalkWorkbench,resources.assets
-1144060125,WorldObject,Mission_BeaverCave_10_BobersMissionBoard,resources.assets
884526533,WorldObject,Mission_Board_AdultClub_AtmosphericContainment,resources.assets
-847838499,WorldObject,Mission_Board_AdultClub_ChainShelfs,resources.assets
196190287,WorldObject,Mission_Board_AdultClub_CinemaSeats,resources.assets
1212892631,WorldObject,Mission_Board_AdultClub_DelayedGratification,resources.assets
-1547917905,WorldObject,Mission_Board_AdultClub_FeetSeat,resources.assets
-1841462270,WorldObject,Mission_Board_AdultClub_LiteraryNightlife,resources.assets
685021845,WorldObject,Mission_Board_AdultClub_PubFurniture,resources.assets
-270066563,WorldObject,Mission_Board_AdultClub_SettingAtmosphere,resources.assets
-607511675,WorldObject,Mission_Board_AdultClub_SteeringWheel,resources.assets
1204608976,WorldObject,Mission_Board_AdultClub_StickyDesires,resources.assets
1779643870,WorldObject,Mission_Board_AdultClub_StoneArmchair,resources.assets
1785460393,WorldObject,Mission_Board_AdultClub_SuspendedAnalysis,resources.assets
-1343562211,WorldObject,Mission_Board_AdultClub_ThemedBookNight,resources.assets
354968070,WorldObject,Mission_Board_CityAdmin_CitySpotlights,resources.assets
163280716,WorldObject,Mission_Board_CityAdmin_CityTable01,resources.assets
-469886906,WorldObject,Mission_Board_CityAdmin_CityTable02,resources.assets
-1031993710,WorldObject,Mission_Board_CityAdmin_CityUpgradeMainTower1,resources.assets
40402210,WorldObject,Mission_Board_CityAdmin_CityUpgradeMainTower2,resources.assets
-1849369684,WorldObject,Mission_Board_CityAdmin_CivicStability,resources.assets
-1412316161,WorldObject,Mission_Board_CityAdmin_CommunitySeating,resources.assets
1514360103,WorldObject,Mission_Board_CityAdmin_CutDownTrees,resources.assets
1010359279,WorldObject,Mission_Board_CityAdmin_FacilityModernization,resources.assets
1316585773,WorldObject,Mission_Board_CityAdmin_ParkBenches,resources.assets
-141858922,WorldObject,Mission_Board_CityAdmin_ParkPicnicArea,resources.assets
416913609,WorldObject,Mission_Board_CityAdmin_SellBenches,resources.assets
-713983176,WorldObject,Mission_Board_CityAdmin_SettingAtmosphere01,resources.assets
-1195393333,WorldObject,Mission_Board_CityAdmin_SturdyToddlerPod,resources.assets
-482244898,WorldObject,Mission_Board_CityAdmin_SunProtectionProgram,resources.assets
-471451442,WorldObject,Mission_Board_CityAdmin_TourismEnhancementProgram01,resources.assets
-148071037,WorldObject,Mission_Board_CityAdmin_TourismEnhancementProgram02,resources.assets
1332041752,WorldObject,Mission_Board_FitnessFreaks_BalanceTraining,resources.assets
-2062863330,WorldObject,Mission_Board_FitnessFreaks_CrystalVault,resources.assets
1895363542,WorldObject,Mission_Board_FitnessFreaks_CutDownTrees,resources.assets
-220915546,WorldObject,Mission_Board_FitnessFreaks_Dumbbells,resources.assets
-573361072,WorldObject,Mission_Board_FitnessFreaks_FitnessBarbell,resources.assets
-937268809,WorldObject,Mission_Board_FitnessFreaks_FitnessSleds,resources.assets
-1398905672,WorldObject,Mission_Board_FitnessFreaks_GoldenLamps,resources.assets
1874142651,WorldObject,Mission_Board_FitnessFreaks_MaintainGoodPosture,resources.assets
-1596554544,WorldObject,Mission_Board_FitnessFreaks_MaximumGains,resources.assets
-2116853916,WorldObject,Mission_Board_FitnessFreaks_PrehistoricLegPress,resources.assets
1995992397,WorldObject,Mission_Board_FitnessFreaks_Protein,resources.assets
1663065246,WorldObject,Mission_Board_FitnessFreaks_ResilienceSeat,resources.assets
-1242005582,WorldObject,Mission_Board_FitnessFreaks_SurfGymBro,resources.assets
392211018,WorldObject,Mission_Board_FitnessFreaks_WeightBench,resources.assets
-2032672734,WorldObject,Mission_Board_Industry_BackyardBusinessVenture,resources.assets
1418412041,WorldObject,Mission_Board_Industry_CityLove,resources.assets
-1610473500,WorldObject,Mission_Board_Industry_ConstructionSpotlights,resources.assets
1373663479,WorldObject,Mission_Board_Industry_CutDownTrees,resources.assets
-2140019351,WorldObject,Mission_Board_Industry_Demolition,resources.assets
-1169922543,WorldObject,Mission_Board_Industry_FamilyLogistics,resources.assets
-1397777045,WorldObject,Mission_Board_Industry_GolfClubDemolition,resources.assets
-465359844,WorldObject,Mission_Board_Industry_MirrorsAndLamps,resources.assets
456510171,WorldObject,Mission_Board_Industry_ParasolGliding,resources.assets
-473824438,WorldObject,Mission_Board_Industry_PermanentCushion,resources.assets
1663883997,WorldObject,Mission_Board_Industry_PresentForCousin,resources.assets
351132927,WorldObject,Mission_Board_Industry_SellBirchTrunks,resources.assets
-1148918057,WorldObject,Mission_Board_Industry_SellStoneWood,resources.assets
1482469376,WorldObject,Mission_Board_Industry_SnowShovelPlanks,resources.assets
-7644129,WorldObject,Mission_Board_Industry_StoneTablePresent,resources.assets
987199206,WorldObject,Mission_Board_Industry_TurboConstructionDryer,resources.assets
1860557481,WorldObject,Mission_Board_InitialSetup,resources.assets
-297159301,WorldObject,Mission_Board_MoneyBags_ArtYouCanSitOn,resources.assets
1374753548,WorldObject,Mission_Board_MoneyBags_AutoDrivingSeat,resources.assets
-1787073092,WorldObject,Mission_Board_MoneyBags_BankInvestment,resources.assets
-700298923,WorldObject,Mission_Board_MoneyBags_BrutalistAvantGarde,resources.assets
461854417,WorldObject,Mission_Board_MoneyBags_CharityGala,resources.assets
-218679573,WorldObject,Mission_Board_MoneyBags_CutDownTrees,resources.assets
-57409120,WorldObject,Mission_Board_MoneyBags_GoldenPantry,resources.assets
657061774,WorldObject,Mission_Board_MoneyBags_GravityIsOptional,resources.assets
1590945518,WorldObject,Mission_Board_MoneyBags_HamsterForMyGrandchild,resources.assets
-600042587,WorldObject,Mission_Board_MoneyBags_NetworkingPractice,resources.assets
1075092646,WorldObject,Mission_Board_MoneyBags_SellDiningTable,resources.assets
-838113468,WorldObject,Mission_Board_MoneyBags_SellWood,resources.assets
97256546,WorldObject,Mission_Board_MoneyBags_SkiVacation,resources.assets
2018778136,WorldObject,Mission_Board_MoneyBags_SmallReminder,resources.assets
7789291,WorldObject,Mission_Board_MoneyBags_StoneBabyseat,resources.assets
1845364020,WorldObject,Mission_Board_MoneyBags_TropicalInvitation,resources.assets
-1124778408,WorldObject,Mission_Board_MoneyBags_YachtDecoration,resources.assets
1400783958,WorldObject,Mission_Board_Nerds_BikeForStairs,resources.assets
834716676,WorldObject,Mission_Board_Nerds_Boombox,resources.assets
-451603252,WorldObject,Mission_Board_Nerds_CostumeParty,resources.assets
-993317393,WorldObject,Mission_Board_Nerds_FantasyDormRoom,resources.assets
-515262449,WorldObject,Mission_Board_Nerds_GamingConsole,resources.assets
-954659050,WorldObject,Mission_Board_Nerds_GamingMuseum,resources.assets
-1285545416,WorldObject,Mission_Board_Nerds_GlobeComparison,resources.assets
-1108173467,WorldObject,Mission_Board_Nerds_GlobeForUni,resources.assets
-1457912329,WorldObject,Mission_Board_Nerds_GlucoseOverclocking,resources.assets
-203090031,WorldObject,Mission_Board_Nerds_HangingHammock,resources.assets
1712641711,WorldObject,Mission_Board_Nerds_MixingProcess,resources.assets
-1668025858,WorldObject,Mission_Board_Nerds_PC,resources.assets
1474833390,WorldObject,Mission_Board_Nerds_TouchGrassProtocol,resources.assets
-441298390,WorldObject,Mission_Board_Nerds_TournamentController,resources.assets
1907002614,WorldObject,Mission_Board_Nerds_TrainingArc,resources.assets
-762535989,WorldObject,Mission_Board_Rascals_CubicWorld,resources.assets
-223967416,WorldObject,Mission_Board_Rascals_DiscoParty,resources.assets
206948593,WorldObject,Mission_Board_Rascals_EnergyConservation,resources.assets
-1288126812,WorldObject,Mission_Board_Rascals_GeographyChampion,resources.assets
-868527020,WorldObject,Mission_Board_Rascals_KamikazeCarriage,resources.assets
-1028064066,WorldObject,Mission_Board_Rascals_KidsPlane,resources.assets
-1581283779,WorldObject,Mission_Board_Rascals_KidsRockingHorse,resources.assets
397539837,WorldObject,Mission_Board_Rascals_KidsSword,resources.assets
412849912,WorldObject,Mission_Board_Rascals_KidsTrain,resources.assets
565070658,WorldObject,Mission_Board_Rascals_MyDreamPet,resources.assets
679073413,WorldObject,Mission_Board_Rascals_OperationStealthFur,resources.assets
508507758,WorldObject,Mission_Board_Rascals_PeerPressureEnhancement,resources.assets
-1769658264,WorldObject,Mission_Board_Rascals_SellLucille,resources.assets
-1114400119,WorldObject,Mission_Board_Rascals_SellPlanks,resources.assets
1143133287,WorldObject,Mission_Board_Rascals_SellPlanks2,resources.assets
1481231691,WorldObject,Mission_Board_Rascals_SiblingCage,resources.assets
-98869290,WorldObject,Mission_Board_Rascals_SticksAndStones,resources.assets
1614958476,WorldObject,Mission_Board_Rascals_StoneBike,resources.assets
-1268817483,WorldObject,Mission_Board_Survivalists_Aluhat,resources.assets
-1525171961,WorldObject,Mission_Board_Survivalists_AmphibiousEmergencyArchive,resources.assets
1367609441,WorldObject,Mission_Board_Survivalists_CannonBall,resources.assets
-780875016,WorldObject,Mission_Board_Survivalists_DinnerForTwo,resources.assets
621001313,WorldObject,Mission_Board_Survivalists_EMPProofBugoutVehicle,resources.assets
-631578254,WorldObject,Mission_Board_Survivalists_ElevatedSurvival,resources.assets
84309779,WorldObject,Mission_Board_Survivalists_FireBarrel,resources.assets
2032471537,WorldObject,Mission_Board_Survivalists_FlatGlobe,resources.assets
1858709523,WorldObject,Mission_Board_Survivalists_InterrogationSeat,resources.assets
-1692759061,WorldObject,Mission_Board_Survivalists_PansAndPots,resources.assets
1117344178,WorldObject,Mission_Board_Survivalists_PostApocalypseInvestments,resources.assets
932948318,WorldObject,Mission_Board_Survivalists_Spikes,resources.assets
-423573011,WorldObject,Mission_Board_Survivalists_StorytellingFirewood,resources.assets
74068364,WorldObject,Mission_Board_Survivalists_TinFoil,resources.assets
1630856876,WorldObject,Mission_Board_Survivalists_UndergroundPlanningRoom,resources.assets
-1126400230,WorldObject,Mission_Board_TryUnlock_AdultClub_1,resources.assets
-1826974728,WorldObject,Mission_Board_TryUnlock_AdultClub_2,resources.assets
-381696746,WorldObject,Mission_Board_TryUnlock_AdultClub_3,resources.assets
-1457250772,WorldObject,Mission_Board_TryUnlock_AdultClub_4,resources.assets
-2097317718,WorldObject,Mission_Board_TryUnlock_AdultClub_5,resources.assets
142784908,WorldObject,Mission_Board_TryUnlock_CityAdmin_1,resources.assets
108239559,WorldObject,Mission_Board_TryUnlock_CityAdmin_2,resources.assets
-2114514007,WorldObject,Mission_Board_TryUnlock_CityAdmin_3,resources.assets
-589036485,WorldObject,Mission_Board_TryUnlock_CityAdmin_4,resources.assets
1218130709,WorldObject,Mission_Board_TryUnlock_CityAdmin_5,resources.assets
1219522771,WorldObject,Mission_Board_TryUnlock_FitnessFreaks_1,resources.assets
-2129813538,WorldObject,Mission_Board_TryUnlock_FitnessFreaks_2,resources.assets
-582753416,WorldObject,Mission_Board_TryUnlock_FitnessFreaks_3,resources.assets
1932386357,WorldObject,Mission_Board_TryUnlock_FitnessFreaks_4,resources.assets
1150790415,WorldObject,Mission_Board_TryUnlock_FitnessFreaks_5,resources.assets
-1296664839,WorldObject,Mission_Board_TryUnlock_Industry_1,resources.assets
1899088265,WorldObject,Mission_Board_TryUnlock_Industry_2,resources.assets
-1912618654,WorldObject,Mission_Board_TryUnlock_Industry_3,resources.assets
-454173825,WorldObject,Mission_Board_TryUnlock_Industry_4,resources.assets
1012411147,WorldObject,Mission_Board_TryUnlock_Industry_5,resources.assets
89547452,WorldObject,Mission_Board_TryUnlock_MoneyBags_1,resources.assets
-1387157536,WorldObject,Mission_Board_TryUnlock_MoneyBags_2,resources.assets
-1862774333,WorldObject,Mission_Board_TryUnlock_MoneyBags_3,resources.assets
-774522188,WorldObject,Mission_Board_TryUnlock_MoneyBags_4,resources.assets
-177584176,WorldObject,Mission_Board_TryUnlock_MoneyBags_5,resources.assets
-107104439,WorldObject,Mission_Board_TryUnlock_Nerds_1,resources.assets
-978199704,WorldObject,Mission_Board_TryUnlock_Nerds_2,resources.assets
-312370311,WorldObject,Mission_Board_TryUnlock_Nerds_3,resources.assets
1679859706,WorldObject,Mission_Board_TryUnlock_Nerds_4,resources.assets
2064026137,WorldObject,Mission_Board_TryUnlock_Nerds_5,resources.assets
-1771967663,WorldObject,Mission_Board_TryUnlock_Rascals_1,resources.assets
319982825,WorldObject,Mission_Board_TryUnlock_Rascals_2,resources.assets
1820568697,WorldObject,Mission_Board_TryUnlock_Rascals_3,resources.assets
-557882677,WorldObject,Mission_Board_TryUnlock_Rascals_4,resources.assets
528070496,WorldObject,Mission_Board_TryUnlock_Rascals_5,resources.assets
1128999027,WorldObject,Mission_Board_TryUnlock_Survivalists_1,resources.assets
1980249460,WorldObject,Mission_Board_TryUnlock_Survivalists_2,resources.assets
1833011220,WorldObject,Mission_Board_TryUnlock_Survivalists_3,resources.assets
-1370184293,WorldObject,Mission_Board_TryUnlock_Survivalists_4,resources.assets
2121103697,WorldObject,Mission_Board_TryUnlock_Survivalists_5,resources.assets
-1936927370,WorldObject,Mission_Board_Unlock_AdultClub_1,resources.assets
-918476391,WorldObject,Mission_Board_Unlock_AdultClub_2,resources.assets
-1060109703,WorldObject,Mission_Board_Unlock_AdultClub_3,resources.assets
-1200524156,WorldObject,Mission_Board_Unlock_AdultClub_4,resources.assets
251322276,WorldObject,Mission_Board_Unlock_AdultClub_5,resources.assets
-181344340,WorldObject,Mission_Board_Unlock_CityAdmin_1,resources.assets
-1247555346,WorldObject,Mission_Board_Unlock_CityAdmin_2,resources.assets
709074159,WorldObject,Mission_Board_Unlock_CityAdmin_3,resources.assets
-146602071,WorldObject,Mission_Board_Unlock_CityAdmin_4,resources.assets
-128675166,WorldObject,Mission_Board_Unlock_CityAdmin_5,resources.assets
-785693542,WorldObject,Mission_Board_Unlock_FitnessFreaks_1,resources.assets
-797643976,WorldObject,Mission_Board_Unlock_FitnessFreaks_2,resources.assets
672916504,WorldObject,Mission_Board_Unlock_FitnessFreaks_3,resources.assets
-790941111,WorldObject,Mission_Board_Unlock_FitnessFreaks_4,resources.assets
484333562,WorldObject,Mission_Board_Unlock_FitnessFreaks_5,resources.assets
1824568772,WorldObject,Mission_Board_Unlock_Industry_1,resources.assets
2029993445,WorldObject,Mission_Board_Unlock_Industry_2,resources.assets
1428352968,WorldObject,Mission_Board_Unlock_Industry_3,resources.assets
-204845345,WorldObject,Mission_Board_Unlock_Industry_4,resources.assets
237750497,WorldObject,Mission_Board_Unlock_Industry_5,resources.assets
1130226816,WorldObject,Mission_Board_Unlock_MoneyBags_1,resources.assets
-1173353782,WorldObject,Mission_Board_Unlock_MoneyBags_2,resources.assets
1221132605,WorldObject,Mission_Board_Unlock_MoneyBags_3,resources.assets
-940709247,WorldObject,Mission_Board_Unlock_MoneyBags_4,resources.assets
1475762702,WorldObject,Mission_Board_Unlock_MoneyBags_5,resources.assets
497521361,WorldObject,Mission_Board_Unlock_Nerds_1,resources.assets
1935151184,WorldObject,Mission_Board_Unlock_Nerds_2,resources.assets
-945363242,WorldObject,Mission_Board_Unlock_Nerds_3,resources.assets
-574175659,WorldObject,Mission_Board_Unlock_Nerds_4,resources.assets
-1809754948,WorldObject,Mission_Board_Unlock_Nerds_5,resources.assets
-761166216,WorldObject,Mission_Board_Unlock_Rascals_1,resources.assets
-1628684251,WorldObject,Mission_Board_Unlock_Rascals_2,resources.assets
1831075325,WorldObject,Mission_Board_Unlock_Rascals_3,resources.assets
1992530711,WorldObject,Mission_Board_Unlock_Rascals_4,resources.assets
-2144849150,WorldObject,Mission_Board_Unlock_Rascals_5,resources.assets
913942393,WorldObject,Mission_Board_Unlock_Survivalists_1,resources.assets
-403939848,WorldObject,Mission_Board_Unlock_Survivalists_2,resources.assets
1902663383,WorldObject,Mission_Board_Unlock_Survivalists_3,resources.assets
450056288,WorldObject,Mission_Board_Unlock_Survivalists_4,resources.assets
-1267098599,WorldObject,Mission_Board_Unlock_Survivalists_5,resources.assets
-1732244590,WorldObject,Mission_BobersMissionBoard_BeaverTwin_01_TalkToBober,resources.assets
-1103057922,WorldObject,Mission_BobersMissionBoard_BeaverTwin_02_CheckIfBorekSpawned,resources.assets
1437223729,WorldObject,Mission_BobersMissionBoard_BeaverTwin_02_PickUpBorek,resources.assets
804455579,WorldObject,Mission_BobersMissionBoard_BeaverTwin_02_UnlockAndLockShopRecipe,resources.assets
-680107145,WorldObject,Mission_BobersMissionBoard_BeaverTwin_03_BorekInWorldDuringDialogue,resources.assets
144839989,WorldObject,Mission_BobersMissionBoard_BeaverTwin_03_TalkToBober,resources.assets
1633650142,WorldObject,Mission_BobersMissionBoard_SafetyFirst_01,resources.assets
-1666713900,WorldObject,Mission_BobersMissionBoard_SafetyFirst_02,resources.assets
-1952382138,WorldObject,Mission_Bridge_Cutscene,resources.assets
907544168,WorldObject,Mission_BuildTheSatelliteTable,resources.assets
682530771,WorldObject,Mission_Cannon_InventoryUIDisplayRDYToFire,resources.assets
1452091158,WorldObject,Mission_Cannon_SellBase,resources.assets
1244581423,WorldObject,Mission_Cannon_SellUpgraded,resources.assets
424204391,WorldObject,Mission_CaveBridge_00_RepairBridge,resources.assets
-2118941746,WorldObject,Mission_CaveBridge_HideHeatResistentShoesRecipe,resources.assets
-850320778,WorldObject,Mission_Cheat_AllRecipes,resources.assets
2137695998,WorldObject,Mission_Cheat_AllStats,resources.assets
-676491032,WorldObject,Mission_Cheat_SatelliteQuest,resources.assets
-2064712881,WorldObject,Mission_Cheat_SpawnCompleteWorkhall,resources.assets
1818131983,WorldObject,Mission_Cheat_UnlockMissionBoardMissionAdultClub,resources.assets
-2008919504,WorldObject,Mission_Cheat_UnlockMissionBoardMissions,resources.assets
-122034053,WorldObject,Mission_CheckIfPlayerClose,resources.assets
1096335158,WorldObject,Mission_CheckWellInventory,resources.assets
-2111272653,WorldObject,Mission_Chester_00_1_UnlockCompaniola,resources.assets
214316704,WorldObject,Mission_Chester_00_1_UnlockMimic,resources.assets
-1907261814,WorldObject,Mission_Chester_00_1_UnlockQuestionMarc,resources.assets
-727439297,WorldObject,Mission_Chester_01_1_WalkToChester,resources.assets
961437786,WorldObject,Mission_Chester_01_2_SpawnShit,resources.assets
-1756698239,WorldObject,Mission_Chester_01_3_SpawnHayBale,resources.assets
-1947250975,WorldObject,Mission_Chester_01_4_SpawnPortal,resources.assets
1579327134,WorldObject,Mission_Chester_02_1_GoThroughPortal,resources.assets
-100864435,WorldObject,Mission_Chester_03_1_Find3MemoryPictures,resources.assets
-472792945,WorldObject,Mission_Chester_04_1_SpawnPics,resources.assets
-214270641,WorldObject,Mission_Chester_SavegameUpgrade6,resources.assets
-1231045687,WorldObject,Mission_ChopChopLog_Firewood_Birch_Finished,resources.assets
1381199034,WorldObject,Mission_ChopChopLog_Firewood_Birch_Minigame,resources.assets
591186972,WorldObject,Mission_ChopChopLog_Firewood_Birch_Minigame_Bad,resources.assets
1095156048,WorldObject,Mission_ChopChopLog_Firewood_Birch_Minigame_Good,resources.assets
-1888133603,WorldObject,Mission_ChopChopLog_Firewood_Birch_Minigame_Normal,resources.assets
1851075967,WorldObject,Mission_ChopChopLog_Firewood_Birch_WhileActive,resources.assets
-1760061572,WorldObject,Mission_CityUpgrade_BuildAdvertisementSigns,resources.assets
-108036172,WorldObject,Mission_CityUpgrade_BuildBanks,resources.assets
-1996668358,WorldObject,Mission_CityUpgrade_BuildBotanicalGarden,resources.assets
263578246,WorldObject,Mission_CityUpgrade_BuildCityNameLetters,resources.assets
-1431319123,WorldObject,Mission_CityUpgrade_BuildHotAirBalloons,resources.assets
1508324154,WorldObject,Mission_CityUpgrade_BuildHotels,resources.assets
-533475248,WorldObject,Mission_CityUpgrade_BuildResidentialBuildings,resources.assets
1344463837,WorldObject,Mission_CityUpgrade_BuildTelevisionTower,resources.assets
1842389936,WorldObject,Mission_CityUpgrade_Hidden_TryUnlockAdvertisementSigns,resources.assets
-289321384,WorldObject,Mission_CityUpgrade_Hidden_TryUnlockBanks,resources.assets
-1183301851,WorldObject,Mission_CityUpgrade_Hidden_TryUnlockBotanicalGarden,resources.assets
-1032926851,WorldObject,Mission_CityUpgrade_Hidden_TryUnlockCityNameLetters,resources.assets
1971780413,WorldObject,Mission_CityUpgrade_Hidden_TryUnlockHotAirBalloons,resources.assets
2011731984,WorldObject,Mission_CityUpgrade_Hidden_TryUnlockHotels,resources.assets
-902785630,WorldObject,Mission_CityUpgrade_Hidden_TryUnlockResidentialBuildings,resources.assets
-1999817373,WorldObject,Mission_CityUpgrade_Hidden_TryUnlockTelevisionTower,resources.assets
2113619721,WorldObject,Mission_City_1_AcceptCityAdminMission,resources.assets
-1226118137,WorldObject,Mission_City_2_OpenInventory,resources.assets
-272687154,WorldObject,Mission_City_3_AcceptMission,resources.assets
1349415841,WorldObject,Mission_City_AdvertisementSigns,resources.assets
-1249003689,WorldObject,Mission_City_Banks,resources.assets
-1336005114,WorldObject,Mission_City_BotanicalGarden,resources.assets
-309879710,WorldObject,Mission_City_CityNameLetters,resources.assets
-713960229,WorldObject,Mission_City_HotAirBalloons,resources.assets
986894695,WorldObject,Mission_City_Hotels,resources.assets
1338588927,WorldObject,Mission_City_MainTower,resources.assets
-183702883,WorldObject,Mission_City_ResidentialBuildings,resources.assets
-707408758,WorldObject,Mission_City_TelevisionTower,resources.assets
-1422909243,WorldObject,Mission_ControlSprint,resources.assets
291155953,WorldObject,Mission_Cooking_Marshmallow_Finished,resources.assets
609891818,WorldObject,Mission_Cooking_Marshmallow_Minigame,resources.assets
537424670,WorldObject,Mission_Cooking_Marshmallow_Minigame_Bad,resources.assets
-580768986,WorldObject,Mission_Cooking_Marshmallow_Minigame_Good,resources.assets
-90167389,WorldObject,Mission_Cooking_Marshmallow_Minigame_Normal,resources.assets
-1141954547,WorldObject,Mission_Cooking_Marshmallow_WhileActive,resources.assets
1935408998,WorldObject,Mission_Crafter_Beehouse_01_SetUp,resources.assets
1827923315,WorldObject,Mission_Crafter_Beehouse_02_Check,resources.assets
313143139,WorldObject,Mission_Crafter_BlueprintTable_01_SetUp,resources.assets
478638498,WorldObject,Mission_Crafter_BlueprintTable_02_Check,resources.assets
-1602739195,WorldObject,Mission_Crafter_BoberCarvingCrafter_01_SetUp,resources.assets
-199766078,WorldObject,Mission_Crafter_BoberCarvingCrafter_02_Check,resources.assets
-1538739843,WorldObject,Mission_Crafter_Bridge_01_SetUp,resources.assets
1288870929,WorldObject,Mission_Crafter_Bridge_02_Check,resources.assets
1889946693,WorldObject,Mission_Crafter_CityCrafter_01_SetUp,resources.assets
934304177,WorldObject,Mission_Crafter_CityCrafter_02_Check,resources.assets
954800943,WorldObject,Mission_Crafter_DronePlatform_01_SetUp,resources.assets
-1767560617,WorldObject,Mission_Crafter_DronePlatform_02_Check,resources.assets
315686748,WorldObject,Mission_Crafter_ElectroPress,resources.assets
-1042869763,WorldObject,Mission_Crafter_Furnace,resources.assets
-710684107,WorldObject,Mission_Crafter_FurnitureCrafter_01_SetUp,resources.assets
-75801163,WorldObject,Mission_Crafter_FurnitureCrafter_02_Check,resources.assets
190546587,WorldObject,Mission_Crafter_GrindStoneWood_01_SetUp,resources.assets
1523427299,WorldObject,Mission_Crafter_GrindStoneWood_02_Check,resources.assets
190779533,WorldObject,Mission_Crafter_PenguinRockingChair_01_SetUp,resources.assets
-2067766723,WorldObject,Mission_Crafter_PenguinRockingChair_02_Check,resources.assets
1587057291,WorldObject,Mission_Crafter_PlanksJumpPuzzle_01_SetUp,resources.assets
202098700,WorldObject,Mission_Crafter_PlanksJumpPuzzle_02_Check,resources.assets
1764535455,WorldObject,Mission_Crafter_Ramp_01_SetUp,resources.assets
-1125082414,WorldObject,Mission_Crafter_Ramp_02_Check,resources.assets
-835102266,WorldObject,Mission_Crafter_SawHorse,resources.assets
135058226,WorldObject,Mission_Crafter_SawHorseComplete,resources.assets
-1281437937,WorldObject,Mission_Crafter_Sawhorse_01_SetUp,resources.assets
1683734633,WorldObject,Mission_Crafter_Sawhorse_02_Check,resources.assets
52236511,WorldObject,Mission_Crafter_WoodElevator_01_SetUp,resources.assets
1036810579,WorldObject,Mission_Crafter_WoodElevator_02_Check,resources.assets
1089577854,WorldObject,Mission_CutTree_IncreaseStrength,resources.assets
-1442759996,WorldObject,Mission_DEACTIVATEPlayer,resources.assets
631294169,WorldObject,Mission_DelayedDestruction_Factory05,resources.assets
-1320581019,WorldObject,Mission_DelayedDestruction_Factory06,resources.assets
-768039025,WorldObject,Mission_DelayedDestruction_Factory08,resources.assets
1277058494,WorldObject,Mission_DelayedDestruction_Factory97,resources.assets
-2097000391,WorldObject,Mission_DialogueStopAssault,resources.assets
-597839847,WorldObject,Mission_DialogueWhenTurtleHitWOShell,resources.assets
-1820949346,WorldObject,Mission_DialogueWhenTurtleHitWShell,resources.assets
-1930226826,WorldObject,Mission_DucksCult_01_InfoAboutLewis,resources.assets
-973584958,WorldObject,Mission_DucksCult_02_BringLuisBack,resources.assets
1738632714,WorldObject,Mission_DucksCult_03_PlaceLuisForRitual,resources.assets
1716531399,WorldObject,Mission_DucksCult_04_TalkToCultLeader,resources.assets
-2057155773,WorldObject,Mission_DucksCult_05_RitualAnimation,resources.assets
-1082058710,WorldObject,Mission_DucksCult_06_RepairChains,resources.assets
-1895735772,WorldObject,Mission_DucksCult_07_GoToLewis,resources.assets
-1132882068,WorldObject,Mission_DucksCult_08_GetBlueprint,resources.assets
-228108435,WorldObject,Mission_DucksCult_09_Jackpot,resources.assets
496641802,WorldObject,Mission_Ducks_00_KillPlayer,resources.assets
-1754323965,WorldObject,Mission_Ducks_00_TimerToRespawnTrigger,resources.assets
1267298590,WorldObject,Mission_Ducks_00_TimerToShotgun,resources.assets
-2094003284,WorldObject,Mission_Ducks_01_GoToWife,resources.assets
1424286877,WorldObject,Mission_Ducks_02_CollectMushrooms,resources.assets
-1066204743,WorldObject,Mission_Ducks_03_DeliverMushrooms01,resources.assets
-960148941,WorldObject,Mission_Ducks_04_MushroomsDelivered01,resources.assets
-1175402021,WorldObject,Mission_Ducks_05_GoToHusband,resources.assets
122207114,WorldObject,Mission_Ducks_06_CollectKeyGatherShrooms,resources.assets
171887291,WorldObject,Mission_Ducks_07_UnlockGateSpawnVoidTP,resources.assets
1079122304,WorldObject,Mission_Ducks_08_DeliverMushrooms02,resources.assets
1597395300,WorldObject,Mission_Ducks_09_MushroomsDelivered02,resources.assets
89216587,WorldObject,Mission_Ducks_10_HelpWithCooking,resources.assets
-1262287698,WorldObject,Mission_Ducks_11_PutMushroomsIntoPot,resources.assets
291286148,WorldObject,Mission_Ducks_12_TakeTheSoupSpoon,resources.assets
473602813,WorldObject,Mission_Ducks_13_DucksDinner,resources.assets
756217029,WorldObject,Mission_Ducks_14_DucksDinner01,resources.assets
299571325,WorldObject,Mission_Ducks_15_DucksDinner02,resources.assets
601667822,WorldObject,Mission_Ducks_16_DucksDinnerShotgun02,resources.assets
-1032076724,WorldObject,Mission_Ducks_16_DucksDinnerShotgun03,resources.assets
736591262,WorldObject,Mission_Ducks_16_DucksDinnerShotgunTableAnimation01,resources.assets
-1171633626,WorldObject,Mission_Ducks_17A_ENDDuckAtWindow,resources.assets
891221676,WorldObject,Mission_Ducks_17B_ENDShootWithShotgun,resources.assets
-1557025364,WorldObject,Mission_Ducks_17C_ENDKillandRestart,resources.assets
-952686791,WorldObject,Mission_Ducks_98_SpawnCandleFlamesAndPostPro,resources.assets
-793994529,WorldObject,Mission_Ducks_99_RemoveCandleFlamsAndPostPro,resources.assets
2105611604,WorldObject,Mission_END_TPPlayerToArea1,resources.assets
-1436499404,WorldObject,Mission_ElectroGrindstone_1_BuildElectroGrindstone,resources.assets
-1594635601,WorldObject,Mission_ElectroGrindstone_2_CraftANewAxe,resources.assets
1656309386,WorldObject,Mission_FindASolutionToOvercomeTheCold,resources.assets
-1209509996,WorldObject,Mission_FindChessKing_00_Intro,resources.assets
1131790997,WorldObject,Mission_FindChessKing_01_FindTheKing,resources.assets
-747635281,WorldObject,Mission_FindChessKing_02_KingDialogue,resources.assets
2144426613,WorldObject,Mission_FindChessKing_03_TellTheQueen,resources.assets
375407453,WorldObject,Mission_FitnessBoard_Race01,resources.assets
-946724921,WorldObject,Mission_FitnessBoard_Race01_Loss,resources.assets
1890437215,WorldObject,Mission_FitnessBoard_Race01_Timer,resources.assets
-1925042344,WorldObject,Mission_FitnessBoard_Race01_Win,resources.assets
-2066623067,WorldObject,Mission_FitnessBoard_Race02,resources.assets
1706966125,WorldObject,Mission_FitnessBoard_Race03,resources.assets
-574541127,WorldObject,Mission_FitnessCrab_01_WalkToCrab,resources.assets
-813690221,WorldObject,Mission_FitnessCrab_02A_WalkToCrab,resources.assets
1490043548,WorldObject,Mission_FitnessCrab_02_PickUpCannon,resources.assets
570902453,WorldObject,Mission_FitnessCrab_03A_CollectNewWeights,resources.assets
-967594810,WorldObject,Mission_FitnessCrab_03B_WalkToCrab,resources.assets
1050474536,WorldObject,Mission_FitnessCrab_03_CraftNewWeights,resources.assets
17847857,WorldObject,Mission_FitnessCrab_04_UnlockKettlebellRecipe,resources.assets
-1450529525,WorldObject,Mission_FoundRubberduck,resources.assets
900517452,WorldObject,Mission_FoundRubberduck01,resources.assets
1051266624,WorldObject,Mission_FoundRubberduck02,resources.assets
1572377691,WorldObject,Mission_FoundRubberduck03,resources.assets
-21072281,WorldObject,Mission_FoundRubberduck04,resources.assets
1231800772,WorldObject,Mission_FoundRubberduck05,resources.assets
1683960079,WorldObject,Mission_FoundRubberduck06,resources.assets
1290390844,WorldObject,Mission_FoundRubberduck07,resources.assets
-1769902898,WorldObject,Mission_FoundRubberduck08,resources.assets
-108682559,WorldObject,Mission_FoundRubberduck09,resources.assets
-1845180143,WorldObject,Mission_FoundRubberduck10,resources.assets
-1378275121,WorldObject,Mission_FoundRubberduck11,resources.assets
-29742750,WorldObject,Mission_FoundRubberduck12,resources.assets
-2131311447,WorldObject,Mission_FoundRubberduck13,resources.assets
-384880699,WorldObject,Mission_Furniture_Stool,resources.assets
-698993489,WorldObject,Mission_Furnox01_InitializeStinkbombAttack,resources.assets
1931060,WorldObject,Mission_Furnox02_KillFurnoxDrone,resources.assets
-2083215011,WorldObject,Mission_Garden_UnlockRecipe,resources.assets
-756885227,WorldObject,Mission_GenovatechLab_00_RepairDoor,resources.assets
1341841391,WorldObject,Mission_GenovatechLab_01_GoToTrigger,resources.assets
438202307,WorldObject,Mission_GenovatechLab_02_ShowUI,resources.assets
-1408081883,WorldObject,Mission_GenovatechLab_03_UpgradeBirchTree,resources.assets
-1036444406,WorldObject,Mission_GenovatechLab_UpgradeTree_Apple,resources.assets
369867081,WorldObject,Mission_GenovatechLab_UpgradeTree_Birch,resources.assets
-5451453,WorldObject,Mission_GenovatechLab_UpgradeTree_Crystal,resources.assets
1489651737,WorldObject,Mission_GenovatechLab_UpgradeTree_Electro,resources.assets
399421884,WorldObject,Mission_GenovatechLab_UpgradeTree_Metal,resources.assets
1946012595,WorldObject,Mission_GenovatechLab_UpgradeTree_Palm,resources.assets
-796550635,WorldObject,Mission_GenovatechLab_UpgradeTree_Stone,resources.assets
-1730740271,WorldObject,Mission_GenovatechLab_UpgradeTree_Walnut,resources.assets
-303915021,WorldObject,Mission_HamsterCave_00_Intro,resources.assets
-934735364,WorldObject,Mission_HamsterCave_01_ComeCloser,resources.assets
1763918810,WorldObject,Mission_HamsterCave_02_Pillow,resources.assets
-1581444550,WorldObject,Mission_HamsterCave_02_PillowBack,resources.assets
-1508772884,WorldObject,Mission_HamsterCave_03_BringPickleChocoMix,resources.assets
888247362,WorldObject,Mission_HamsterCave_03_PicklesBack,resources.assets
-1128567019,WorldObject,Mission_HamsterCave_04_FixThePipe,resources.assets
757144945,WorldObject,Mission_HamsterCave_05_BuildHamsterCage,resources.assets
116570262,WorldObject,Mission_HamsterDad,resources.assets
-1157080197,WorldObject,Mission_HamsterDadAngry,resources.assets
927150118,WorldObject,Mission_HamsterKillPlayer,resources.assets
-1593206220,WorldObject,Mission_HamsterNinjaAttack,resources.assets
1559645404,WorldObject,Mission_Hamstercave_06_CheckIfCageIsBuilt,resources.assets
-1693750222,WorldObject,Mission_HamstersInPipes,resources.assets
-1226261018,WorldObject,Mission_Hidden_00_ChickenMassacre,resources.assets
1268129191,WorldObject,Mission_Hidden_01_AxeAfterTutorialSkip,resources.assets
-248309444,WorldObject,Mission_Hidden_02_ExplorerAirdropReward,resources.assets
706814368,WorldObject,Mission_Hidden_02_ExplorerCoinsReward,resources.assets
-253079617,WorldObject,Mission_Hidden_03_WalkOnWater,resources.assets
1465042439,WorldObject,Mission_Hidden_04A_Beehouse01Spawned,resources.assets
-1227862034,WorldObject,Mission_Hidden_04B_Beehouse01FilledTimer,resources.assets
650800629,WorldObject,Mission_Hidden_04C_Beehouse01EmptyHit,resources.assets
-1064298784,WorldObject,Mission_Hidden_04_UnlockBeehouse,resources.assets
1641576534,WorldObject,Mission_Hidden_05_UnlockAppleWoodSawhorse_FullTrunk,resources.assets
342589710,WorldObject,Mission_Hidden_05_UnlockBirchWoodSawhorse_FullTrunk,resources.assets
-337528493,WorldObject,Mission_Hidden_05_UnlockCrystalWoodSawhorse_halfTrunk,resources.assets
1093266035,WorldObject,Mission_Hidden_05_UnlockElectroWoodSawhorse_FullTrunk,resources.assets
-9249414,WorldObject,Mission_Hidden_05_UnlockElectroWoodSawhorse_halfTrunk,resources.assets
-585534096,WorldObject,Mission_Hidden_05_UnlockGlas,resources.assets
-588645556,WorldObject,Mission_Hidden_05_UnlockGoldenFurniture,resources.assets
1920845751,WorldObject,Mission_Hidden_05_UnlockGoldenWoodSawhorse_halfTrunk,resources.assets
-369632839,WorldObject,Mission_Hidden_05_UnlockMetalWoodSawhorse_FullTrunk,resources.assets
515281130,WorldObject,Mission_Hidden_05_UnlockMetalWoodSawhorse_halfTrunk,resources.assets
-592516473,WorldObject,Mission_Hidden_05_UnlockPalmWoodSawhorse_FullTrunk,resources.assets
1045665449,WorldObject,Mission_Hidden_05_UnlockPalmWoodSawhorse_halfTrunk,resources.assets
7110692,WorldObject,Mission_Hidden_05_UnlockStoneWoodSawhorse_FullTrunk,resources.assets
1414519515,WorldObject,Mission_Hidden_05_UnlockStoneWoodSawhorse_halfTrunk,resources.assets
-578182816,WorldObject,Mission_Hidden_05_UnlockWalnutWoodSawhorse_RefinedParts,resources.assets
1959911907,WorldObject,Mission_Hidden_05_UnlockWalnutWoodSawhorse_halfTrunk,resources.assets
-1221278800,WorldObject,Mission_Hidden_06_CaveBridge,resources.assets
471468358,WorldObject,Mission_Hidden_07_CaveBridgeClose,resources.assets
1353729129,WorldObject,Mission_Hidden_07_CaveBridgeLeverBlocker,resources.assets
-1274348112,WorldObject,Mission_Hidden_07_CaveBridgeOpen,resources.assets
-1611468353,WorldObject,Mission_Hidden_07_CaveBridgeOpenStart,resources.assets
-1772018611,WorldObject,Mission_Hidden_07_SpawnClosedStillAfterDelay,resources.assets
1298713084,WorldObject,Mission_Hidden_07_SpawnOpenedStillAfterDelay,resources.assets
1942006761,WorldObject,Mission_Hidden_08_WalkOnLava,resources.assets
-1084865497,WorldObject,Mission_Hidden_12_Hamstertech,resources.assets
245525106,WorldObject,Mission_Hidden_13_PillowBackDialogue,resources.assets
-1459812356,WorldObject,Mission_Hidden_14_PicklesBackDialogue,resources.assets
1303313435,WorldObject,Mission_Hidden_15_Carving,resources.assets
274216771,WorldObject,Mission_Hidden_15_RisingLava,resources.assets
-2013417890,WorldObject,Mission_Hidden_16_HouseBuiltAndWorcestershire02Spawned,resources.assets
-1797269221,WorldObject,Mission_Hidden_17_GoldenShower,resources.assets
222645453,WorldObject,Mission_Hidden_18A_FirstProteinShakeCollected,resources.assets
127497964,WorldObject,Mission_Hidden_18B_EndProteinShake,resources.assets
1114729590,WorldObject,Mission_Hidden_18_CheckIfProteinShakeCollected,resources.assets
-1584216227,WorldObject,Mission_Hidden_19_BrokenTPsatBase,resources.assets
-1985055363,WorldObject,Mission_Hidden_20A_TPsInWorldUI,resources.assets
-2134249240,WorldObject,Mission_Hidden_20B_TPsInWorldEND,resources.assets
-968154706,WorldObject,Mission_Hidden_20_TPsInWorld,resources.assets
1168181196,WorldObject,Mission_Hidden_21_UnlockFoodCookingStation,resources.assets
1490637123,WorldObject,Mission_Hidden_22A_EndGesturesIntroduction,resources.assets
1939678064,WorldObject,Mission_Hidden_22_GesturesIntroduction,resources.assets
-341162343,WorldObject,Mission_Hidden_23A_DelayAndUIIntroductionGestures,resources.assets
1979075902,WorldObject,Mission_Hidden_23_CheckIfGestureAtFurnox,resources.assets
-914784255,WorldObject,Mission_Hidden_24_RemoveTreesAtWorkHall,resources.assets
-609449646,WorldObject,Mission_Hidden_25A_ChopChopBlockntroduction,resources.assets
268821408,WorldObject,Mission_Hidden_25_CheckForChopChopBlockntroduction,resources.assets
-780541319,WorldObject,Mission_Hidden_25b_EndChopChopBlockntroduction,resources.assets
-603611488,WorldObject,Mission_Hidden_26A_InfluenceGainIntroduction,resources.assets
-714116163,WorldObject,Mission_Hidden_26B_EndInfluenceGainIntroduction,resources.assets
159269844,WorldObject,Mission_Hidden_26_WaitForInfluenceGain,resources.assets
-1398605036,WorldObject,Mission_Hidden_27_CheckIfTreasureMapShopIsPurchased,resources.assets
-1077221629,WorldObject,Mission_Hidden_28_CheckIfTreasureMapIglooIsPickedUp,resources.assets
-533136897,WorldObject,Mission_Hidden_29_RemoveTreesAtAutoharvestArea,resources.assets
-1869965511,WorldObject,Mission_Hidden_30_FurnitureCrafterUpgrade,resources.assets
-1464483205,WorldObject,Mission_Hidden_31_Destroybillboard,resources.assets
1917497778,WorldObject,Mission_Hidden_32_CannonPickedUp,resources.assets
-206194290,WorldObject,Mission_Hidden_33_CheckIfBorekInWorld,resources.assets
1579353257,WorldObject,Mission_Hidden_AfterDinnerDeleteShootoutInside,resources.assets
48520413,WorldObject,Mission_Hidden_AfterShootoutCouple,resources.assets
-1226255323,WorldObject,Mission_Hidden_CheckIFCanonCollected,resources.assets
-1505657952,WorldObject,Mission_Hidden_CheckIFPlayerInRange,resources.assets
-660746256,WorldObject,Mission_Hidden_CheckIFWorkhallInventoryExists,resources.assets
-1286880369,WorldObject,Mission_Hidden_CheckIfPressIsBuilt,resources.assets
-939316564,WorldObject,Mission_Hidden_ChesterMoney00,resources.assets
263204115,WorldObject,Mission_Hidden_ChesterMoney01,resources.assets
187261809,WorldObject,Mission_Hidden_ChesterMoney02,resources.assets
2096223778,WorldObject,Mission_Hidden_ChesterMoney03,resources.assets
-917880362,WorldObject,Mission_Hidden_ChesterMoney04,resources.assets
-252910209,WorldObject,Mission_Hidden_ChesterMoney05,resources.assets
26341154,WorldObject,Mission_Hidden_ChesterMoney06,resources.assets
-33333188,WorldObject,Mission_Hidden_ChesterMoney07,resources.assets
2047746033,WorldObject,Mission_Hidden_ChesterMoney08,resources.assets
1419875674,WorldObject,Mission_Hidden_ChesterMoney09,resources.assets
-751794294,WorldObject,Mission_Hidden_Chester_03_1_MimicPictureBringToChester,resources.assets
640339418,WorldObject,Mission_Hidden_Chester_03_1_MimicPictureCraftable,resources.assets
-232255927,WorldObject,Mission_Hidden_Chester_03_1_MimicPictureDEPRECATED,resources.assets
-621725766,WorldObject,Mission_Hidden_Chester_03_1_MimicPicturePickup,resources.assets
-628169347,WorldObject,Mission_Hidden_Chester_03_2_MarcPictureBringToChester,resources.assets
-1599842669,WorldObject,Mission_Hidden_Chester_03_2_MarcPictureCraftable,resources.assets
305511846,WorldObject,Mission_Hidden_Chester_03_2_MarcPictureDEPRECATED,resources.assets
921779311,WorldObject,Mission_Hidden_Chester_03_2_MarcPicturePickup,resources.assets
-1920177674,WorldObject,Mission_Hidden_Chester_03_3_CompaniolaPictureBringToChester,resources.assets
700844098,WorldObject,Mission_Hidden_Chester_03_3_CompaniolaPictureCraftable,resources.assets
-2092107024,WorldObject,Mission_Hidden_Chester_03_3_CompaniolaPictureDEPRECATED,resources.assets
-1744923781,WorldObject,Mission_Hidden_Chester_03_3_CompaniolaPicturePickup,resources.assets
1742095129,WorldObject,Mission_Hidden_DuckAtWindow01,resources.assets
-1201334316,WorldObject,Mission_Hidden_DuckAtWindowShotgun,resources.assets
-398912343,WorldObject,Mission_Hidden_DucksAfterMushrooms,resources.assets
1833115850,WorldObject,Mission_Hidden_GrindstoneElectro,resources.assets
243669217,WorldObject,Mission_Hidden_GrindstoneMetal,resources.assets
-27782017,WorldObject,Mission_Hidden_HayPipeDestructible,resources.assets
-1520962212,WorldObject,Mission_Hidden_IntroductionDucks,resources.assets
-779258823,WorldObject,Mission_Hidden_ListenForHamsterAssault,resources.assets
1199827161,WorldObject,Mission_Hidden_WaitForElevatorBuild,resources.assets
-1324493580,WorldObject,Mission_HolySlotMachine_00_ListenForLeverHit,resources.assets
-2101839501,WorldObject,Mission_HolySlotMachine_00_MissionFORCrafterStartListenForLeverHit,resources.assets
926220385,WorldObject,Mission_HolySlotMachine_00_SpawnSuperWin01,resources.assets
-750800302,WorldObject,Mission_HolySlotMachine_00_SpawnSuperWin02,resources.assets
-2012846976,WorldObject,Mission_HolySlotMachine_00_SpawnSuperWin03,resources.assets
-2022657698,WorldObject,Mission_HolySlotMachine_00_SpawnSuperWin04,resources.assets
136821591,WorldObject,Mission_HolySlotMachine_00_SpawnWin01,resources.assets
-141455676,WorldObject,Mission_HolySlotMachine_00_SpawnWin02,resources.assets
-55948450,WorldObject,Mission_HolySlotMachine_00_SpawnWin03,resources.assets
62950484,WorldObject,Mission_HolySlotMachine_00_SpawnWin04,resources.assets
-926938144,WorldObject,Mission_HolySlotMachine_00_StartRNDMission,resources.assets
1581544605,WorldObject,Mission_HolySlotMachine_00_StartRNDSuperWinMission01,resources.assets
-1403084036,WorldObject,Mission_HolySlotMachine_00_StartRNDSuperWinMission02,resources.assets
787830423,WorldObject,Mission_HolySlotMachine_00_StartRNDSuperWinMission03,resources.assets
66781407,WorldObject,Mission_HolySlotMachine_00_StartRNDSuperWinMission04,resources.assets
-561993192,WorldObject,Mission_HolySlotMachine_01_Lose01,resources.assets
879288896,WorldObject,Mission_HolySlotMachine_01_Lose02,resources.assets
1808895909,WorldObject,Mission_HolySlotMachine_01_Lose03,resources.assets
960802710,WorldObject,Mission_HolySlotMachine_01_Lose04,resources.assets
204547751,WorldObject,Mission_HolySlotMachine_01_SuperWin01,resources.assets
440414763,WorldObject,Mission_HolySlotMachine_01_SuperWin02,resources.assets
-874271005,WorldObject,Mission_HolySlotMachine_01_SuperWin03,resources.assets
1536796538,WorldObject,Mission_HolySlotMachine_01_SuperWin04,resources.assets
-1057038442,WorldObject,Mission_HolySlotMachine_01_Win01,resources.assets
1657235961,WorldObject,Mission_HolySlotMachine_01_Win02,resources.assets
1762721085,WorldObject,Mission_HolySlotMachine_01_Win03,resources.assets
-1000687935,WorldObject,Mission_HolySlotMachine_01_Win04,resources.assets
428059573,WorldObject,Mission_HolySlotMachine_03A_WinEffect,resources.assets
-463033305,WorldObject,Mission_HolySlotMachine_03B_SuperWinEffect,resources.assets
335157420,WorldObject,Mission_HolySlotMachine_04_SuperWINActive,resources.assets
2088177354,WorldObject,Mission_HolySlotMachine_99_BlockLever,resources.assets
8069953,WorldObject,Mission_HomeSweetHome_00_WalkToChester,resources.assets
1316138816,WorldObject,Mission_HomeSweetHome_01_MakeSomeMoola,resources.assets
149420783,WorldObject,Mission_HomeSweetHome_02_WalkToChester,resources.assets
-304872045,WorldObject,Mission_HomeSweetHome_03_AskForProperty,resources.assets
-1092535998,WorldObject,Mission_HomeSweetHome_04_WakeUp,resources.assets
-1649814039,WorldObject,Mission_HomeSweetHome_05_BuildMailbox,resources.assets
1157859487,WorldObject,Mission_HomeSweetHome_06_OpenMailboxPickUpLetter,resources.assets
-1341294845,WorldObject,Mission_HomeSweetHome_07_WalkToChester,resources.assets
-1472455779,WorldObject,Mission_HomeSweetHome_08_WalkToServant,resources.assets
-1759507869,WorldObject,Mission_HomeSweetHome_09_BuyTheProperty,resources.assets
-411812703,WorldObject,Mission_HomeSweetHome_10_ConstructFence,resources.assets
1066199433,WorldObject,Mission_HomeSweetHome_11_WalkToServant,resources.assets
-1835884664,WorldObject,Mission_HomeSweetHome_12_ShredFiles,resources.assets
744635685,WorldObject,Mission_HomeSweetHome_12_Wait,resources.assets
-1774666443,WorldObject,Mission_HomeSweetHome_13_WalkToServant1,resources.assets
-824191658,WorldObject,Mission_HomeSweetHome_13_WalkToServant2Wait,resources.assets
449988441,WorldObject,Mission_HomeSweetHome_14_RemoveTent,resources.assets
-375795108,WorldObject,Mission_HomeSweetHome_HIDDEN_Tent,resources.assets
418344510,WorldObject,Mission_Introduction_00_FactoryInWorld01,resources.assets
1114390996,WorldObject,Mission_Introduction_00_FactoryInWorld02,resources.assets
-350096219,WorldObject,Mission_Introduction_00_FactoryInWorld03,resources.assets
456134968,WorldObject,Mission_Introduction_00_FactoryInWorld04,resources.assets
-307233102,WorldObject,Mission_Introduction_00_FactoryInWorld05,resources.assets
-494537716,WorldObject,Mission_Introduction_00_FactoryInWorld06,resources.assets
1481270331,WorldObject,Mission_Introduction_00_FactoryInWorld08,resources.assets
-1812958158,WorldObject,Mission_Introduction_00_FactoryInWorld09,resources.assets
-124489371,WorldObject,Mission_Introduction_00_OfficeMeshInWorld,resources.assets
-2004719109,WorldObject,Mission_Introduction_96_FactoryInWorld,resources.assets
575501601,WorldObject,Mission_Introduction_97_FactoryInWorld,resources.assets
473319933,WorldObject,Mission_Introduction_98_DeadTrees,resources.assets
305655153,WorldObject,Mission_Introduction_99A_GreyRocks,resources.assets
293874504,WorldObject,Mission_Introduction_99B_DELAY,resources.assets
102538291,WorldObject,Mission_Introduction_99B_ReNatureAnimation,resources.assets
-1059156866,WorldObject,Mission_Introduction_99C_ReNature,resources.assets
1905263581,WorldObject,Mission_Introduction_99D_ReNatureRocks,resources.assets
1073709694,WorldObject,Mission_IonBeam_SatelliteTable_01_SetUp,resources.assets
512145495,WorldObject,Mission_IonBeam_SatelliteTable_02_Check,resources.assets
95464506,WorldObject,Mission_LockHouseUpgradeSpawnSlot_CookingStation,resources.assets
-166639768,WorldObject,Mission_LockHouseUpgradeSpawnSlot_Garden,resources.assets
-1778448582,WorldObject,Mission_LockHouseUpgradeSpawnSlot_Treadmill,resources.assets
-1316608708,WorldObject,Mission_LockHouseUpgradeSpawnSlot_WeightBench,resources.assets
48173053,WorldObject,Mission_LockHouseUpgradeSpawnSlot_WorkhallAutoButtonCanon,resources.assets
1218367116,WorldObject,Mission_LockHouseUpgradeSpawnSlot_WorkhallAutoButtonFurnaceAndPress,resources.assets
-834396368,WorldObject,Mission_LockHouseUpgradeSpawnSlot_WorkhallAutoButtonFurnitureCrafter,resources.assets
575314744,WorldObject,Mission_LockHouseUpgradeSpawnSlot_WorkhallAutoButtonHarvester,resources.assets
-1207261624,WorldObject,Mission_LockHouseUpgradeSpawnSlot_WorkhallAutoButtonSawMachine,resources.assets
473969404,WorldObject,Mission_LockHouseUpgradeSpawnSlot_WorkhallAutomaticElectroPress,resources.assets
990479571,WorldObject,Mission_LockHouseUpgradeSpawnSlot_WorkhallAutomaticFurnace,resources.assets
-209278845,WorldObject,Mission_LockHouseUpgradeSpawnSlot_WorkhallBeams,resources.assets
1460007607,WorldObject,Mission_LockHouseUpgradeSpawnSlot_WorkhallButtonCanon,resources.assets
176296242,WorldObject,Mission_LockHouseUpgradeSpawnSlot_WorkhallButtonContainerFurnaceAndPress,resources.assets
565197856,WorldObject,Mission_LockHouseUpgradeSpawnSlot_WorkhallButtonContainerFurnitureCrafter,resources.assets
378129200,WorldObject,Mission_LockHouseUpgradeSpawnSlot_WorkhallButtonContainerSawMachine,resources.assets
-234696318,WorldObject,Mission_LockHouseUpgradeSpawnSlot_WorkhallCanonBase,resources.assets
-890832719,WorldObject,Mission_LockHouseUpgradeSpawnSlot_WorkhallCanonFoundation,resources.assets
-1645634810,WorldObject,Mission_LockHouseUpgradeSpawnSlot_WorkhallCanonUpgrade,resources.assets
-1828011125,WorldObject,Mission_LockHouseUpgradeSpawnSlot_WorkhallFoundation01,resources.assets
603260117,WorldObject,Mission_LockHouseUpgradeSpawnSlot_WorkhallFoundation02,resources.assets
-966137253,WorldObject,Mission_LockHouseUpgradeSpawnSlot_WorkhallFoundation03,resources.assets
-295783305,WorldObject,Mission_LockHouseUpgradeSpawnSlot_WorkhallFurnaceAndPressContainer,resources.assets
1850265786,WorldObject,Mission_LockHouseUpgradeSpawnSlot_WorkhallFurnitureCrafter,resources.assets
560575333,WorldObject,Mission_LockHouseUpgradeSpawnSlot_WorkhallFurnitureCrafterContainer,resources.assets
971786920,WorldObject,Mission_LockHouseUpgradeSpawnSlot_WorkhallPipingIntake,resources.assets
1468405045,WorldObject,Mission_LockHouseUpgradeSpawnSlot_WorkhallRailings01,resources.assets
-315522378,WorldObject,Mission_LockHouseUpgradeSpawnSlot_WorkhallSawMachine,resources.assets
-2035359441,WorldObject,Mission_LockHouseUpgradeSpawnSlot_WorkhallSawMachineContainer,resources.assets
1274708779,WorldObject,Mission_MetalGrindstone_1_BuildMetalGrindstone,resources.assets
1565625456,WorldObject,Mission_MetalGrindstone_2_CraftANewAxe,resources.assets
-715732995,WorldObject,Mission_MinigameTimingTest,resources.assets
-1195437497,WorldObject,Mission_MinigameTimingTest_Good,resources.assets
-185375874,WorldObject,Mission_MinigameTimingTest_Normal,resources.assets
1801498822,WorldObject,Mission_MissionMailbox_1_TalkToChesterAboutMailbox,resources.assets
145636176,WorldObject,Mission_MissionMailbox_2_BuildBlueprintTable,resources.assets
1751038166,WorldObject,Mission_MissionMailbox_3_UnlockMailbox,resources.assets
447844019,WorldObject,Mission_MissionMailbox_4_CraftMailbox,resources.assets
1290869125,WorldObject,Mission_MissionMailbox_5_SetUpMailbox,resources.assets
456641097,WorldObject,Mission_MountainElevator_01_SpawnElevatorOpenDoorsInitial,resources.assets
-2060934729,WorldObject,Mission_MountainElevator_02_AnimationTimer01,resources.assets
-1452850768,WorldObject,Mission_MountainElevator_03_SpawnElevatorButtons,resources.assets
-1355493358,WorldObject,Mission_MountainElevator_RepairMountainElevator,resources.assets
978379246,WorldObject,Mission_MoveToWorkhallInventory,resources.assets
2006101817,WorldObject,Mission_OldWindmill_00_RemoveBrokenWings,resources.assets
-1525916395,WorldObject,Mission_OldWindmill_01_HideWingRecipe01,resources.assets
-1107135578,WorldObject,Mission_OldWindmill_01_HideWingRecipe02,resources.assets
2033668455,WorldObject,Mission_OldWindmill_01_HideWingRecipe03,resources.assets
-1492104922,WorldObject,Mission_OldWindmill_01_HideWingRecipe04,resources.assets
1075022590,WorldObject,Mission_OldWindmill_01_RepairWings,resources.assets
1920847676,WorldObject,Mission_OldWindmill_02_CleanUpWindmill,resources.assets
-299398285,WorldObject,Mission_OldWindmill_03_WhackWindmill01,resources.assets
-1495961797,WorldObject,Mission_OldWindmill_04_DestroyItem,resources.assets
540923185,WorldObject,Mission_OldWindmill_HIDDEN,resources.assets
515959889,WorldObject,Mission_OnPlayerDeath,resources.assets
-685798918,WorldObject,Mission_OnPlayerRespawn,resources.assets
753345339,WorldObject,Mission_Penguin_01_FreePenguin,resources.assets
1609122737,WorldObject,Mission_Penguin_02_BorrowSkis,resources.assets
-1755595108,WorldObject,Mission_Penguin_03_GoToPenguin,resources.assets
2016210429,WorldObject,Mission_Penguin_04_BuildRamp,resources.assets
1606459462,WorldObject,Mission_Penguin_05_GoToPenguin,resources.assets
-123512499,WorldObject,Mission_Penguin_06_BuildSled,resources.assets
2070892899,WorldObject,Mission_Penguin_07_TakeTape,resources.assets
-816795095,WorldObject,Mission_Penguin_08_GoToPenguin,resources.assets
-1079710002,WorldObject,Mission_Penguin_09_GoToTrigger,resources.assets
1769111683,WorldObject,Mission_Penguin_10_StuntAnimTimer,resources.assets
8535414,WorldObject,Mission_Penguin_11_GoToPenguin,resources.assets
-919717388,WorldObject,Mission_Penguin_12_SpawnHat,resources.assets
1078174080,WorldObject,Mission_PipeIntakeEmptyObj,resources.assets
1690166,WorldObject,Mission_PipeIntakeWIthPicklesObj,resources.assets
-449078256,WorldObject,Mission_RekindleTheFlame_01,resources.assets
700217791,WorldObject,Mission_RemoveHarvestersUnlockGlass,resources.assets
1906443429,WorldObject,Mission_SacrificeBowl_ChickenKing_Check,resources.assets
1527818151,WorldObject,Mission_SacrificeBowl_ChickenKing_Success,resources.assets
-1350193129,WorldObject,Mission_SacrificeBowl_DemonicChickens_Check,resources.assets
556174644,WorldObject,Mission_SacrificeBowl_DemonicChickens_Success,resources.assets
1649508521,WorldObject,Mission_SacrificeBowl_GoldenEgg_Check,resources.assets
2125044592,WorldObject,Mission_SacrificeBowl_GoldenEgg_Success,resources.assets
-341791653,WorldObject,Mission_SacrificeBowl_HamsterBalloon_Check,resources.assets
-925929160,WorldObject,Mission_SacrificeBowl_HamsterBalloon_Success,resources.assets
798159506,WorldObject,Mission_SacrificeBowl_MountDuckmore_Check,resources.assets
586024344,WorldObject,Mission_SacrificeBowl_MountDuckmore_Success,resources.assets
-158353995,WorldObject,Mission_SavegameUpgrade_10_TinfoilMissionFix,resources.assets
-241933452,WorldObject,Mission_SavegameUpgrade_13A_SwapWatermines,resources.assets
-1408996098,WorldObject,Mission_SavegameUpgrade_13_CheckForWatermines,resources.assets
-774976261,WorldObject,Mission_SavegameUpgrade_4_IsHouseBuilt,resources.assets
-1481166969,WorldObject,Mission_SavegameUpgrade_4_UnlockFishing,resources.assets
-435045664,WorldObject,Mission_SavegameUpgrade_4_UnlockFurniture,resources.assets
263789011,WorldObject,Mission_SavegameUpgrade_5_UnlockPlaceableFurniture,resources.assets
1804715090,WorldObject,Mission_SavegameUpgrade_6_UnlockGardenPlants,resources.assets
854930393,WorldObject,Mission_SavegameUpgrade_8_UnlockPlaceableWallFurniture,resources.assets
-2033961865,WorldObject,Mission_SavegameUpgrade_9_UnlockHexShelvesAfterSimpleFurniture,resources.assets
-386979246,WorldObject,Mission_ShopDelivery_Start,resources.assets
325499214,WorldObject,Mission_SirWorcestershire_00_Cloud,resources.assets
556807837,WorldObject,Mission_SirWorcestershire_00_Intro,resources.assets
1148056838,WorldObject,Mission_SirWorcestershire_01_WalkToSir,resources.assets
1196399392,WorldObject,Mission_SirWorcestershire_02_DrinkingProblems,resources.assets
858785633,WorldObject,Mission_SirWorcestershire_03_WalkToSirSpawnFishCrafter,resources.assets
1589673217,WorldObject,Mission_SirWorcestershire_04_SpawnPlan,resources.assets
-1892560704,WorldObject,Mission_SirWorcestershire_05_WalkToSir,resources.assets
1002953178,WorldObject,Mission_SirWorcestershire_06_SmackOffTheBoard,resources.assets
-420661529,WorldObject,Mission_SirWorcestershire_07_AssembleNewBoard,resources.assets
-451900575,WorldObject,Mission_SirWorcestershire_08A_CheckForGrindstone,resources.assets
-155312970,WorldObject,Mission_SirWorcestershire_08_CutDownStoneTree,resources.assets
1944673897,WorldObject,Mission_SirWorcestershire_09A_NoGrindstoneDialogue,resources.assets
1754725791,WorldObject,Mission_SirWorcestershire_09B_WaitForGrindstone,resources.assets
-1645186583,WorldObject,Mission_SirWorcestershire_09_WalkToSir,resources.assets
-1045348483,WorldObject,Mission_SirWorcestershire_10A_CraftANewAxe,resources.assets
1086220506,WorldObject,Mission_SirWorcestershire_10_CraftANewAxe,resources.assets
-412512372,WorldObject,Mission_SirWorcestershire_11_WalkToSir,resources.assets
-1732032530,WorldObject,Mission_SirWorcestershire_12_SpawnTemporaryFish,resources.assets
1527760481,WorldObject,Mission_SirWorcestershire_13_TimerAfterHouseBuilt,resources.assets
-1022605998,WorldObject,Mission_SirWorcestershire_14_SpawnWorcestershireMoveMission,resources.assets
-1303237028,WorldObject,Mission_SirWorcestershire_15_MovableWorcestershireItem,resources.assets
-1871517234,WorldObject,Mission_Snowman_01_GetIntoIceCave,resources.assets
-1073386768,WorldObject,Mission_Snowman_01_SpawnSnowman,resources.assets
-421680969,WorldObject,Mission_Snowman_02_SpawnMountain,resources.assets
19616433,WorldObject,Mission_SpawnAutoButtonVisualsAndTrigger,resources.assets
1586662393,WorldObject,Mission_SpawnFurnitureCrafterButtonSlot,resources.assets
-1607925425,WorldObject,Mission_TheEnd,resources.assets
-369203660,WorldObject,Mission_TheEnd_ShowEndscreen,resources.assets
-2043400250,WorldObject,Mission_ToolUpgrade_01_WoodAxe03,resources.assets
2070147712,WorldObject,Mission_ToolUpgrade_01_WoodAxe04,resources.assets
-421538352,WorldObject,Mission_ToolUpgrade_02_StoneAxe01,resources.assets
-1262903577,WorldObject,Mission_ToolUpgrade_02_StoneAxe02,resources.assets
1668750585,WorldObject,Mission_ToolUpgrade_02_StoneAxe03,resources.assets
1432283264,WorldObject,Mission_ToolUpgrade_02_StoneAxe04,resources.assets
-1343713461,WorldObject,Mission_ToolUpgrade_03_MetalAxe01,resources.assets
1834560515,WorldObject,Mission_ToolUpgrade_03_MetalAxe02,resources.assets
-422635611,WorldObject,Mission_ToolUpgrade_03_MetalAxe03,resources.assets
-949711445,WorldObject,Mission_ToolUpgrade_03_MetalAxe04,resources.assets
-730793673,WorldObject,Mission_ToolUpgrade_04_Crystal01,resources.assets
-1831327250,WorldObject,Mission_ToolUpgrade_04_Crystal02,resources.assets
244276537,WorldObject,Mission_ToolUpgrade_04_Crystal03,resources.assets
-473292295,WorldObject,Mission_ToolUpgrade_04_Crystal04,resources.assets
2089271359,WorldObject,Mission_Treadmill_MoveSpeed1_Finished,resources.assets
-1745267375,WorldObject,Mission_Treadmill_MoveSpeed1_Minigame,resources.assets
-970979444,WorldObject,Mission_Treadmill_MoveSpeed1_Minigame_Bad,resources.assets
-2091312935,WorldObject,Mission_Treadmill_MoveSpeed1_Minigame_Good,resources.assets
-478418210,WorldObject,Mission_Treadmill_MoveSpeed1_Minigame_Normal,resources.assets
-1836559473,WorldObject,Mission_Treadmill_MoveSpeed1_WhileActive,resources.assets
1841733311,WorldObject,Mission_Treadmill_MoveSpeed2_Finished,resources.assets
-503150308,WorldObject,Mission_Treadmill_MoveSpeed2_Minigame,resources.assets
-1714389283,WorldObject,Mission_Treadmill_MoveSpeed2_Minigame_Bad,resources.assets
-1513025072,WorldObject,Mission_Treadmill_MoveSpeed2_Minigame_Good,resources.assets
152671166,WorldObject,Mission_Treadmill_MoveSpeed2_Minigame_Normal,resources.assets
1086612013,WorldObject,Mission_Treadmill_MoveSpeed2_WhileActive,resources.assets
-1562594081,WorldObject,Mission_Treadmill_MoveSpeed3_Finished,resources.assets
-175360434,WorldObject,Mission_Treadmill_MoveSpeed3_Minigame,resources.assets
-1966665648,WorldObject,Mission_Treadmill_MoveSpeed3_Minigame_Bad,resources.assets
1895359033,WorldObject,Mission_Treadmill_MoveSpeed3_Minigame_Good,resources.assets
1608832220,WorldObject,Mission_Treadmill_MoveSpeed3_Minigame_Normal,resources.assets
-1599542400,WorldObject,Mission_Treadmill_MoveSpeed3_WhileActive,resources.assets
-1541076347,WorldObject,Mission_Treadmill_Stamina1_Finished,resources.assets
-1029297136,WorldObject,Mission_Treadmill_Stamina1_Minigame,resources.assets
-1564821960,WorldObject,Mission_Treadmill_Stamina1_Minigame_Bad,resources.assets
-1057268390,WorldObject,Mission_Treadmill_Stamina1_Minigame_Good,resources.assets
-568599042,WorldObject,Mission_Treadmill_Stamina1_Minigame_Normal,resources.assets
-238294999,WorldObject,Mission_Treadmill_Stamina1_WhileActive,resources.assets
-1814597654,WorldObject,Mission_Treadmill_Stamina2_Finished,resources.assets
-2051482432,WorldObject,Mission_Treadmill_Stamina2_Minigame,resources.assets
901171929,WorldObject,Mission_Treadmill_Stamina2_Minigame_Bad,resources.assets
1788970,WorldObject,Mission_Treadmill_Stamina2_Minigame_Good,resources.assets
-2009147926,WorldObject,Mission_Treadmill_Stamina2_Minigame_Normal,resources.assets
2127655752,WorldObject,Mission_Treadmill_Stamina2_WhileActive,resources.assets
-395255034,WorldObject,Mission_Treadmill_Stamina3_Finished,resources.assets
-1219971383,WorldObject,Mission_Treadmill_Stamina3_Minigame,resources.assets
1754210756,WorldObject,Mission_Treadmill_Stamina3_Minigame_Bad,resources.assets
-718265375,WorldObject,Mission_Treadmill_Stamina3_Minigame_Good,resources.assets
837634249,WorldObject,Mission_Treadmill_Stamina3_Minigame_Normal,resources.assets
277420137,WorldObject,Mission_Treadmill_Stamina3_WhileActive,resources.assets
89654064,WorldObject,Mission_TreasureMap_00_Introduction,resources.assets
-289105419,WorldObject,Mission_TreasureMap_00_Introduction01,resources.assets
1104452894,WorldObject,Mission_TreasureMap_01_Shop,resources.assets
910486102,WorldObject,Mission_TreasureMap_03_Igloo,resources.assets
705645020,WorldObject,Mission_TryToUpgradeAutoCrafterSpeed,resources.assets
-656491725,WorldObject,Mission_TurtleSabotage_00A_SpawnIfWorkbenchExists,resources.assets
1683084466,WorldObject,Mission_TurtleSabotage_00B_SpawnTurtle,resources.assets
1935334465,WorldObject,Mission_TurtleSabotage_01_TurtleHelpDialogue,resources.assets
83996496,WorldObject,Mission_TurtleSabotage_02A_TurtleWaitForUpgradeCrafted,resources.assets
820105999,WorldObject,Mission_TurtleSabotage_02_FreeTheTurtle,resources.assets
733810712,WorldObject,Mission_TurtleSabotage_03_SpawnTurtleAtManhole,resources.assets
-2027378891,WorldObject,Mission_TurtleSabotage_04_TurtleAtManholeGotUpgradeDialogue,resources.assets
1872375022,WorldObject,Mission_TurtleSabotage_05_TurtleJumpIntoManhole,resources.assets
-1508398702,WorldObject,Mission_TurtleSabotage_06A_PlayerGoToCliffToSeeWhatsHappening,resources.assets
-313265579,WorldObject,Mission_TurtleSabotage_06_TurtleSwimOverUpgrade01,resources.assets
-232422051,WorldObject,Mission_TurtleSabotage_07A_TurtleSwimBackUpgrade01,resources.assets
-1122833992,WorldObject,Mission_TurtleSabotage_07B_ClosePipe,resources.assets
564243821,WorldObject,Mission_TurtleSabotage_08A_DialogueTellPlayerAboutPipeGrid,resources.assets
-1970348045,WorldObject,Mission_TurtleSabotage_08B_WaitTilStoneAxe,resources.assets
85700089,WorldObject,Mission_TurtleSabotage_08C_GoToTurtle,resources.assets
1574279114,WorldObject,Mission_TurtleSabotage_08C_SearchForStuffInMines,resources.assets
668297910,WorldObject,Mission_TurtleSabotage_08D_SearchForStuffInMinesFALLBACK,resources.assets
550478560,WorldObject,Mission_TurtleSabotage_08E_CollectTNT,resources.assets
-1552434106,WorldObject,Mission_TurtleSabotage_08F_GoToTurtleShowTNT,resources.assets
1028095382,WorldObject,Mission_TurtleSabotage_09A_GiveSheldonTNT,resources.assets
1644227031,WorldObject,Mission_TurtleSabotage_09B_TurtleAtManholeGotUpgradeDialogue,resources.assets
631027715,WorldObject,Mission_TurtleSabotage_10_TurtleJumpIntoManhole,resources.assets
-1849360277,WorldObject,Mission_TurtleSabotage_11_TurtleSwimOverUpgrade02,resources.assets
-1061858656,WorldObject,Mission_TurtleSabotage_12A_TurtleSwimBackUpgrade02,resources.assets
-1241014173,WorldObject,Mission_TurtleSabotage_13A_SpawnTurtleAtManhole,resources.assets
747356631,WorldObject,Mission_TurtleSabotage_13B_DialogueTellPlayerAboutWaterMines,resources.assets
788563386,WorldObject,Mission_TurtleSabotage_13B_SpawnMines01,resources.assets
-1812452137,WorldObject,Mission_TurtleSabotage_13C_SpawnMines02,resources.assets
1821189427,WorldObject,Mission_TurtleSabotage_13D_SpawnMines03,resources.assets
776781135,WorldObject,Mission_TurtleSabotage_14_CheckCliff,resources.assets
302205494,WorldObject,Mission_TurtleSabotage_15A_WaitTilPlayerHasHamsterTech,resources.assets
-1720506072,WorldObject,Mission_TurtleSabotage_15B_GoBackToSheldon,resources.assets
-1000015071,WorldObject,Mission_TurtleSabotage_15_GoBackToSheldon,resources.assets
116188844,WorldObject,Mission_TurtleSabotage_16A_TurtleWaitForUpgradeCrafted,resources.assets
-1188779671,WorldObject,Mission_TurtleSabotage_16B_BringSheldonUpgrade,resources.assets
-26760400,WorldObject,Mission_TurtleSabotage_16C_TurtleAtManholeGotUpgradeDialogue,resources.assets
723222517,WorldObject,Mission_TurtleSabotage_17_FlyOverToFurnox,resources.assets
1405295525,WorldObject,Mission_TurtleSabotage_18A_Delay,resources.assets
-1960830093,WorldObject,Mission_TurtleSabotage_18B_FlyBack,resources.assets
832086405,WorldObject,Mission_TurtleSabotage_19_RoughLanding,resources.assets
972244779,WorldObject,Mission_TurtleSabotage_20_WaitTilCanonWasbuild,resources.assets
1097742950,WorldObject,Mission_TurtleSabotage_21_GoBackToSheldon,resources.assets
-1010656237,WorldObject,Mission_TurtleSabotage_22_WaitForUpgradeSlotBeSpawned,resources.assets
1140888841,WorldObject,Mission_TurtleSabotage_23_GoBackToSheldon,resources.assets
1602868982,WorldObject,Mission_TurtleSabotage_24_BuildTheCanonUpgrade,resources.assets
880677234,WorldObject,Mission_TurtleSabotage_25_IntroductionHowTheCanonWorks,resources.assets
-1460634723,WorldObject,Mission_TurtleSabotage_26_TheFirstAct,resources.assets
-142727290,WorldObject,Mission_TurtleSabotage_99_UpgradeCheck,resources.assets
450908717,WorldObject,Mission_TutorialSkipped,resources.assets
-964558397,WorldObject,Mission_TutorialSkipped_DestroyFences,resources.assets
-790835767,WorldObject,Mission_TutorialSkipped_GetAxe,resources.assets
1541427673,WorldObject,Mission_TutorialSkipped_HiddenChesterGiveGrindStone,resources.assets
-1052881117,WorldObject,Mission_TutorialSkipped_HiddenChesterUnlockMailbox,resources.assets
517676497,WorldObject,Mission_TutorialSkipped_RepairBridge,resources.assets
525181408,WorldObject,Mission_TutorialSkipped_RepairDronePlatform,resources.assets
-1799045428,WorldObject,Mission_TutorialSkipped_SellSomething,resources.assets
1434367849,WorldObject,Mission_TutorialSkipped_SetUpPC,resources.assets
-1612853585,WorldObject,Mission_TutorialSkipped_SetUpSawhorse,resources.assets
1272609358,WorldObject,Mission_TutorialSkipped_SetUpWorkbench,resources.assets
1188494174,WorldObject,Mission_TutorialSkipped_SpawnObjects,resources.assets
-1151942452,WorldObject,Mission_TutorialSkipped_UnlockBaseRecipes,resources.assets
433332175,WorldObject,Mission_TutorialSkipped_introCooking,resources.assets
-821232668,WorldObject,Mission_Tutorial_00_TheLanding,resources.assets
1795036687,WorldObject,Mission_Tutorial_01_Intro,resources.assets
-1470864078,WorldObject,Mission_Tutorial_02a_SpawnAxe,resources.assets
1374759257,WorldObject,Mission_Tutorial_02b_CollectAxe,resources.assets
1454418691,WorldObject,Mission_Tutorial_02c_WalkToChester,resources.assets
-579224839,WorldObject,Mission_Tutorial_03_GetItemsForSawhorse,resources.assets
1827932647,WorldObject,Mission_Tutorial_03_WalkToChester,resources.assets
1353841735,WorldObject,Mission_Tutorial_04_BuildSawhorse,resources.assets
-1253129677,WorldObject,Mission_Tutorial_04_WalkToChester,resources.assets
-259734302,WorldObject,Mission_Tutorial_05_1_CollectBirchTrunks,resources.assets
-337865682,WorldObject,Mission_Tutorial_05_2_WalkToChester,resources.assets
1280117544,WorldObject,Mission_Tutorial_06_1_CraftResourcesForDroneplatform,resources.assets
1768595251,WorldObject,Mission_Tutorial_06_2_RepairDronePlatform,resources.assets
-650672773,WorldObject,Mission_Tutorial_06_3_SellStuff,resources.assets
400507214,WorldObject,Mission_Tutorial_06_4_WalkToChester,resources.assets
-1037335435,WorldObject,Mission_Tutorial_07_1_CraftResourcesForWorkbench,resources.assets
-1308952800,WorldObject,Mission_Tutorial_07_2_BuildWorkbench,resources.assets
108703119,WorldObject,Mission_Tutorial_07_3_CraftFurniture,resources.assets
-1454458992,WorldObject,Mission_Tutorial_07_4_SellFurniture,resources.assets
326656774,WorldObject,Mission_Tutorial_07_5_WalkToChester,resources.assets
902739202,WorldObject,Mission_Tutorial_08_1_TalkToChesterAboutGrindStone,resources.assets
-1978998372,WorldObject,Mission_Tutorial_08_2_CollectGrindStone,resources.assets
1159927988,WorldObject,Mission_Tutorial_08_3_BuildGrindStone,resources.assets
-182701500,WorldObject,Mission_Tutorial_08_4_UpgradeAxe,resources.assets
-1500520710,WorldObject,Mission_Tutorial_08_5_WalkToChester,resources.assets
743240328,WorldObject,Mission_Tutorial_09_1_ScoutTheBridge,resources.assets
276219994,WorldObject,Mission_Tutorial_09_2_WalkToChester,resources.assets
365205519,WorldObject,Mission_Tutorial_10_1_CraftPC,resources.assets
-369706796,WorldObject,Mission_Tutorial_10_2_CraftTable,resources.assets
952953747,WorldObject,Mission_Tutorial_10_3_BuildPCAtSlot,resources.assets
1982803324,WorldObject,Mission_Tutorial_10_4_ActivatePCAndMakeOrder,resources.assets
1652212311,WorldObject,Mission_Tutorial_10_5_GoToDropOffWaitForOrder,resources.assets
-1974743848,WorldObject,Mission_Tutorial_10_6_RepairTheBridge,resources.assets
-2107556170,WorldObject,Mission_Tutorial_10_7_WalkToChester,resources.assets
-706989783,WorldObject,Mission_Tutorial_11_1_ScoutCliffs,resources.assets
1833358995,WorldObject,Mission_Tutorial_11_2_WalkToChester,resources.assets
114978271,WorldObject,Mission_Tutorial_12A_WalkToChester,resources.assets
1457796515,WorldObject,Mission_Tutorial_12B_CollectPot,resources.assets
941253202,WorldObject,Mission_Tutorial_12C_BuildAndCookSomeEggs,resources.assets
1916673604,WorldObject,Mission_Tutorial_12C_UseChopChopLog,resources.assets
-1224192276,WorldObject,Mission_Tutorial_12D_GoToChester,resources.assets
153883880,WorldObject,Mission_Tutorial_12E_Eat,resources.assets
-139176985,WorldObject,Mission_Tutorial_13_IntroductionPinRecipes,resources.assets
1611539326,WorldObject,Mission_Tutorial_13_IntroductionPinRecipesEND,resources.assets
-1051902812,WorldObject,Mission_Tutorial_Finished,resources.assets
884590309,WorldObject,Mission_Unlock,resources.assets
1798765082,WorldObject,Mission_UnlockAchievement_BuiltHouse,resources.assets
-2059484661,WorldObject,Mission_UnlockAchievement_BuiltWorkhall,resources.assets
-1920448632,WorldObject,Mission_UnlockAchievement_CraftAllFood,resources.assets
-826377742,WorldObject,Mission_UnlockAchievement_Deforestation1337,resources.assets
-128567114,WorldObject,Mission_UnlockAchievement_DestroyedFurnox,resources.assets
-1471077743,WorldObject,Mission_UnlockAchievement_EnterBeaverCave,resources.assets
983606482,WorldObject,Mission_UnlockAchievement_EnterDevRoom,resources.assets
1525017955,WorldObject,Mission_UnlockAchievement_EnterHell,resources.assets
-252443612,WorldObject,Mission_UnlockAchievement_FinishedTutorial,resources.assets
825330512,WorldObject,Mission_UnlockAchievement_KilledChickenKing,resources.assets
-1045052675,WorldObject,Mission_UnlockAchievement_ReachMountainTop,resources.assets
-401726163,WorldObject,Mission_UnlockAchievement_StampAllDocuments,resources.assets
-492036416,WorldObject,Mission_UnlockCogwheel,resources.assets
-857484038,WorldObject,Mission_UnlockFish01,resources.assets
1677004687,WorldObject,Mission_UnlockFish02,resources.assets
281007018,WorldObject,Mission_UnlockFish03,resources.assets
1442198095,WorldObject,Mission_UnlockFish04,resources.assets
1979209392,WorldObject,Mission_UnlockFood_GrilledChickenLeg,resources.assets
-1242910468,WorldObject,Mission_UnlockFurniture_AdvancedFurniture,resources.assets
-940798566,WorldObject,Mission_UnlockFurniture_Beehouse,resources.assets
-953718819,WorldObject,Mission_UnlockFurniture_CandyDispenser01,resources.assets
-835280311,WorldObject,Mission_UnlockFurniture_Carving_Logs,resources.assets
-2073051854,WorldObject,Mission_UnlockFurniture_Carving_StoneCarving,resources.assets
-1239908981,WorldObject,Mission_UnlockFurniture_CrystalFurniture,resources.assets
1737913041,WorldObject,Mission_UnlockFurniture_ElectroFurniture,resources.assets
693178036,WorldObject,Mission_UnlockFurniture_FaceStool01,resources.assets
-1341893006,WorldObject,Mission_UnlockFurniture_GlobeCubic01,resources.assets
847062172,WorldObject,Mission_UnlockFurniture_GlobeFlat01,resources.assets
-976653895,WorldObject,Mission_UnlockFurniture_Globes01,resources.assets
-2115326416,WorldObject,Mission_UnlockFurniture_HamsterTech,resources.assets
1023964358,WorldObject,Mission_UnlockFurniture_HouseUtensils,resources.assets
-2043838271,WorldObject,Mission_UnlockFurniture_LegSeat01,resources.assets
-1787023145,WorldObject,Mission_UnlockFurniture_LifeguardChairAndBuoy01,resources.assets
876970344,WorldObject,Mission_UnlockFurniture_LogFurniture,resources.assets
-1657450110,WorldObject,Mission_UnlockFurniture_MetalFurniture,resources.assets
-1162053961,WorldObject,Mission_UnlockFurniture_MetalFurnitureCraftable,resources.assets
78321151,WorldObject,Mission_UnlockFurniture_NerdStuff,resources.assets
1986697689,WorldObject,Mission_UnlockFurniture_PalmFurniture,resources.assets
-2081328052,WorldObject,Mission_UnlockFurniture_SimpleFurniture,resources.assets
1076898751,WorldObject,Mission_UnlockFurniture_Ski01,resources.assets
517626182,WorldObject,Mission_UnlockFurniture_Sled01,resources.assets
-361210562,WorldObject,Mission_UnlockFurniture_StoneFurniture,resources.assets
794598172,WorldObject,Mission_UnlockFurniture_StoneFurnitureCraftable,resources.assets
433944536,WorldObject,Mission_UnlockFurniture_Toys,resources.assets
-851650778,WorldObject,Mission_UnlockFurniture_Weights,resources.assets
-1052199997,WorldObject,Mission_UnlockHeatResistentShoes,resources.assets
90404484,WorldObject,Mission_Unlock_CrabBowl,resources.assets
-1897443807,WorldObject,Mission_Unlock_DuckStew,resources.assets
1904321400,WorldObject,Mission_Unlock_FishStew,resources.assets
-1278910971,WorldObject,Mission_Unlock_HoneyGarlicChicken,resources.assets
2112915808,WorldObject,Mission_Unlock_HoneyGlazedApple,resources.assets
-267159018,WorldObject,Mission_Unlock_IceBowl,resources.assets
-1971086325,WorldObject,Mission_Unlock_LavaFishRoll,resources.assets
1067291712,WorldObject,Mission_Unlock_Mushroomsoup,resources.assets
-1106235329,WorldObject,Mission_Unlock_Pancake,resources.assets
-2145303793,WorldObject,Mission_Unlock_Sushi,resources.assets
-675034618,WorldObject,Mission_UseTheSatelliteTable,resources.assets
77921828,WorldObject,Mission_Wait,resources.assets
-1059300465,WorldObject,Mission_WeightBench_Strength1_Finished,resources.assets
-767949755,WorldObject,Mission_WeightBench_Strength1_Minigame,resources.assets
-1478508331,WorldObject,Mission_WeightBench_Strength1_Minigame_Bad,resources.assets
-2137689167,WorldObject,Mission_WeightBench_Strength1_Minigame_Good,resources.assets
1085575948,WorldObject,Mission_WeightBench_Strength1_Minigame_Normal,resources.assets
-126224647,WorldObject,Mission_WeightBench_Strength1_WhileActive,resources.assets
938664838,WorldObject,Mission_WeightBench_Strength2_Finished,resources.assets
404151859,WorldObject,Mission_WeightBench_Strength2_Minigame,resources.assets
1650114728,WorldObject,Mission_WeightBench_Strength2_Minigame_Bad,resources.assets
1355237077,WorldObject,Mission_WeightBench_Strength2_Minigame_Good,resources.assets
1498779581,WorldObject,Mission_WeightBench_Strength2_Minigame_Normal,resources.assets
-1554792998,WorldObject,Mission_WeightBench_Strength2_WhileActive,resources.assets
-464933234,WorldObject,Mission_WeightBench_Strength3_Finished,resources.assets
239869874,WorldObject,Mission_WeightBench_Strength3_Minigame,resources.assets
-366921872,WorldObject,Mission_WeightBench_Strength3_Minigame_Bad,resources.assets
-494638900,WorldObject,Mission_WeightBench_Strength3_Minigame_Good,resources.assets
1260626395,WorldObject,Mission_WeightBench_Strength3_Minigame_Normal,resources.assets
-658647606,WorldObject,Mission_WeightBench_Strength3_WhileActive,resources.assets
-2032298816,WorldObject,Mission_WishlistURL,resources.assets
-1006307645,WorldObject,Mission_WoodElevatorBroken_HIDDEN,resources.assets
-1569565664,WorldObject,Mission_WoodElevator_Delay,resources.assets
1241318273,WorldObject,Mission_WoodElevator_ListenHitLever,resources.assets
798950987,WorldObject,Mission_WoodElevator_MoveElevator,resources.assets
195238311,WorldObject,Mission_WoodElevator_RepairWoodElevator,resources.assets
-1661412993,WorldObject,Mission_WoodGrindstone_1_TalkToChesterAboutGrindStone,resources.assets
775056708,WorldObject,Mission_WoodGrindstone_2_CollectGrindStone,resources.assets
-1393125502,WorldObject,Mission_WoodGrindstone_3_BuildGrindStone,resources.assets
-1399146460,WorldObject,Mission_WoodGrindstone_4_UpgradeAxe,resources.assets
-1424066046,WorldObject,Mission_Workhall_AutoButtonCanon_01_SetUp,resources.assets
492584226,WorldObject,Mission_Workhall_AutoButtonCanon_02_Check,resources.assets
1346214293,WorldObject,Mission_Workhall_AutoButtonFurnaceAndPress_01_SetUp,resources.assets
363675027,WorldObject,Mission_Workhall_AutoButtonFurnaceAndPress_02_Check,resources.assets
-35672720,WorldObject,Mission_Workhall_AutoButtonFurnitureCrafter_01_SetUp,resources.assets
-1957847280,WorldObject,Mission_Workhall_AutoButtonFurnitureCrafter_02_Check,resources.assets
1275260345,WorldObject,Mission_Workhall_AutoButtonHarvester_01_SetUp,resources.assets
-1825149361,WorldObject,Mission_Workhall_AutoButtonHarvester_02_Check,resources.assets
544145630,WorldObject,Mission_Workhall_AutoButtonSawMachine_01_SetUp,resources.assets
1214930085,WorldObject,Mission_Workhall_AutoButtonSawMachine_02_Check,resources.assets
1461053520,WorldObject,Mission_Workhall_AutoFurnace_01_SetUp,resources.assets
-2089126634,WorldObject,Mission_Workhall_AutoFurnace_02_Check,resources.assets
294889281,WorldObject,Mission_Workhall_Beams_01_SetUP,resources.assets
2073218534,WorldObject,Mission_Workhall_Beams_02_Check,resources.assets
-1309477106,WorldObject,Mission_Workhall_ButtonContainerFurnaceAndPress_01_SetUp,resources.assets
1650760710,WorldObject,Mission_Workhall_ButtonContainerFurnaceAndPress_02_Check,resources.assets
-1380669516,WorldObject,Mission_Workhall_ButtonContainerFurnitureCrafter_01_SetUp,resources.assets
708725482,WorldObject,Mission_Workhall_ButtonContainerFurnitureCrafter_02_Check,resources.assets
-17430056,WorldObject,Mission_Workhall_ButtonContainerSawMachine_01_SetUp,resources.assets
-295654773,WorldObject,Mission_Workhall_ButtonContainerSawMachine_02_Check,resources.assets
360604492,WorldObject,Mission_Workhall_ButtonMoveToInvHarvester_01_SetUp,resources.assets
-296430193,WorldObject,Mission_Workhall_ButtonMoveToInvHarvester_02_Check,resources.assets
1478864347,WorldObject,Mission_Workhall_CanonBase_01_SetUP,resources.assets
-1241251520,WorldObject,Mission_Workhall_CanonBase_02_Check,resources.assets
-1534649837,WorldObject,Mission_Workhall_CanonFoundation01_01_SetUp,resources.assets
1869345978,WorldObject,Mission_Workhall_CanonFoundation01_02_Check,resources.assets
-178260107,WorldObject,Mission_Workhall_CanonUpgraded_01_SetUP,resources.assets
1151245115,WorldObject,Mission_Workhall_CanonUpgraded_02_Check,resources.assets
221220111,WorldObject,Mission_Workhall_ContainerFurnaceAndPress_01_SetUp,resources.assets
-1130799810,WorldObject,Mission_Workhall_ContainerFurnaceAndPress_02_Check,resources.assets
2146094581,WorldObject,Mission_Workhall_ContainerFurnitureCrafter_01_SetUp,resources.assets
2000750933,WorldObject,Mission_Workhall_ContainerFurnitureCrafter_02_Check,resources.assets
237462101,WorldObject,Mission_Workhall_ContainerSawMachine_01_SetUp,resources.assets
-1210216153,WorldObject,Mission_Workhall_ContainerSawMachine_02_Check,resources.assets
-1938342705,WorldObject,Mission_Workhall_Details_01_SetUP,resources.assets
1789990309,WorldObject,Mission_Workhall_Details_02_Check,resources.assets
-1084834260,WorldObject,Mission_Workhall_Foundation01_01_SetUp,resources.assets
-1133946549,WorldObject,Mission_Workhall_Foundation01_02_Check,resources.assets
-2038906064,WorldObject,Mission_Workhall_Foundation02_01_SetUp,resources.assets
130340210,WorldObject,Mission_Workhall_Foundation02_02_Check,resources.assets
1787469511,WorldObject,Mission_Workhall_Foundation03_01_SetUp,resources.assets
-462059734,WorldObject,Mission_Workhall_Foundation03_02_Check,resources.assets
38309622,WorldObject,Mission_Workhall_FurnitureCrafter_01_SetUp,resources.assets
1721839033,WorldObject,Mission_Workhall_FurnitureCrafter_02_Check,resources.assets
-1561076509,WorldObject,Mission_Workhall_Garden_01_SetUP,resources.assets
357611684,WorldObject,Mission_Workhall_Garden_02_Check,resources.assets
640070000,WorldObject,Mission_Workhall_PipingIntake_01_SetUp,resources.assets
-748253584,WorldObject,Mission_Workhall_PipingIntake_02_Check,resources.assets
-1013729753,WorldObject,Mission_Workhall_Railing04_01_SetUP,resources.assets
1196319799,WorldObject,Mission_Workhall_Railing04_02_Check,resources.assets
849603446,WorldObject,Mission_Workhall_RoofBeams_01_SetUP,resources.assets
2083964597,WorldObject,Mission_Workhall_RoofBeams_02_Check,resources.assets
-770018118,WorldObject,Mission_Workhall_Roof_01_SetUP,resources.assets
-1784532667,WorldObject,Mission_Workhall_Roof_02_Check,resources.assets
-420534898,WorldObject,Mission_Workhall_SawMachine_01_SetUp,resources.assets
811441422,WorldObject,Mission_Workhall_SawMachine_02_Check,resources.assets
222395079,WorldObject,Mission_Workhall_Walls_01_SetUP,resources.assets
-1008932694,WorldObject,Mission_Workhall_Walls_02_Check,resources.assets
-258657373,WorldObject,Mission_Worm_01_RemoveTooth,resources.assets
-954341960,WorldObject,Mission_Worm_02_FeedTheWorm,resources.assets
933007534,WorldObject,Mission_Worm_03_Finished,resources.assets
991801803,WorldObject,Mission_XX_BlockLeverANDButtonWhileRotation,resources.assets
-1414414917,WorldObject,Mission_XX_BlockLeverANDButtonWhileShooting,resources.assets
-780672303,WorldObject,Mission_XX_Cannon_SpawnBlockerButton,resources.assets
-470918775,WorldObject,Mission_Xmas_BoberClausHasArrived,resources.assets
-2000750161,WorldObject,Mission_Xmas_BoberClausPresent01,resources.assets
922523649,WorldObject,Mission_Xmas_RestartBoberClaus,resources.assets
252586828,WorldObject,Mission_buildable_AutomaticElectroPress_01_SetUp,resources.assets
-1902135854,WorldObject,Mission_buildable_AutomaticElectroPress_02_Check,resources.assets
337188818,WorldObject,Mission_buildable_DungeonChains_01_SetUp,resources.assets
1795058672,WorldObject,Mission_buildable_DungeonChains_02_Check,resources.assets
1222555410,WorldObject,Mission_buildable_ElectroPress_01_SetUp,resources.assets
538565772,WorldObject,Mission_buildable_ElectroPress_02_Check,resources.assets
-985145710,WorldObject,Mission_buildable_Furnace_01_SetUp,resources.assets
-2106606844,WorldObject,Mission_buildable_Furnace_02_Check,resources.assets
-70778306,WorldObject,Mission_buildable_Treadmill_01_SetUp,resources.assets
-1901996463,WorldObject,Mission_buildable_Treadmill_02_Check,resources.assets
1480207006,WorldObject,Mission_delayedBuildingExplodeInInBeam01,resources.assets
-32193065,WorldObject,Mission_delayedBuildingExplodeInInBeam02,resources.assets
-1327286133,WorldObject,Mission_delayedScreenshake,resources.assets
-1949082540,WorldObject,Mission_satellite_BringSatelliteToChester,resources.assets
-885996508,WorldObject,Mission_satellite_CallIonBeamButton,resources.assets
222394190,WorldObject,Mission_satellite_GetSatellite,resources.assets
1315161865,WorldObject,Mission_satellite_Intro,resources.assets
776103775,WorldObject,Mission_satellite_SatelliteCrashSequence,resources.assets
-1971725658,WorldObject,Mission_satellite_SpawnSatelliteTable,resources.assets
845498134,WorldObject,Mission_satellite_TryToStartIntro,resources.assets
1498265373,WorldObject,Mission_satellite_spawnVaporizeAbortButtonAfterDelay,resources.assets
859901969,WorldObject,Mission_satellite_waitForVaporizeButton,resources.assets
-806812067,WorldObject,OLDMinigameCraftingTestPrefab,resources.assets
1211451698,WorldObject,P_BirchBush_01_Snow,resources.assets
-1811054236,WorldObject,P_BirchBush_01_Summer,resources.assets
-1554293251,WorldObject,P_BirchBush_02_Snow,resources.assets
1860785923,WorldObject,P_BirchBush_02_Summer,resources.assets
-241984827,WorldObject,P_BirchBush_02_Workhall,resources.assets
-443918322,WorldObject,P_BirchBush_05_Snow,resources.assets
-1527043172,WorldObject,P_BirchBush_05_Summer,resources.assets
33349094,WorldObject,P_BirchBush_05_Workhall,resources.assets
-590952751,WorldObject,P_DeadBush_01,resources.assets
-236932031,WorldObject,P_DeadBush_02,resources.assets
371857150,WorldObject,Stone_Part4,resources.assets
-821755402,WorldObject,Teleporter_ChesterOpened,resources.assets
389032781,WorldObject,Teleporter_Close_Base,resources.assets
-908661079,WorldObject,Teleporter_Closed,resources.assets
709785408,WorldObject,Teleporter_Open_Base,resources.assets
-105883214,WorldObject,Teleporter_Opened,resources.assets
-1077633737,WorldObject,Teleporter_OpenedChester,resources.assets
-1267005033,WorldObject,Tree,resources.assets
-1917622537,WorldObject,Trigger_AfterDinnerDeleteShootoutInside,resources.assets
-582180455,WorldObject,Trigger_BorekIntro,resources.assets
512192713,WorldObject,Trigger_CaveBridgeDiscovered,resources.assets
192954490,WorldObject,Trigger_CrabDialogue,resources.assets
696113498,WorldObject,Trigger_CultIntroduction,resources.assets
302554228,WorldObject,Trigger_DMGPlayerInHouse,resources.assets
-1384123748,WorldObject,Trigger_DuckHouseTooEarly,resources.assets
1322450798,WorldObject,Trigger_DuckHouseTooEarly01,resources.assets
-750945025,WorldObject,Trigger_DuckHouseTooEarly02,resources.assets
-1315218794,WorldObject,Trigger_ENDNoLongerWelcomeDIalogue,resources.assets
1044117351,WorldObject,Trigger_EnterDungeon,resources.assets
-253096128,WorldObject,Trigger_ExitDungeon,resources.assets
-1114108073,WorldObject,Trigger_FindChessKingMission,resources.assets
21812348,WorldObject,Trigger_GenovatechLabDiscovered,resources.assets
1619092605,WorldObject,Trigger_HamsterDialoguePickles,resources.assets
1401216178,WorldObject,Trigger_HamsterDialoguePillows,resources.assets
1279103047,WorldObject,Trigger_HamsterIntro,resources.assets
1344905461,WorldObject,Trigger_HouseMission,resources.assets
124350149,WorldObject,Trigger_HouseMissionChester,resources.assets
-75636895,WorldObject,Trigger_HouseMission_SpawnFiles,resources.assets
967818511,WorldObject,Trigger_IceCave,resources.assets
184033913,WorldObject,Trigger_InsideChesterDialogue,resources.assets
-1151671344,WorldObject,Trigger_KillPlayer,resources.assets
949145595,WorldObject,Trigger_KillPlayerInHouse,resources.assets
305218397,WorldObject,Trigger_LocationDiscovered,resources.assets
661980554,WorldObject,Trigger_LocationDiscovered_BeachArea,resources.assets
-1218703197,WorldObject,Trigger_LocationDiscovered_CaveArea,resources.assets
-2070629101,WorldObject,Trigger_LocationDiscovered_ElectroTree,resources.assets
195331431,WorldObject,Trigger_LocationDiscovered_HamsterHome,resources.assets
-1265365997,WorldObject,Trigger_LocationDiscovered_MetalTree,resources.assets
1199492807,WorldObject,Trigger_LocationDiscovered_WalnutTree,resources.assets
-912303501,WorldObject,Trigger_MaleDuckAfterMushrooms,resources.assets
-1640048588,WorldObject,Trigger_MaleDuckIntroduction,resources.assets
-1452023516,WorldObject,Trigger_MountainDamageZones01,resources.assets
-429766240,WorldObject,Trigger_MountainDamageZones02,resources.assets
-868939779,WorldObject,Trigger_MountainElevator,resources.assets
1184718133,WorldObject,Trigger_MountainPeak,resources.assets
1914355436,WorldObject,Trigger_OldWindmillDiscovered,resources.assets
523659251,WorldObject,Trigger_PenguinMission,resources.assets
-1375908180,WorldObject,Trigger_RitualSiteDiscovered,resources.assets
351277308,WorldObject,Trigger_ShedMonologue,resources.assets
-208254285,WorldObject,Trigger_SirWorcestershireMission,resources.assets
505528342,WorldObject,Trigger_SnowmanDialogue,resources.assets
-252285554,WorldObject,Trigger_SnowyMountain,resources.assets
-1873569067,WorldObject,Trigger_Straw,resources.assets
1876437570,WorldObject,Trigger_TechBridgeMission,resources.assets
-1534401177,WorldObject,Trigger_TentDestroyable,resources.assets
134970086,WorldObject,Trigger_WormDialogue,resources.assets
213334152,WorldObject,Trigger_collectBlueprint_Base,resources.assets
-1444585015,WorldObject,Trigger_collectBlueprint_ElectroPress,resources.assets
-1519521221,WorldObject,Trigger_collectBlueprint_Furnace,resources.assets
1333163927,WorldObject,Trigger_collectBlueprint_Furniture_CandyDispenser01,resources.assets
-1214054459,WorldObject,Trigger_collectBlueprint_Furniture_FaceStool01,resources.assets
31997720,WorldObject,Trigger_collectBlueprint_Furniture_Globe01,resources.assets
-1950651088,WorldObject,Trigger_collectBlueprint_Furniture_GlobeCubic01,resources.assets
-744443619,WorldObject,Trigger_collectBlueprint_Furniture_GlobeFlat01,resources.assets
-1978300690,WorldObject,Trigger_collectBlueprint_Furniture_LegSeat01,resources.assets
839653567,WorldObject,Trigger_collectBlueprint_Furniture_LifeguardChair01,resources.assets
1077347373,WorldObject,Trigger_collectBlueprint_Furniture_Ski01,resources.assets
1093480868,WorldObject,Trigger_collectBlueprint_Furniture_Sled01,resources.assets
711503328,WorldObject,Trigger_collectBlueprint_LavaShoes,resources.assets
-545850281,WorldObject,Trigger_nolongerWelcome,resources.assets
1106325897,WorldObject,VFX_Cloud (2),resources.assets
2119213284,WorldObject,VFX_CloudHittable01,resources.assets
1919030215,WorldObject,VFX_CloudHittable01Moveable,resources.assets
412563993,WorldObject,VFX_CloudHittable02Moveable,resources.assets
1334272128,WorldObject,VFX_CloudHittable03Moveable,resources.assets
1803886320,WorldObject,_Item_RawMaterial_Wood_Trunk_Apple,resources.assets
1164432156,WorldObject,_Item_RawMaterial_Wood_Trunk_Birch,resources.assets
912705605,WorldObject,_Item_RawMaterial_Wood_Trunk_Electro,resources.assets
-1662037360,WorldObject,_Item_RawMaterial_Wood_Trunk_Metal,resources.assets
1649389666,WorldObject,_Item_RawMaterial_Wood_Trunk_Palm,resources.assets
562470880,WorldObject,_Item_RawMaterial_Wood_Trunk_Stone,resources.assets
-814292983,WorldObject,_Item_RawMaterial_Wood_Trunk_Walnut,resources.assets
1691294390,WorldObject,_Mission_Tutorial_05_1_TalkToChesterAboutGrindStone,resources.assets
-698128995,WorldObject,_Mission_Tutorial_05_2_CollectGrindStone,resources.assets
739986806,WorldObject,_Mission_Tutorial_05_3_BuildGrindStone,resources.assets
-289239258,WorldObject,_Mission_Tutorial_05_ActivatePCAndMakeOrder,resources.assets
1612574531,WorldObject,_Mission_Tutorial_06_CraftFurniture,resources.assets
-1530444277,WorldObject,_Mission_Tutorial_06_WalkToChester,resources.assets
-688596697,WorldObject,_Mission_Tutorial_08_SellStuff,resources.assets
-887927715,WorldObject,_Mission_Tutorial_08_WalkToChester,resources.assets
783630321,WorldObject,_Mission_Tutorial_09_WalkToChester,resources.assets
202364925,WorldObject,_Mission_Tutorial_10_1_CraftPC,resources.assets
310029510,WorldObject,_Mission_Tutorial_10_2_CraftTable,resources.assets
28358241,WorldObject,_Mission_Tutorial_10_3_BuildPCAtSlot,resources.assets
-732059340,WorldObject,_Mission_Tutorial_10_WalkToChester,resources.assets
660709497,WorldObject,_Mission_Tutorial_12_GoToDropOffWaitForKit,resources.assets
-1037350612,WorldObject,_Mission_Tutorial_13_AssembleSawhorse,resources.assets
-1016738954,WorldObject,_Mission_Tutorial_13_WalkToChester,resources.assets
344459797,WorldObject,_Mission_Tutorial_14_ScoutTheBridge,resources.assets
-929824339,WorldObject,_Mission_Tutorial_14b_WalkToChester,resources.assets
-629073485,WorldObject,_Mission_Tutorial_15_CraftPlanksAndBeams,resources.assets
-1830009688,WorldObject,_Mission_Tutorial_16_RepairTheBridge,resources.assets
-1953534695,WorldObject,_Mission_Tutorial_16_WalkToChester,resources.assets
825264845,WorldObject,a_animal_fish01,resources.assets
57312918,WorldObject,a_animal_fish02,resources.assets
629561584,WorldObject,a_animal_fish03,resources.assets
1481033098,WorldObject,a_animal_fish04,resources.assets
-1033307438,WorldObject,a_shippingCrateBelt01,resources.assets
277554551,WorldObject,p_Animal_BeaverInBase,resources.assets
-757763988,WorldObject,p_Animal_BeaverWalkToTunnel01,resources.assets
699600237,WorldObject,p_Animal_BeaverWalkToWork01,resources.assets
-1889491606,WorldObject,p_Animal_Chicken01,resources.assets
-2066507386,WorldObject,p_Animal_Chicken01 1,resources.assets
-1705647798,WorldObject,p_Animal_Chicken01_Halloween,resources.assets
1214283936,WorldObject,p_Animal_Chicken01_Respawner,resources.assets
-1893096035,WorldObject,p_Animal_Chicken02,resources.assets
-228117535,WorldObject,p_Animal_Chicken02_Respawner,resources.assets
-1505913980,WorldObject,p_Animal_ChickenKing01,resources.assets
897309090,WorldObject,p_Animal_Crab01,resources.assets
-1882444904,WorldObject,p_Animal_Crab02,resources.assets
638141142,WorldObject,p_Animal_Crab_Respawner,resources.assets
-90741807,WorldObject,p_Animal_DuckFemale_Respawner,resources.assets
-770412441,WorldObject,p_Animal_DuckMale_Respawner,resources.assets
332390103,WorldObject,p_Animal_DuckOnWaterFemale,resources.assets
-674492123,WorldObject,p_Animal_DuckOnWaterFemaleHalloween,resources.assets
899807848,WorldObject,p_Animal_DuckOnWaterMale,resources.assets
431638614,WorldObject,p_Animal_DuckOnWaterMaleHalloween,resources.assets
1715846299,WorldObject,p_Animal_Ghost01,resources.assets
1283088372,WorldObject,p_Animal_Ghost02,resources.assets
387228594,WorldObject,p_Animal_Ghost03,resources.assets
927978593,WorldObject,p_Animal_Ghost04,resources.assets
-1089799723,WorldObject,p_Animal_Hamster01,resources.assets
-1049631217,WorldObject,p_Animal_PracticeDummy01,resources.assets
442663072,WorldObject,p_Animal_PracticeDummy02,resources.assets
1668578948,WorldObject,p_Animal_Snowman01,resources.assets
1698251746,WorldObject,p_Animal_Snowman01Static,resources.assets
1005217919,WorldObject,p_Animal_Snowman01_destroy,resources.assets
-1199456069,WorldObject,p_AutoCrafterHelpClipboard,resources.assets
-1570274485,WorldObject,p_AutoFurnace,resources.assets
-1542914533,WorldObject,p_AutoHarvester_AnimatedIn01,resources.assets
1389179798,WorldObject,p_AutoHarvester_AnimatedIn02,resources.assets
1751115738,WorldObject,p_AutoHarvester_AnimatedIn03,resources.assets
-1288649200,WorldObject,p_AutoHarvester_AnimatedOut01,resources.assets
-1610851219,WorldObject,p_AutoHarvester_AnimatedOut02,resources.assets
1354265849,WorldObject,p_AutoHarvester_AnimatedOut03,resources.assets
-1844049158,WorldObject,p_AutoHarvester_Crafter01,resources.assets
1300089532,WorldObject,p_AutoHarvester_Crafter02,resources.assets
-963436582,WorldObject,p_AutoHarvester_Crafter03,resources.assets
-464474932,WorldObject,p_AutoHarvester_Static01,resources.assets
2058971236,WorldObject,p_AutoHarvester_Static02,resources.assets
1814831096,WorldObject,p_AutoHarvester_Static03,resources.assets
629867994,WorldObject,p_BirchTrunkSplit_Beam_01,resources.assets
-1941849114,WorldObject,p_BirchTrunkSplit_Beam_02,resources.assets
808497951,WorldObject,p_BirchTrunkSplit_Beam_03,resources.assets
1219419346,WorldObject,p_BirchTrunkSplit_Beam_04,resources.assets
-187891384,WorldObject,p_BirchTrunkSplit_Beam_05,resources.assets
563736277,WorldObject,p_BirchTrunkSplit_Beam_06,resources.assets
-1239666999,WorldObject,p_BlockerButton,resources.assets
167092505,WorldObject,p_BlockerDoors,resources.assets
974716936,WorldObject,p_BlockerLever,resources.assets
-1441253579,WorldObject,p_BlockerNotEnoughMoney,resources.assets
-1589508786,WorldObject,p_BlockerNotEnoughMoney 1,resources.assets
1996999222,WorldObject,p_BlockerNotEnoughMoney Variant,resources.assets
2056653995,WorldObject,p_BlockerShedDoor,resources.assets
-1003815509,WorldObject,p_BlueprintTable01,resources.assets
-1656963957,WorldObject,p_BoberCarvingCrafter01,resources.assets
753394294,WorldObject,p_BoberWorkplaceCrafter,resources.assets
-2086451144,WorldObject,p_BobersMissionBoard01,resources.assets
546311559,WorldObject,p_BridgeAnimated01,resources.assets
-256060950,WorldObject,p_BridgePart01A,resources.assets
-1575866855,WorldObject,p_BridgePart01B,resources.assets
655199659,WorldObject,p_BridgePart02A,resources.assets
-223273373,WorldObject,p_BridgePart02B,resources.assets
1331765306,WorldObject,p_BridgePart03A,resources.assets
172467789,WorldObject,p_BridgePart03B,resources.assets
-231482125,WorldObject,p_BridgePart04A,resources.assets
-544148090,WorldObject,p_BridgePart04B,resources.assets
-2030184637,WorldObject,p_Bush_Dead01_Respawner,resources.assets
-561467073,WorldObject,p_Bush_Dead02_Respawner,resources.assets
-781525088,WorldObject,p_Bush_Snow01_Respawner,resources.assets
1854415783,WorldObject,p_Bush_Snow02_Respawner,resources.assets
-1445022119,WorldObject,p_Bush_Snow05_Respawner,resources.assets
532597242,WorldObject,p_Bush_Summer01_Respawner,resources.assets
313038824,WorldObject,p_Bush_Summer02_Respawner,resources.assets
-1097598624,WorldObject,p_Bush_Summer05_Respawner,resources.assets
1880742579,WorldObject,p_Bush_Workhall02_Respawner,resources.assets
353146401,WorldObject,p_Bush_Workhall05_Respawner,resources.assets
347917000,WorldObject,p_ButtonCallIonBeam,resources.assets
-471539392,WorldObject,p_Cable01,resources.assets
-1330241307,WorldObject,p_Cable01_BP,resources.assets
-860466971,WorldObject,p_Cable02,resources.assets
-2079097826,WorldObject,p_Cable02_BP,resources.assets
-14529659,WorldObject,p_Campfire01,resources.assets
-1524718521,WorldObject,p_CampfireCrafter,resources.assets
2046673210,WorldObject,p_CampfireCrafter01,resources.assets
421669597,WorldObject,p_CampfireCrafter02,resources.assets
-1701796399,WorldObject,p_CampfireCrafter03,resources.assets
-532237206,WorldObject,p_CampfireMountain01,resources.assets
80565913,WorldObject,p_CampingChairAtCliff01,resources.assets
735699562,WorldObject,p_CanonPipe,resources.assets
-243285234,WorldObject,p_CauldronHalloween,resources.assets
947925184,WorldObject,p_Chest01,resources.assets
294053827,WorldObject,p_Chest02,resources.assets
577238851,WorldObject,p_Chest03,resources.assets
-819495956,WorldObject,p_Chest04_TreasureMapShop,resources.assets
-266904620,WorldObject,p_Chest05_TreasureMapIgloo,resources.assets
295449110,WorldObject,p_Chest_GoldenAxe01,resources.assets
-1089846582,WorldObject,p_Chest_GoldenAxe02,resources.assets
1527784918,WorldObject,p_Chest_GoldenAxe03,resources.assets
-423670200,WorldObject,p_ChesterCrate01,resources.assets
-2085059999,WorldObject,p_ChesterPicCompaniola,resources.assets
1815672043,WorldObject,p_ChesterPicCompaniola_BP,resources.assets
-1325118547,WorldObject,p_ChesterPicMarc,resources.assets
613005191,WorldObject,p_ChesterPicMarc_BP,resources.assets
733172782,WorldObject,p_ChesterPicMimic,resources.assets
390605714,WorldObject,p_ChesterPicMimic_BP,resources.assets
523482761,WorldObject,p_ChopChopLog,resources.assets
1348565305,WorldObject,p_ChopChopLogOLD,resources.assets
128439727,WorldObject,p_CityCrafter,resources.assets
1887006014,WorldObject,p_CoffeemachineButton,resources.assets
-1644011315,WorldObject,p_CoffeemachineButtonAdditional,resources.assets
-1698120601,WorldObject,p_CoffeemachineButtonAdditional Variant,resources.assets
-1885524210,WorldObject,p_CoffeemachineButtonDummy,resources.assets
1036775564,WorldObject,p_CollectFallingItems,resources.assets
-179330128,WorldObject,p_CollectFallingItems_deprecated,resources.assets
-448037259,WorldObject,p_CollectFallingItems_deprecated02,resources.assets
-1232521983,WorldObject,p_CookingStation_Crafter,resources.assets
-280452928,WorldObject,p_CookingStation_Visuals,resources.assets
78788807,WorldObject,p_CrabWeights,resources.assets
1010570458,WorldObject,p_Document01,resources.assets
525990785,WorldObject,p_Document02,resources.assets
-94460243,WorldObject,p_Document03,resources.assets
577117177,WorldObject,p_Document04,resources.assets
-646930187,WorldObject,p_DocumentStamp,resources.assets
-314945012,WorldObject,p_Dome (1),resources.assets
1302208677,WorldObject,p_Dome_Animated,resources.assets
358759850,WorldObject,p_DoorTeleporterBase,resources.assets
2036829517,WorldObject,p_DroneFlightToCity,resources.assets
938815297,WorldObject,p_DroneFlightToPlatform,resources.assets
1570433182,WorldObject,p_DronePlatform,resources.assets
1286766720,WorldObject,p_DronePlatformPart00,resources.assets
457238314,WorldObject,p_DronePlatformPart03,resources.assets
-1850087359,WorldObject,p_DuckCabinDoor01,resources.assets
-1018458561,WorldObject,p_DuckCabinDoor02,resources.assets
1013340380,WorldObject,p_DuckCabinDoor03Close,resources.assets
-1308546922,WorldObject,p_DucksMushroomCutCrafter,resources.assets
-1202914233,WorldObject,p_DummySpawnHamster_1,resources.assets
-1510093305,WorldObject,p_DummySpawnHamster_3,resources.assets
1721496837,WorldObject,p_DummySpawnHamster_5,resources.assets
192993585,WorldObject,p_ElectroPress,resources.assets
-838075970,WorldObject,p_EmergencyButtonStand_01,resources.assets
-305044906,WorldObject,p_EmergencyButtonStand_01_BP,resources.assets
-901941655,WorldObject,p_EmergencyButton_01,resources.assets
1150829487,WorldObject,p_EmergencyButton_01,resources.assets
458036954,WorldObject,p_EmergencyButton_01 Variant,resources.assets
855056892,WorldObject,p_EmergencyButton_01_BP,resources.assets
-2001626170,WorldObject,p_FilesMarkerandArrow,resources.assets
592028346,WorldObject,p_FishBaitSingle01,resources.assets
-709064682,WorldObject,p_FishBaitSingle02,resources.assets
-845552762,WorldObject,p_FishBaitSingle03,resources.assets
-853971456,WorldObject,p_FishBaitSingle04,resources.assets
-1255342439,WorldObject,p_FishCrafter01,resources.assets
1205805636,WorldObject,p_FitnessCrabMissionBoard01,resources.assets
1754616202,WorldObject,p_Furnace01,resources.assets
1115681656,WorldObject,p_FurnitureCrafter01,resources.assets
1500495565,WorldObject,p_FurnitureCrafter03,resources.assets
-328641571,WorldObject,p_FurnoxDrone_Flight,resources.assets
-1948159491,WorldObject,p_FurnoxStinkBomb01,resources.assets
-1493290263,WorldObject,p_GateClosed,resources.assets
1556965282,WorldObject,p_GateOpen,resources.assets
1753013065,WorldObject,p_Gestures,resources.assets
-1570650224,WorldObject,p_GrindStone_Electro,resources.assets
-1498505492,WorldObject,p_GrindStone_Metal,resources.assets
735755766,WorldObject,p_GrindStone_Stone,resources.assets
424571070,WorldObject,p_GrindStone_Wood,resources.assets
1355164165,WorldObject,p_HamsterCage01,resources.assets
339211648,WorldObject,p_HamsterDrone01,resources.assets
166956145,WorldObject,p_HamsterDroneCarry,resources.assets
1181711410,WorldObject,p_HamsterFeedingTube,resources.assets
-537984765,WorldObject,p_HamsterHouse01,resources.assets
1592008125,WorldObject,p_HamsterHouse01_Holo,resources.assets
-86595200,WorldObject,p_HamsterHouseFence01,resources.assets
2014536390,WorldObject,p_HamsterHouseFence01_Holo,resources.assets
-167688,WorldObject,p_HamsterHouseFence02,resources.assets
-2110485368,WorldObject,p_HamsterHouseFence02_Holo,resources.assets
-2017054715,WorldObject,p_HamsterHouseFence03,resources.assets
620735563,WorldObject,p_HamsterHouseFence03_Holo,resources.assets
-1610561523,WorldObject,p_HamsterHouseFence04,resources.assets
1977362179,WorldObject,p_HamsterHouseFence04_Holo,resources.assets
312985810,WorldObject,p_HamsterHouseFence05,resources.assets
-118852348,WorldObject,p_HamsterHouseFence05_Holo,resources.assets
-767292839,WorldObject,p_HamsterHouseFence06,resources.assets
-1982208153,WorldObject,p_HamsterHouseFence06_Holo,resources.assets
-525416373,WorldObject,p_HamsterHouseFence07,resources.assets
1354681268,WorldObject,p_HamsterHouseFence07_Holo,resources.assets
-974510900,WorldObject,p_HamsterHouseFence08,resources.assets
1269153942,WorldObject,p_HamsterHouseFence08_Holo,resources.assets
-461927560,WorldObject,p_HamsterHouseFence09,resources.assets
-1437920124,WorldObject,p_HamsterHouseFence09_Holo,resources.assets
554739307,WorldObject,p_HamsterHouseFence10,resources.assets
-83084796,WorldObject,p_HamsterHouseFence10_Holo,resources.assets
399570434,WorldObject,p_Hamsterwheel_Idle,resources.assets
-114515817,WorldObject,p_Hamsterwheel_Running,resources.assets
797534842,WorldObject,p_HellWell,resources.assets
-897184097,WorldObject,p_HellWellGateClosed,resources.assets
-742119725,WorldObject,p_HolySlotMachine_Wintable,resources.assets
-973358303,WorldObject,p_HouseDoor01,resources.assets
343280550,WorldObject,p_HouseDoor01Holo,resources.assets
-1908347432,WorldObject,p_HouseDoor01NeutralInside,resources.assets
-2123492130,WorldObject,p_HouseDoor01OpenInside,resources.assets
-553166706,WorldObject,p_HouseDoor01OpenInsideClose,resources.assets
-226987891,WorldObject,p_HouseDoor02,resources.assets
-1333214133,WorldObject,p_HouseDoor02Holo,resources.assets
1067071299,WorldObject,p_HouseDoor02NeutralInside,resources.assets
-1981241899,WorldObject,p_HouseDoor02OpenInside,resources.assets
-1117386925,WorldObject,p_HouseDoor02OpenInsideClose,resources.assets
225790030,WorldObject,p_HouseFoundation01,resources.assets
1592342289,WorldObject,p_HouseFoundation01Holo,resources.assets
-140409726,WorldObject,p_HouseFoundation02Holo,resources.assets
-1045161362,WorldObject,p_HouseFoundation03Holo,resources.assets
1851458707,WorldObject,p_HouseFramework01,resources.assets
-273815225,WorldObject,p_HouseFramework01Holo,resources.assets
-568685128,WorldObject,p_HouseFramework02Holo,resources.assets
826562965,WorldObject,p_HouseFramework03Holo,resources.assets
-1885220199,WorldObject,p_HouseFramework04Holo,resources.assets
-352313496,WorldObject,p_HouseFramework05Holo,resources.assets
2133228536,WorldObject,p_HouseFramework06Holo,resources.assets
748688553,WorldObject,p_HousePlanks01,resources.assets
766694522,WorldObject,p_HousePlanks01Holo,resources.assets
-494482047,WorldObject,p_HousePlanks02,resources.assets
-772846584,WorldObject,p_HousePlanks02Holo,resources.assets
1554262920,WorldObject,p_HousePlanks03,resources.assets
354020050,WorldObject,p_HousePlanks03Holo,resources.assets
-834034550,WorldObject,p_HousePlanks04,resources.assets
-687831775,WorldObject,p_HousePlanks04Holo,resources.assets
-1196057942,WorldObject,p_HousePlanks05,resources.assets
-1783750742,WorldObject,p_HousePlanks05Holo,resources.assets
-274342035,WorldObject,p_HousePlanks06,resources.assets
-636904071,WorldObject,p_HousePlanks06Holo,resources.assets
1315637303,WorldObject,p_HousePlanks07,resources.assets
-2032358684,WorldObject,p_HousePlanks07Holo,resources.assets
-1590174165,WorldObject,p_HousePlanks08,resources.assets
-853506722,WorldObject,p_HousePlanks08Holo,resources.assets
1004569872,WorldObject,p_HousePlanks09,resources.assets
-1300437432,WorldObject,p_HousePlanks09Holo,resources.assets
-1109384352,WorldObject,p_HousePlanks10,resources.assets
1187648228,WorldObject,p_HousePlanks10Holo,resources.assets
-899059060,WorldObject,p_HousePlanks11,resources.assets
161045685,WorldObject,p_HousePlanks11Holo,resources.assets
1632442282,WorldObject,p_HousePlanks12,resources.assets
1418939256,WorldObject,p_HousePlanks12Holo,resources.assets
2144823915,WorldObject,p_HouseRailing01,resources.assets
-1611744196,WorldObject,p_HouseRailing01Holo,resources.assets
-808213718,WorldObject,p_HouseRailing02,resources.assets
-655021645,WorldObject,p_HouseRailing02Holo,resources.assets
600349942,WorldObject,p_HouseRailing03,resources.assets
-2085838823,WorldObject,p_HouseRailing03Holo,resources.assets
38147798,WorldObject,p_HouseRailing04,resources.assets
-470229788,WorldObject,p_HouseRailing04Holo,resources.assets
671661214,WorldObject,p_HouseRailing05,resources.assets
523960060,WorldObject,p_HouseRailing05Holo,resources.assets
-1493889953,WorldObject,p_HouseRailing06,resources.assets
-1584587190,WorldObject,p_HouseRailing06Holo,resources.assets
-2087576390,WorldObject,p_HouseRailing07,resources.assets
980040207,WorldObject,p_HouseRailing07Holo,resources.assets
-1883374129,WorldObject,p_HouseRailing08,resources.assets
-1436800128,WorldObject,p_HouseRailing08Holo,resources.assets
1630534155,WorldObject,p_HouseRailing09,resources.assets
1791071389,WorldObject,p_HouseRailing09Holo,resources.assets
1467996395,WorldObject,p_HouseRailing10,resources.assets
1450698262,WorldObject,p_HouseRailing10Holo,resources.assets
1437747957,WorldObject,p_HouseRailing11,resources.assets
1790167984,WorldObject,p_HouseRailing11Holo,resources.assets
332574436,WorldObject,p_HouseRailing12,resources.assets
-1592648614,WorldObject,p_HouseRailing12Holo,resources.assets
844560343,WorldObject,p_HouseRoof01,resources.assets
-1540845540,WorldObject,p_HouseRoof01Holo,resources.assets
-312513783,WorldObject,p_HouseRoof02,resources.assets
1602211523,WorldObject,p_HouseRoof02Holo,resources.assets
17027090,WorldObject,p_HouseRoof03,resources.assets
-814929862,WorldObject,p_HouseRoof03Holo,resources.assets
1258587548,WorldObject,p_HouseRoof04,resources.assets
-1401656468,WorldObject,p_HouseRoof04Holo,resources.assets
1881793578,WorldObject,p_HouseRoof05,resources.assets
332968766,WorldObject,p_HouseRoof05Holo,resources.assets
741767505,WorldObject,p_HouseRoof06,resources.assets
1383708647,WorldObject,p_HouseRoof06Holo,resources.assets
51908220,WorldObject,p_HouseRoof07,resources.assets
-2007941832,WorldObject,p_HouseRoof07Holo,resources.assets
1578579002,WorldObject,p_HouseRoof08,resources.assets
-537433851,WorldObject,p_HouseRoof08Holo,resources.assets
-1576064186,WorldObject,p_HouseRoof09,resources.assets
-44802541,WorldObject,p_HouseRoof09Holo,resources.assets
2087715592,WorldObject,p_HouseSideTent01,resources.assets
598691584,WorldObject,p_HouseSideTent01Holo,resources.assets
-529995142,WorldObject,p_HouseSign01,resources.assets
-1824768538,WorldObject,p_HouseSign01Holo,resources.assets
-1197962284,WorldObject,p_HouseStairs01,resources.assets
-1958357460,WorldObject,p_HouseStairs01Holo01,resources.assets
1710619006,WorldObject,p_HouseStairs01Holo02,resources.assets
-1142976939,WorldObject,p_HouseStairs01Holo03,resources.assets
835192979,WorldObject,p_HouseStairs02,resources.assets
1155164522,WorldObject,p_HouseStairs02Holo01,resources.assets
-1816213603,WorldObject,p_HouseStairs02Holo02,resources.assets
-1797014684,WorldObject,p_HouseStairs02Holo03,resources.assets
1909262154,WorldObject,p_HouseWall01,resources.assets
622212585,WorldObject,p_HouseWall01Holo01,resources.assets
-1913910399,WorldObject,p_HouseWall01Holo02,resources.assets
783854248,WorldObject,p_HouseWall02,resources.assets
-1803789468,WorldObject,p_HouseWall02Holo01,resources.assets
1613096362,WorldObject,p_HouseWall02Holo02,resources.assets
1221126832,WorldObject,p_HouseWall03,resources.assets
-1581888602,WorldObject,p_HouseWall03Holo01,resources.assets
-1800111392,WorldObject,p_HouseWall03Holo02,resources.assets
678256791,WorldObject,p_HouseWall04,resources.assets
-610877615,WorldObject,p_HouseWall04Holo01,resources.assets
872981693,WorldObject,p_HouseWall04Holo02,resources.assets
1085947453,WorldObject,p_HouseWall05,resources.assets
1129467774,WorldObject,p_HouseWall05Holo01,resources.assets
-171742659,WorldObject,p_HouseWall05Holo02,resources.assets
-574559211,WorldObject,p_HouseWall06,resources.assets
-826183176,WorldObject,p_HouseWall06Holo01,resources.assets
-898171446,WorldObject,p_HouseWall06Holo02,resources.assets
1172672219,WorldObject,p_HouseWall07,resources.assets
372457946,WorldObject,p_HouseWall07Holo01,resources.assets
-1647420594,WorldObject,p_HouseWall07Holo02,resources.assets
41702318,WorldObject,p_HouseWall08,resources.assets
-546044405,WorldObject,p_HouseWall08Holo01,resources.assets
-1164250186,WorldObject,p_HouseWall08Holo02,resources.assets
-269119467,WorldObject,p_HouseWall09,resources.assets
1868482956,WorldObject,p_HouseWall09Holo01,resources.assets
1916635283,WorldObject,p_HouseWall09Holo02,resources.assets
-1415058550,WorldObject,p_HouseWall10,resources.assets
1577787301,WorldObject,p_HouseWall10Holo01,resources.assets
-1803327173,WorldObject,p_HouseWall10Holo02,resources.assets
-1221764047,WorldObject,p_HouseWindow01,resources.assets
290033863,WorldObject,p_HouseWindow01Holo,resources.assets
25761971,WorldObject,p_HouseWindow02,resources.assets
-215083843,WorldObject,p_HouseWindow02Holo,resources.assets
246243533,WorldObject,p_HouseWindow03,resources.assets
-1682585923,WorldObject,p_HouseWindow03Holo,resources.assets
-467477632,WorldObject,p_HouseWindow04,resources.assets
1251287068,WorldObject,p_HouseWindow04Holo,resources.assets
-1423764046,WorldObject,p_HouseWindow05,resources.assets
-1399502099,WorldObject,p_HouseWindow05Holo,resources.assets
-87981212,WorldObject,p_InventoryBober,resources.assets
225753976,WorldObject,p_InventoryCanon,resources.assets
-1931740931,WorldObject,p_InventoryWorkingHall,resources.assets
-13529417,WorldObject,p_ItemCrafterInventoryCrate,resources.assets
2036421636,WorldObject,p_KillzoneTruck,resources.assets
-88952914,WorldObject,p_KillzoneTruck_Return,resources.assets
1500652770,WorldObject,p_KillzoneTruck_ShippingCrate,resources.assets
-1059336956,WorldObject,p_LabTerminal,resources.assets
1661246268,WorldObject,p_LabTerminalNONCrafter,resources.assets
1442597399,WorldObject,p_LavaCollider,resources.assets
1876913431,WorldObject,p_LeverColliderSlotmachine,resources.assets
1875784503,WorldObject,p_LeverColliderSlotmachine Variant,resources.assets
1787832107,WorldObject,p_MailboxClose,resources.assets
-920833687,WorldObject,p_MailboxOpen,resources.assets
820964902,WorldObject,p_MailboxStart,resources.assets
1912280284,WorldObject,p_MapObject_dronePlatform_destroyed,resources.assets
659970840,WorldObject,p_MarioCrate01,resources.assets
-1946546016,WorldObject,p_MountDuckmore,resources.assets
-1271313809,WorldObject,p_PC,resources.assets
109919444,WorldObject,p_PCBootUp,resources.assets
-1624792305,WorldObject,p_PCButtonAbort,resources.assets
1710120802,WorldObject,p_PCButtonVaporize,resources.assets
-156592360,WorldObject,p_PCSatellite,resources.assets
-845485265,WorldObject,p_PCSatelliteON,resources.assets
2100803207,WorldObject,p_PenguinRockingChair,resources.assets
943312551,WorldObject,p_PenguinRockingChairStuntAnimation,resources.assets
-14471362,WorldObject,p_PenguinRockingChairWithPenguin,resources.assets
1410692945,WorldObject,p_PenguinRockingChairWithPenguinStunt,resources.assets
836420340,WorldObject,p_PenguinRockingChairWithPenguinStuntAnim,resources.assets
-1026585043,WorldObject,p_PickleIntakeRedButton,resources.assets
-104432210,WorldObject,p_PickleIntakeRedButton Variant,resources.assets
-999383195,WorldObject,p_PicklesChocolate,resources.assets
-1646377070,WorldObject,p_Player,resources.assets
-2073920632,WorldObject,p_PlayerImpact,resources.assets
984722338,WorldObject,p_RubbleBarrier01,resources.assets
-657909801,WorldObject,p_RubbleBarrier02,resources.assets
1730061334,WorldObject,p_SatelliteCrashSequence,resources.assets
1068530271,WorldObject,p_Sawhorse,resources.assets
-373376051,WorldObject,p_SawhorseRework,resources.assets
1400850329,WorldObject,p_SellingDroneDropoff,resources.assets
1009914772,WorldObject,p_SellingDroneDropoffBlocker,resources.assets
391986090,WorldObject,p_SellingDroneDropoffInventory,resources.assets
-102755213,WorldObject,p_ShippingCrate01,resources.assets
-1393975620,WorldObject,p_ShippingCrateFull,resources.assets
-584936388,WorldObject,p_ShopSpawnOrders,resources.assets
78058985,WorldObject,p_SirWorcestershireResearch01,resources.assets
2070485984,WorldObject,p_Slot_AutoFurnace,resources.assets
-1781376966,WorldObject,p_Slot_AutoHarvester01,resources.assets
-1241850145,WorldObject,p_Slot_AutoHarvester02,resources.assets
-1005702890,WorldObject,p_Slot_AutoHarvester03,resources.assets
-186039614,WorldObject,p_Slot_AutomaticElectroPress,resources.assets
328468799,WorldObject,p_Slot_Beehouse,resources.assets
546736802,WorldObject,p_Slot_BlueprintTable01,resources.assets
138142421,WorldObject,p_Slot_BoberWorkbench,resources.assets
-882924830,WorldObject,p_Slot_CampingChair,resources.assets
-1051301062,WorldObject,p_Slot_CityCrafter01,resources.assets
-1597200171,WorldObject,p_Slot_CookingStation01,resources.assets
763498107,WorldObject,p_Slot_DungeonChains,resources.assets
-938106198,WorldObject,p_Slot_ElectroPress,resources.assets
1878557137,WorldObject,p_Slot_Fence,resources.assets
1388223663,WorldObject,p_Slot_FishingRod01,resources.assets
-1241423366,WorldObject,p_Slot_FishingRod02,resources.assets
-540647001,WorldObject,p_Slot_FishingRod03,resources.assets
-776202100,WorldObject,p_Slot_FishingRod04,resources.assets
734250226,WorldObject,p_Slot_Furnace,resources.assets
77633658,WorldObject,p_Slot_FurnitureCrafter01,resources.assets
-145432396,WorldObject,p_Slot_GrindStone01Wood,resources.assets
652180228,WorldObject,p_Slot_GrindStone02Stone,resources.assets
-975310245,WorldObject,p_Slot_GrindStone03Metal,resources.assets
801719060,WorldObject,p_Slot_GrindStone04Electro,resources.assets
-1227273829,WorldObject,p_Slot_HouseFoundation,resources.assets
-648427896,WorldObject,p_Slot_HouseFramework,resources.assets
-1143724738,WorldObject,p_Slot_HousePlanks,resources.assets
1356252198,WorldObject,p_Slot_HouseRailings,resources.assets
1849461945,WorldObject,p_Slot_HouseRoof,resources.assets
1944951620,WorldObject,p_Slot_HouseSideTent,resources.assets
-175231733,WorldObject,p_Slot_HouseSign,resources.assets
1705259012,WorldObject,p_Slot_HouseStairs,resources.assets
1647086830,WorldObject,p_Slot_HouseWalls,resources.assets
-1409902705,WorldObject,p_Slot_HouseWindowsAndDoors,resources.assets
-982095882,WorldObject,p_Slot_Mailbox,resources.assets
78288316,WorldObject,p_Slot_MoneyDrawer,resources.assets
-1659964218,WorldObject,p_Slot_PC,resources.assets
-625558969,WorldObject,p_Slot_PenguinRockingChair01,resources.assets
652109315,WorldObject,p_Slot_PlanksJumpPuzzle,resources.assets
687398876,WorldObject,p_Slot_Ramp01,resources.assets
1295110594,WorldObject,p_Slot_SatelliteTable,resources.assets
-688716411,WorldObject,p_Slot_Sawhorse,resources.assets
-1651394490,WorldObject,p_Slot_Treadmill,resources.assets
-246480193,WorldObject,p_Slot_WeightBench,resources.assets
-1117639057,WorldObject,p_Slot_WoodElevator01,resources.assets
-2024492001,WorldObject,p_Slot_WorcestershireInHouse,resources.assets
1916581845,WorldObject,p_Slot_WorkhallAutoButtonCanon,resources.assets
1383924605,WorldObject,p_Slot_WorkhallAutoButtonFurnaceAndPress,resources.assets
-1058830088,WorldObject,p_Slot_WorkhallAutoButtonFurnitureCrafter,resources.assets
-837590550,WorldObject,p_Slot_WorkhallAutoButtonHarvester,resources.assets
-309261470,WorldObject,p_Slot_WorkhallAutoButtonSawMachine,resources.assets
1090208802,WorldObject,p_Slot_WorkhallBeams,resources.assets
-156948638,WorldObject,p_Slot_WorkhallButtonCanon,resources.assets
-1616003996,WorldObject,p_Slot_WorkhallButtonContainerFurnitureCrafter,resources.assets
-1187387917,WorldObject,p_Slot_WorkhallButtonContainerSawMachine,resources.assets
320034045,WorldObject,p_Slot_WorkhallButtonMoveToInvHarvester,resources.assets
308495825,WorldObject,p_Slot_WorkhallCanonBase,resources.assets
586951089,WorldObject,p_Slot_WorkhallCanonFoundation,resources.assets
-848638261,WorldObject,p_Slot_WorkhallCanonUpgraded,resources.assets
-177033591,WorldObject,p_Slot_WorkhallDetails,resources.assets
-206466485,WorldObject,p_Slot_WorkhallFoundation01,resources.assets
1072586491,WorldObject,p_Slot_WorkhallFoundation02,resources.assets
-1535695922,WorldObject,p_Slot_WorkhallFoundation03,resources.assets
1725322949,WorldObject,p_Slot_WorkhallFurnaceAndPressContainer,resources.assets
396004635,WorldObject,p_Slot_WorkhallFurnitureCrafter,resources.assets
-938030213,WorldObject,p_Slot_WorkhallFurnitureCrafterContainer,resources.assets
2058718346,WorldObject,p_Slot_WorkhallGarden,resources.assets
885713566,WorldObject,p_Slot_WorkhallPipingIntake,resources.assets
2047308818,WorldObject,p_Slot_WorkhallRailings01,resources.assets
12799450,WorldObject,p_Slot_WorkhallRoof,resources.assets
286824410,WorldObject,p_Slot_WorkhallRoofBeams,resources.assets
1152304647,WorldObject,p_Slot_WorkhallSawMachine,resources.assets
454632414,WorldObject,p_Slot_WorkhallSawMachineContainer,resources.assets
-1216692806,WorldObject,p_Slot_WorkhallWalls,resources.assets
32209366,WorldObject,p_Slot_brokenTeleporter,resources.assets
-379569771,WorldObject,p_Slot_brokenTeleporter_Area2,resources.assets
1820586841,WorldObject,p_Slot_brokenTeleporter_Area4,resources.assets
1540248871,WorldObject,p_Slot_brokenTeleporter_Area5,resources.assets
921036799,WorldObject,p_Slot_brokenTeleporter_Beach,resources.assets
-1018587769,WorldObject,p_Slot_brokenTeleporter_Cave,resources.assets
-1079348751,WorldObject,p_Slot_dronePlatform_destroyed,resources.assets
580451016,WorldObject,p_Slot_hamsterhouse,resources.assets
1591843508,WorldObject,p_StoneTower01,resources.assets
74995320,WorldObject,p_StoneTower02,resources.assets
-180263014,WorldObject,p_StoneTower03,resources.assets
-137343807,WorldObject,p_StoneTower04,resources.assets
-916142732,WorldObject,p_Stump_Apple_01,resources.assets
-1703020379,WorldObject,p_Stump_Apple_01_AutoHarvesterArea,resources.assets
-541743482,WorldObject,p_Stump_Apple_01_Workhall,resources.assets
-2053916416,WorldObject,p_Stump_Apple_02,resources.assets
385808941,WorldObject,p_Stump_Apple_02_AutoHarvesterArea,resources.assets
574348120,WorldObject,p_Stump_Apple_02_FallingLeaves,resources.assets
-1425207135,WorldObject,p_Stump_Apple_02_Workhall,resources.assets
1367229943,WorldObject,p_Stump_Apple_03,resources.assets
-1162690902,WorldObject,p_Stump_Apple_03_FallingLeaves,resources.assets
48844952,WorldObject,p_Stump_Apple_03_Workhall,resources.assets
195781235,WorldObject,p_Stump_Birch_01,resources.assets
560703652,WorldObject,p_Stump_Birch_01_Cabin,resources.assets
-1851826974,WorldObject,p_Stump_Birch_02,resources.assets
1710424121,WorldObject,p_Stump_Birch_02_FallingLeaves,resources.assets
1564430665,WorldObject,p_Stump_Birch_02_Workhall,resources.assets
1342035488,WorldObject,p_Stump_Birch_03,resources.assets
-210485808,WorldObject,p_Stump_Birch_03_AutoHarvesterArea,resources.assets
-1063094340,WorldObject,p_Stump_Birch_03_Workhall,resources.assets
-1399033819,WorldObject,p_Stump_Birch_04,resources.assets
-1187543457,WorldObject,p_Stump_Birch_04_AutoHarvesterArea,resources.assets
-627678344,WorldObject,p_Stump_Birch_04_Bees,resources.assets
470721294,WorldObject,p_Stump_Birch_04_FallingLeaves,resources.assets
1743955912,WorldObject,p_Stump_Birch_04_Workhall,resources.assets
1205880996,WorldObject,p_Stump_Birch_07,resources.assets
-964418569,WorldObject,p_Stump_Birch_07_Cabin,resources.assets
-1308354149,WorldObject,p_Stump_Crystal_01,resources.assets
2102082584,WorldObject,p_Stump_Crystal_02,resources.assets
-45771221,WorldObject,p_Stump_Crystal_03,resources.assets
-1776132591,WorldObject,p_Stump_Dead_01,resources.assets
1339377816,WorldObject,p_Stump_Dead_02,resources.assets
1826757873,WorldObject,p_Stump_Dead_03,resources.assets
-821510630,WorldObject,p_Stump_Golden,resources.assets
-1752296921,WorldObject,p_Stump_Metal_01,resources.assets
-1922342795,WorldObject,p_Stump_Metal_02,resources.assets
1746914195,WorldObject,p_Stump_Metal_03,resources.assets
463280074,WorldObject,p_Stump_Palm_01,resources.assets
-979151939,WorldObject,p_Stump_Rock_01,resources.assets
-1457620422,WorldObject,p_Stump_WalnutMushroom_01,resources.assets
1607817635,WorldObject,p_Stump_Walnut_01,resources.assets
1281511942,WorldObject,p_Stump_Walnut_02,resources.assets
1579124908,WorldObject,p_Stump_Walnut_03,resources.assets
1835290073,WorldObject,p_SwimBack,resources.assets
832819346,WorldObject,p_SwimToFurnox,resources.assets
378988094,WorldObject,p_TP_Area2ToBase,resources.assets
1586823352,WorldObject,p_TP_Area3ToBase,resources.assets
1534954745,WorldObject,p_TP_Area4ToBase,resources.assets
257129915,WorldObject,p_TP_Area5ToBase,resources.assets
789462028,WorldObject,p_TP_BaseToArea2,resources.assets
-342134475,WorldObject,p_TP_BaseToArea3,resources.assets
175849872,WorldObject,p_TP_BaseToArea4,resources.assets
-100665990,WorldObject,p_TP_BaseToArea5,resources.assets
189394286,WorldObject,p_TP_BaseToBeach,resources.assets
1998061016,WorldObject,p_TP_BaseToInsideChester,resources.assets
1149207565,WorldObject,p_TP_BeachToBase,resources.assets
1563662853,WorldObject,p_TP_InsideChesterToBase,resources.assets
5490337,WorldObject,p_TechBridgeBroken,resources.assets
303955290,WorldObject,p_TechBridgeHolo,resources.assets
1519428731,WorldObject,p_TechBridgeRepaired,resources.assets
-1913504404,WorldObject,p_TechBridge_BatteryCase01_Close,resources.assets
-1369183294,WorldObject,p_TechBridge_BatteryCase01_StillOpen,resources.assets
916901364,WorldObject,p_TechBridge_BatteryCase01_StillOpenDestructible,resources.assets
927145527,WorldObject,p_TechBridge_BatteryCase02_Close,resources.assets
2080697542,WorldObject,p_TechBridge_BatteryCase02_StillOpen,resources.assets
-954776665,WorldObject,p_TechBridge_BatteryCase02_StillOpenDestructible,resources.assets
1789526825,WorldObject,p_TechBridge_BatteryCase_Crafter01,resources.assets
1214431744,WorldObject,p_TechBridge_BatteryCase_Crafter02,resources.assets
2033513648,WorldObject,p_TeleportPlayerIntoBox,resources.assets
555951458,WorldObject,p_Treadmill,resources.assets
560132610,WorldObject,p_TreeLabCrafterApple,resources.assets
-1722209199,WorldObject,p_TreeLabCrafterBirch,resources.assets
261912906,WorldObject,p_TreeLabCrafterCrystal,resources.assets
1862938356,WorldObject,p_TreeLabCrafterElectro,resources.assets
-1702870011,WorldObject,p_TreeLabCrafterMetal,resources.assets
1432913293,WorldObject,p_TreeLabCrafterPalm,resources.assets
-286055577,WorldObject,p_TreeLabCrafterStone,resources.assets
691639775,WorldObject,p_TreeLabCrafterWalnut,resources.assets
1529865216,WorldObject,p_TreeLabVisualsApple,resources.assets
521338796,WorldObject,p_TreeLabVisualsBirch,resources.assets
1852759359,WorldObject,p_TreeLabVisualsCrystal,resources.assets
-1675467721,WorldObject,p_TreeLabVisualsElectro,resources.assets
-2098783887,WorldObject,p_TreeLabVisualsMetal,resources.assets
-757537987,WorldObject,p_TreeLabVisualsPalm,resources.assets
1214379044,WorldObject,p_TreeLabVisualsStone,resources.assets
-1367707755,WorldObject,p_TreeLabVisualsWalnut,resources.assets
1211333234,WorldObject,p_Tree_Apple01_AutoHarvesterArea_Respawner,resources.assets
2145113691,WorldObject,p_Tree_Apple01_Respawner,resources.assets
-1575443478,WorldObject,p_Tree_Apple01_Workhall_Respawner,resources.assets
-1289886730,WorldObject,p_Tree_Apple02_AutoHarvesterArea_Respawner,resources.assets
1252485336,WorldObject,p_Tree_Apple02_FallingLeaves_Respawner,resources.assets
653805909,WorldObject,p_Tree_Apple02_Respawner,resources.assets
1891173210,WorldObject,p_Tree_Apple02_Workhall_Respawner,resources.assets
-1035833069,WorldObject,p_Tree_Apple03_FallingLeaves_Respawner,resources.assets
-2106065550,WorldObject,p_Tree_Apple03_Respawner,resources.assets
1983659992,WorldObject,p_Tree_Apple03_Workhall_Respawner,resources.assets
42617885,WorldObject,p_Tree_Apple_01,resources.assets
-37105219,WorldObject,p_Tree_Apple_01_AutoHarvesterArea,resources.assets
-1622833909,WorldObject,p_Tree_Apple_01_Workhall,resources.assets
-156887277,WorldObject,p_Tree_Apple_02,resources.assets
1333906424,WorldObject,p_Tree_Apple_02_AutoHarvesterArea,resources.assets
446141343,WorldObject,p_Tree_Apple_02_FallingLeaves,resources.assets
13979364,WorldObject,p_Tree_Apple_02_Workhall,resources.assets
1073200838,WorldObject,p_Tree_Apple_03,resources.assets
-1631128459,WorldObject,p_Tree_Apple_03_FallingLeaves,resources.assets
1610243179,WorldObject,p_Tree_Apple_03_Workhall,resources.assets
-1079260210,WorldObject,p_Tree_Apple_SelfDestruct_01,resources.assets
779035808,WorldObject,p_Tree_Apple_SelfDestruct_01_Log_Respawner,resources.assets
-1012859288,WorldObject,p_Tree_Apple_SelfDestruct_01_Wood,resources.assets
1615467643,WorldObject,p_Tree_Apple_SelfDestruct_01_Wood_Respawner,resources.assets
2057572213,WorldObject,p_Tree_Apple_SelfDestruct_02,resources.assets
-608628672,WorldObject,p_Tree_Apple_SelfDestruct_02_Log_Respawner,resources.assets
256699669,WorldObject,p_Tree_Apple_SelfDestruct_02_Wood,resources.assets
-488513589,WorldObject,p_Tree_Apple_SelfDestruct_02_Wood_Respawner,resources.assets
1970132629,WorldObject,p_Tree_Apple_SelfDestruct_03,resources.assets
-1315481126,WorldObject,p_Tree_Apple_SelfDestruct_03_Log_Respawner,resources.assets
-2109677488,WorldObject,p_Tree_Apple_SelfDestruct_03_Wood,resources.assets
1051853024,WorldObject,p_Tree_Apple_SelfDestruct_03_Wood_Respawner,resources.assets
-805156400,WorldObject,p_Tree_Apple_Static_01,resources.assets
-608954043,WorldObject,p_Tree_Apple_Static_02,resources.assets
-1923000393,WorldObject,p_Tree_Apple_Static_03,resources.assets
-1813985410,WorldObject,p_Tree_Birch01_Cabin_Respawner,resources.assets
856525045,WorldObject,p_Tree_Birch01_Respawner,resources.assets
1717208592,WorldObject,p_Tree_Birch02_FallingLeaves_Respawner,resources.assets
-1033499183,WorldObject,p_Tree_Birch02_Respawner,resources.assets
1831454898,WorldObject,p_Tree_Birch02_Workhall_Respawner,resources.assets
1790088972,WorldObject,p_Tree_Birch03_AutoHarvesterArea_Respawner,resources.assets
788298898,WorldObject,p_Tree_Birch03_Respawner,resources.assets
1822118806,WorldObject,p_Tree_Birch03_Workhall_Respawner,resources.assets
-1122491925,WorldObject,p_Tree_Birch04_AutoHarvesterArea_Respawner,resources.assets
269340505,WorldObject,p_Tree_Birch04_Bees_Respawner,resources.assets
-1289240419,WorldObject,p_Tree_Birch04_FallingLeaves_Respawner,resources.assets
-801552946,WorldObject,p_Tree_Birch04_Respawner,resources.assets
-692132643,WorldObject,p_Tree_Birch04_Workhall_Respawner,resources.assets
-2085211885,WorldObject,p_Tree_Birch07_Cabin_Respawner,resources.assets
-1009944560,WorldObject,p_Tree_Birch07_Respawner,resources.assets
-760104094,WorldObject,p_Tree_Birch_01,resources.assets
-249142208,WorldObject,p_Tree_Birch_01_Cabin,resources.assets
-2021437395,WorldObject,p_Tree_Birch_02,resources.assets
547085361,WorldObject,p_Tree_Birch_02_FallingLeaves,resources.assets
-1785090678,WorldObject,p_Tree_Birch_02_Workhall,resources.assets
-531013114,WorldObject,p_Tree_Birch_03,resources.assets
-29561685,WorldObject,p_Tree_Birch_03_AutoHarvesterArea,resources.assets
-93893241,WorldObject,p_Tree_Birch_03_Workhall,resources.assets
2025673331,WorldObject,p_Tree_Birch_04,resources.assets
-1786400273,WorldObject,p_Tree_Birch_04_AutoHarvesterArea,resources.assets
-1281305193,WorldObject,p_Tree_Birch_04_Bees,resources.assets
-769018917,WorldObject,p_Tree_Birch_04_FallingLeaves,resources.assets
-1888796597,WorldObject,p_Tree_Birch_04_Workhall,resources.assets
647396312,WorldObject,p_Tree_Birch_07,resources.assets
-1946943349,WorldObject,p_Tree_Birch_07_Cabin,resources.assets
-446000268,WorldObject,p_Tree_Birch_SelfDestruct_01,resources.assets
1477147777,WorldObject,p_Tree_Birch_SelfDestruct_01_Log_Respawner,resources.assets
399521715,WorldObject,p_Tree_Birch_SelfDestruct_01_Small,resources.assets
-1632565028,WorldObject,p_Tree_Birch_SelfDestruct_01_Wood_Respawner,resources.assets
620430136,WorldObject,p_Tree_Birch_SelfDestruct_02,resources.assets
-1724951309,WorldObject,p_Tree_Birch_SelfDestruct_02_Log_Respawner,resources.assets
-1169027241,WorldObject,p_Tree_Birch_SelfDestruct_02_Small,resources.assets
85182444,WorldObject,p_Tree_Birch_SelfDestruct_02_Wood,resources.assets
-1423885756,WorldObject,p_Tree_Birch_SelfDestruct_02_Wood_Respawner,resources.assets
-183516715,WorldObject,p_Tree_Birch_SelfDestruct_03,resources.assets
-1321049341,WorldObject,p_Tree_Birch_SelfDestruct_03_Log_Respawner,resources.assets
286351091,WorldObject,p_Tree_Birch_SelfDestruct_03_Wood,resources.assets
-745320011,WorldObject,p_Tree_Birch_SelfDestruct_03_Wood_Respawner,resources.assets
-1844714894,WorldObject,p_Tree_Birch_Static_01,resources.assets
-1167864421,WorldObject,p_Tree_Birch_Static_02,resources.assets
-1380481398,WorldObject,p_Tree_Birch_Static_03,resources.assets
-2141708210,WorldObject,p_Tree_Crystal01_Respawner,resources.assets
1179585600,WorldObject,p_Tree_Crystal02_Respawner,resources.assets
-364933681,WorldObject,p_Tree_Crystal03_Respawner,resources.assets
-1198108542,WorldObject,p_Tree_Crystal_01,resources.assets
671965601,WorldObject,p_Tree_Crystal_02,resources.assets
1880671016,WorldObject,p_Tree_Crystal_03,resources.assets
-244941335,WorldObject,p_Tree_Crystal_04,resources.assets
-1550454017,WorldObject,p_Tree_Crystal_SelfDestruct_01,resources.assets
1132369803,WorldObject,p_Tree_Crystal_SelfDestruct_01_Log_Respawner,resources.assets
194550204,WorldObject,p_Tree_Crystal_SelfDestruct_01_Wood,resources.assets
-137366564,WorldObject,p_Tree_Crystal_SelfDestruct_01_Wood_Respawner,resources.assets
-335871341,WorldObject,p_Tree_Crystal_SelfDestruct_02,resources.assets
-1759129,WorldObject,p_Tree_Crystal_SelfDestruct_02_Log_Respawner,resources.assets
1945966471,WorldObject,p_Tree_Crystal_SelfDestruct_02_Wood,resources.assets
-1625169818,WorldObject,p_Tree_Crystal_SelfDestruct_02_Wood_Respawner,resources.assets
1699724557,WorldObject,p_Tree_Crystal_SelfDestruct_03,resources.assets
2016774508,WorldObject,p_Tree_Crystal_SelfDestruct_03_Log_Respawner,resources.assets
-2003686094,WorldObject,p_Tree_Crystal_SelfDestruct_03_Wood,resources.assets
1501550425,WorldObject,p_Tree_Crystal_SelfDestruct_03_Wood_Respawner,resources.assets
-965596192,WorldObject,p_Tree_Crystal_Static_01,resources.assets
-1707797830,WorldObject,p_Tree_Crystal_Static_02,resources.assets
-219900774,WorldObject,p_Tree_Crystal_Static_03,resources.assets
1953618433,WorldObject,p_Tree_Dead01_Respawner,resources.assets
2131591822,WorldObject,p_Tree_Dead02_Respawner,resources.assets
1119255463,WorldObject,p_Tree_Dead03_Respawner,resources.assets
386344286,WorldObject,p_Tree_Electric_SelfDestruct_01,resources.assets
1344144164,WorldObject,p_Tree_Electric_SelfDestruct_01_Log_Respawner,resources.assets
731626628,WorldObject,p_Tree_Electric_SelfDestruct_01_Wood,resources.assets
-70700453,WorldObject,p_Tree_Electric_SelfDestruct_01_Wood_Respawner,resources.assets
1863584088,WorldObject,p_Tree_Electric_SelfDestruct_02,resources.assets
-1401677064,WorldObject,p_Tree_Electric_SelfDestruct_02_Log_Respawner,resources.assets
-689207457,WorldObject,p_Tree_Electric_SelfDestruct_02_Wood,resources.assets
1688998736,WorldObject,p_Tree_Electric_SelfDestruct_02_Wood_Respawner,resources.assets
-535157834,WorldObject,p_Tree_Electric_SelfDestruct_03,resources.assets
-1017683090,WorldObject,p_Tree_Electric_SelfDestruct_03_Log_Respawner,resources.assets
1148570641,WorldObject,p_Tree_Electric_SelfDestruct_03_Wood,resources.assets
810947762,WorldObject,p_Tree_Electric_SelfDestruct_03_Wood_Respawner,resources.assets
2065528811,WorldObject,p_Tree_Electric_Static_01,resources.assets
1780005151,WorldObject,p_Tree_Electric_Static_02,resources.assets
-1258245325,WorldObject,p_Tree_Electric_Static_03,resources.assets
-2032988415,WorldObject,p_Tree_Electronic_01,resources.assets
-1929027677,WorldObject,p_Tree_Electronic_02,resources.assets
1581602964,WorldObject,p_Tree_Electronic_03,resources.assets
860398826,WorldObject,p_Tree_Golden,resources.assets
-23076568,WorldObject,p_Tree_Golden_Respawner,resources.assets
1587542927,WorldObject,p_Tree_Metal01_Respawner,resources.assets
-978531469,WorldObject,p_Tree_Metal02_Respawner,resources.assets
-717556718,WorldObject,p_Tree_Metal03_Respawner,resources.assets
819155891,WorldObject,p_Tree_Metal_01,resources.assets
-583729562,WorldObject,p_Tree_Metal_02,resources.assets
1040059545,WorldObject,p_Tree_Metal_03,resources.assets
-180019344,WorldObject,p_Tree_Metal_SelfDestruct_01,resources.assets
-1178110055,WorldObject,p_Tree_Metal_SelfDestruct_01_Log_Respawner,resources.assets
146828093,WorldObject,p_Tree_Metal_SelfDestruct_01_Wood,resources.assets
1783033132,WorldObject,p_Tree_Metal_SelfDestruct_01_Wood_Respawner,resources.assets
-1650782026,WorldObject,p_Tree_Metal_SelfDestruct_02,resources.assets
-586640661,WorldObject,p_Tree_Metal_SelfDestruct_02_Log_Respawner,resources.assets
560526277,WorldObject,p_Tree_Metal_SelfDestruct_02_Wood,resources.assets
-464728696,WorldObject,p_Tree_Metal_SelfDestruct_02_Wood_Respawner,resources.assets
1144539786,WorldObject,p_Tree_Metal_SelfDestruct_03,resources.assets
-162397829,WorldObject,p_Tree_Metal_SelfDestruct_03_Log_Respawner,resources.assets
1818809293,WorldObject,p_Tree_Metal_SelfDestruct_03_Wood,resources.assets
-2145187063,WorldObject,p_Tree_Metal_SelfDestruct_03_Wood_Respawner,resources.assets
-764191547,WorldObject,p_Tree_Metal_Static_01,resources.assets
-911395529,WorldObject,p_Tree_Metal_Static_02,resources.assets
669730344,WorldObject,p_Tree_Metal_Static_03,resources.assets
1388861774,WorldObject,p_Tree_Palm01_Respawner,resources.assets
-1971686540,WorldObject,p_Tree_Palm_01,resources.assets
-2119276151,WorldObject,p_Tree_Palm_SelfDestruct_01,resources.assets
330410454,WorldObject,p_Tree_Palm_SelfDestruct_01_Log_Respawner,resources.assets
935097243,WorldObject,p_Tree_Palm_SelfDestruct_01_Wood,resources.assets
-2038815346,WorldObject,p_Tree_Palm_SelfDestruct_01_Wood_Respawner,resources.assets
-456861034,WorldObject,p_Tree_Palm_SelfDestruct_02,resources.assets
930838450,WorldObject,p_Tree_Palm_SelfDestruct_02_Log_Respawner,resources.assets
133484642,WorldObject,p_Tree_Palm_SelfDestruct_02_Wood,resources.assets
1947158766,WorldObject,p_Tree_Palm_SelfDestruct_02_Wood_Respawner,resources.assets
2119298150,WorldObject,p_Tree_Palm_SelfDestruct_03,resources.assets
289431752,WorldObject,p_Tree_Palm_SelfDestruct_03_Log_Respawner,resources.assets
-1739491593,WorldObject,p_Tree_Palm_SelfDestruct_03_Wood,resources.assets
-1576872319,WorldObject,p_Tree_Palm_SelfDestruct_03_Wood_Respawner,resources.assets
-1317196949,WorldObject,p_Tree_Palm_Static_01,resources.assets
-1202950387,WorldObject,p_Tree_Palm_Static_02,resources.assets
1097731613,WorldObject,p_Tree_Palm_Static_03,resources.assets
625776111,WorldObject,p_Tree_Rock01_Respawner,resources.assets
156423321,WorldObject,p_Tree_Stone_01,resources.assets
-2084584445,WorldObject,p_Tree_Stone_SelfDestruct_01,resources.assets
-768083411,WorldObject,p_Tree_Stone_SelfDestruct_01_Log_Respawner,resources.assets
650565804,WorldObject,p_Tree_Stone_SelfDestruct_01_Wood,resources.assets
-1855167185,WorldObject,p_Tree_Stone_SelfDestruct_01_Wood_Respawner,resources.assets
-245831594,WorldObject,p_Tree_Stone_SelfDestruct_02,resources.assets
1893212768,WorldObject,p_Tree_Stone_SelfDestruct_02_Log_Respawner,resources.assets
265768215,WorldObject,p_Tree_Stone_SelfDestruct_02_Wood,resources.assets
-1719759798,WorldObject,p_Tree_Stone_SelfDestruct_02_Wood_Respawner,resources.assets
-193889018,WorldObject,p_Tree_Stone_SelfDestruct_03,resources.assets
-2057517443,WorldObject,p_Tree_Stone_SelfDestruct_03_Log_Respawner,resources.assets
-1965811664,WorldObject,p_Tree_Stone_SelfDestruct_03_Wood,resources.assets
-425784687,WorldObject,p_Tree_Stone_SelfDestruct_03_Wood_Respawner,resources.assets
-185396001,WorldObject,p_Tree_Stone_Static_01,resources.assets
551667988,WorldObject,p_Tree_Stone_Static_02,resources.assets
1883745450,WorldObject,p_Tree_Stone_Static_03,resources.assets
-1268600615,WorldObject,p_Tree_Walnut01_Respawner,resources.assets
-803477995,WorldObject,p_Tree_Walnut02_Respawner,resources.assets
721635184,WorldObject,p_Tree_Walnut03_Respawner,resources.assets
60072834,WorldObject,p_Tree_WalnutMushroom01_Respawner,resources.assets
-622447233,WorldObject,p_Tree_Walnut_01,resources.assets
1555406683,WorldObject,p_Tree_Walnut_01_Mushroom,resources.assets
-1554507169,WorldObject,p_Tree_Walnut_02,resources.assets
-997990960,WorldObject,p_Tree_Walnut_03,resources.assets
264343953,WorldObject,p_Tree_Walnut_SelfDestruct_01,resources.assets
-809146850,WorldObject,p_Tree_Walnut_SelfDestruct_01_Log_Respawner,resources.assets
663276115,WorldObject,p_Tree_Walnut_SelfDestruct_01_Wood,resources.assets
-1356496875,WorldObject,p_Tree_Walnut_SelfDestruct_01_Wood_Respawner,resources.assets
1049621492,WorldObject,p_Tree_Walnut_SelfDestruct_02,resources.assets
1200487010,WorldObject,p_Tree_Walnut_SelfDestruct_02_Log_Respawner,resources.assets
-1293838088,WorldObject,p_Tree_Walnut_SelfDestruct_02_Wood,resources.assets
867053262,WorldObject,p_Tree_Walnut_SelfDestruct_02_Wood_Respawner,resources.assets
1548828607,WorldObject,p_Tree_Walnut_SelfDestruct_03,resources.assets
-737796103,WorldObject,p_Tree_Walnut_SelfDestruct_03_Log_Respawner,resources.assets
-898529114,WorldObject,p_Tree_Walnut_SelfDestruct_03_Wood,resources.assets
-927242641,WorldObject,p_Tree_Walnut_SelfDestruct_03_Wood_Respawner,resources.assets
-806491327,WorldObject,p_Tree_Walnut_Static_01,resources.assets
-1314003801,WorldObject,p_Tree_Walnut_Static_02,resources.assets
1664500846,WorldObject,p_Tree_Walnut_Static_03,resources.assets
-332725813,WorldObject,p_Tree_Weird01_1,resources.assets
-947611388,WorldObject,p_Tree_Weird01_2,resources.assets
172374077,WorldObject,p_Tree_Weird01_3,resources.assets
-908157216,WorldObject,p_Tree_Weird01_4,resources.assets
-1990768634,WorldObject,p_Tree_Weird01_5,resources.assets
1138718148,WorldObject,p_Tree_Weird01_6,resources.assets
-924133084,WorldObject,p_Tree_Weird02_1,resources.assets
-2099471482,WorldObject,p_Tree_Weird02_2,resources.assets
-1316069181,WorldObject,p_Trigger_ItemsTOCanonInventory,resources.assets
-2098235770,WorldObject,p_Trigger_ItemsTOworkhallInventory,resources.assets
1471349504,WorldObject,p_Trigger_ItemsTOworkhallInventoryFurnaceAndPress,resources.assets
1573128478,WorldObject,p_Trigger_ItemsTOworkhallInventoryHarvester,resources.assets
-1700775627,WorldObject,p_Trigger_KillFurnoxDrone,resources.assets
441440578,WorldObject,p_Trigger_TruckDestination,resources.assets
-1993273805,WorldObject,p_TrunkSplit_Apple01_A,resources.assets
1142505497,WorldObject,p_TrunkSplit_Apple01_B,resources.assets
1911801964,WorldObject,p_TrunkSplit_Apple02_A,resources.assets
143662076,WorldObject,p_TrunkSplit_Apple02_B,resources.assets
-2112547052,WorldObject,p_TrunkSplit_Apple03_A,resources.assets
1464010285,WorldObject,p_TrunkSplit_Apple03_B,resources.assets
-327585437,WorldObject,p_TrunkSplit_Birch01_A,resources.assets
-2040959261,WorldObject,p_TrunkSplit_Birch01_B,resources.assets
342484354,WorldObject,p_TrunkSplit_Birch02_A,resources.assets
1091210743,WorldObject,p_TrunkSplit_Birch02_B,resources.assets
1003453801,WorldObject,p_TrunkSplit_Birch03_A,resources.assets
1230300771,WorldObject,p_TrunkSplit_Birch03_B,resources.assets
-1581245409,WorldObject,p_TrunkSplit_Birch04_A,resources.assets
1809679276,WorldObject,p_TrunkSplit_Birch04_B,resources.assets
-783670168,WorldObject,p_TrunkSplit_Birch07_A,resources.assets
-1012626283,WorldObject,p_TrunkSplit_Birch07_B,resources.assets
-1378072372,WorldObject,p_TrunkSplit_Crystal01_A,resources.assets
-1547076993,WorldObject,p_TrunkSplit_Crystal01_B,resources.assets
-98497554,WorldObject,p_TrunkSplit_Crystal02_A,resources.assets
-812574497,WorldObject,p_TrunkSplit_Crystal02_B,resources.assets
1983545350,WorldObject,p_TrunkSplit_Crystal03_A,resources.assets
1021499087,WorldObject,p_TrunkSplit_Crystal03_B,resources.assets
433176936,WorldObject,p_TrunkSplit_Dead01_A,resources.assets
1316072840,WorldObject,p_TrunkSplit_Dead01_B,resources.assets
786939954,WorldObject,p_TrunkSplit_Dead02_A,resources.assets
1999700570,WorldObject,p_TrunkSplit_Dead02_B,resources.assets
468927390,WorldObject,p_TrunkSplit_Dead03_A,resources.assets
-823085556,WorldObject,p_TrunkSplit_Dead03_B,resources.assets
-228047334,WorldObject,p_TrunkSplit_Golden01_A,resources.assets
-2004791745,WorldObject,p_TrunkSplit_Golden01_B,resources.assets
1095106693,WorldObject,p_TrunkSplit_Metal01_A,resources.assets
-133123957,WorldObject,p_TrunkSplit_Metal01_B,resources.assets
1606969904,WorldObject,p_TrunkSplit_Metal02_A,resources.assets
391331149,WorldObject,p_TrunkSplit_Metal02_B,resources.assets
382796210,WorldObject,p_TrunkSplit_Metal03_A,resources.assets
-141033719,WorldObject,p_TrunkSplit_Metal03_B,resources.assets
1134472460,WorldObject,p_TrunkSplit_Palm01_A,resources.assets
-600285036,WorldObject,p_TrunkSplit_Palm01_B,resources.assets
-2000669169,WorldObject,p_TrunkSplit_Rock01_A,resources.assets
197913474,WorldObject,p_TrunkSplit_Rock01_B,resources.assets
1599530376,WorldObject,p_TrunkSplit_Walnut01_A,resources.assets
1413746897,WorldObject,p_TrunkSplit_Walnut01_B,resources.assets
576298057,WorldObject,p_TrunkSplit_Walnut02_A,resources.assets
-571129781,WorldObject,p_TrunkSplit_Walnut02_B,resources.assets
-481969805,WorldObject,p_TrunkSplit_Walnut03_A,resources.assets
1045457980,WorldObject,p_TrunkSplit_Walnut03_B,resources.assets
-1381540792,WorldObject,p_Trunk_Apple_01,resources.assets
1481807055,WorldObject,p_Trunk_Apple_02,resources.assets
744020070,WorldObject,p_Trunk_Apple_03,resources.assets
1097955318,WorldObject,p_Trunk_Birch_01,resources.assets
-1278349432,WorldObject,p_Trunk_Birch_02,resources.assets
-1493329952,WorldObject,p_Trunk_Birch_03,resources.assets
-1380969499,WorldObject,p_Trunk_Birch_04,resources.assets
-429187805,WorldObject,p_Trunk_Birch_07,resources.assets
1595551299,WorldObject,p_Trunk_Crystal_01,resources.assets
998376988,WorldObject,p_Trunk_Crystal_02,resources.assets
725901367,WorldObject,p_Trunk_Crystal_03,resources.assets
-1117031547,WorldObject,p_Trunk_Dead_01,resources.assets
1126175312,WorldObject,p_Trunk_Dead_02,resources.assets
703754680,WorldObject,p_Trunk_Dead_03,resources.assets
1218407991,WorldObject,p_Trunk_Golden_01,resources.assets
-1249763566,WorldObject,p_Trunk_Metal_01,resources.assets
300439714,WorldObject,p_Trunk_Metal_02,resources.assets
-2001036927,WorldObject,p_Trunk_Metal_03,resources.assets
601251919,WorldObject,p_Trunk_Palm_01,resources.assets
401795022,WorldObject,p_Trunk_Rock_01,resources.assets
-1345732415,WorldObject,p_Trunk_Walnut_01,resources.assets
2050933507,WorldObject,p_Trunk_Walnut_02,resources.assets
1492004223,WorldObject,p_Trunk_Walnut_03,resources.assets
1448791249,WorldObject,p_TunnelBarrier01,resources.assets
-2130049544,WorldObject,p_TurtleStuckBush01,resources.assets
317453503,WorldObject,p_UICookingProgress_ChickenLeg,resources.assets
1210676506,WorldObject,p_UICookingProgress_FriedEggs,resources.assets
-1774266787,WorldObject,p_VFXChimneyLarge01,resources.assets
-661303255,WorldObject,p_VFXChimneyLarge02,resources.assets
-1744435427,WorldObject,p_VFXChimneySmall01,resources.assets
-1576880853,WorldObject,p_VFXChimneySmall02,resources.assets
551165002,WorldObject,p_WaterColliders,resources.assets
-1004317036,WorldObject,p_WeightBench,resources.assets
-466430906,WorldObject,p_WindmillCrafter01,resources.assets
420327638,WorldObject,p_WoodElevatorBroken,resources.assets
-770337593,WorldObject,p_WoodElevator_Idle,resources.assets
-1325788620,WorldObject,p_WoodElevator_Moving,resources.assets
1685852,WorldObject,p_Xmas_AirdropPresent,resources.assets
-583270869,WorldObject,p_Xmas_BoberClaus,resources.assets
618856611,WorldObject,p_animalPenguinInIce,resources.assets
533955996,WorldObject,p_animalPenguinOutside,resources.assets
-1144801212,WorldObject,p_animal_AngryBees,resources.assets
1940002981,WorldObject,p_animal_WorcestershireBoard,resources.assets
1382484385,WorldObject,p_animal_WorcestershireDummy,resources.assets
772615479,WorldObject,p_animal_WorcestershireWithStraw,resources.assets
-148143538,WorldObject,p_animal_WorcestershireWithStrawSmack,resources.assets
-1328229358,WorldObject,p_animal_WorcestershireWithoutStraw,resources.assets
-1418781747,WorldObject,p_animal_beehive,resources.assets
394238808,WorldObject,p_animal_chessKing,resources.assets
1883403596,WorldObject,p_animal_chessKing1,resources.assets
283393581,WorldObject,p_animal_chessQueen,resources.assets
1568922510,WorldObject,p_animal_fishCatch01,resources.assets
-336675585,WorldObject,p_animal_fishCatch01Respawn,resources.assets
-1080286575,WorldObject,p_animal_fishCatch01Respawn_Variant01,resources.assets
-305425510,WorldObject,p_animal_fishCatch01Respawn_Variant02,resources.assets
-1373647154,WorldObject,p_animal_fishCatch01_Variant01,resources.assets
244018449,WorldObject,p_animal_fishCatch01_Variant02,resources.assets
-61600277,WorldObject,p_animal_fishCatch02,resources.assets
-34389362,WorldObject,p_animal_fishCatch02Respawn,resources.assets
633906684,WorldObject,p_animal_fishCatch02Respawn_Variant01,resources.assets
1109525615,WorldObject,p_animal_fishCatch02_Variant01,resources.assets
282585650,WorldObject,p_animal_fishCatch03,resources.assets
49494175,WorldObject,p_animal_fishCatch03Respawn,resources.assets
377747453,WorldObject,p_animal_fishCatch03Respawn_Variant01,resources.assets
-631771856,WorldObject,p_animal_fishCatch03_Variant01,resources.assets
489891923,WorldObject,p_animal_fishCatch04,resources.assets
1753287227,WorldObject,p_animal_fishCatch04Respawn,resources.assets
1033233385,WorldObject,p_animal_hamsterMum01,resources.assets
-1734755772,WorldObject,p_animal_hamsterRunning,resources.assets
-1547428704,WorldObject,p_animal_turtle01_Idle,resources.assets
-783892134,WorldObject,p_animal_turtle02_Jump_Upgrade01,resources.assets
-1141565848,WorldObject,p_animal_turtle03_Swim,resources.assets
-1461234903,WorldObject,p_animal_turtleWithoutUpgrade01_Idle,resources.assets
1824490484,WorldObject,p_animal_worm01,resources.assets
-1897681815,WorldObject,p_animal_wormCrafter01,resources.assets
-1123556375,WorldObject,p_animal_wormCrafter02,resources.assets
499928884,WorldObject,p_animal_wormTooth01,resources.assets
230045519,WorldObject,p_animal_wormTooth02,resources.assets
-1767815484,WorldObject,p_autoHarvester02_Foundation_Part01,resources.assets
2146954132,WorldObject,p_autoHarvester02_Foundation_Part01_BP,resources.assets
1098801212,WorldObject,p_autoHarvester02_Foundation_Part02,resources.assets
1397500189,WorldObject,p_autoHarvester02_Foundation_Part02_BP,resources.assets
-1893619219,WorldObject,p_autoHarvester02_Foundation_Part03,resources.assets
1766978241,WorldObject,p_autoHarvester02_Foundation_Part03_BP,resources.assets
-1856433569,WorldObject,p_autoHarvester02_Foundation_Part04,resources.assets
1261732382,WorldObject,p_autoHarvester02_Foundation_Part04_BP,resources.assets
-1818761929,WorldObject,p_autoHarvester02_Foundation_Part05,resources.assets
-634433384,WorldObject,p_autoHarvester02_Foundation_Part05_BP,resources.assets
492507957,WorldObject,p_autoHarvester02_Part01,resources.assets
-569162124,WorldObject,p_autoHarvester02_Part01_BP,resources.assets
-62776776,WorldObject,p_autoHarvester02_Part02,resources.assets
-1370974596,WorldObject,p_autoHarvester02_Part02_BP,resources.assets
156482890,WorldObject,p_autoHarvester02_Part03,resources.assets
-395054008,WorldObject,p_autoHarvester02_Part03_BP,resources.assets
-1351845804,WorldObject,p_autoHarvester02_Part04,resources.assets
-917857091,WorldObject,p_autoHarvester02_Part04_BP,resources.assets
2046746069,WorldObject,p_autoHarvester02_Part05,resources.assets
1010543129,WorldObject,p_autoHarvester02_Part05_BP,resources.assets
1772537222,WorldObject,p_autoHarvester02_Part06,resources.assets
1010915872,WorldObject,p_autoHarvester02_Part06_BP,resources.assets
-1738785313,WorldObject,p_autoHarvester02_Part07,resources.assets
-1933259881,WorldObject,p_autoHarvester02_Part07_BP,resources.assets
-1123182647,WorldObject,p_autoHarvester03_Foundation_Part01,resources.assets
-41556037,WorldObject,p_autoHarvester03_Foundation_Part01_BP,resources.assets
-53512083,WorldObject,p_autoHarvester03_Foundation_Part02,resources.assets
328024244,WorldObject,p_autoHarvester03_Foundation_Part02_BP,resources.assets
-1599085705,WorldObject,p_autoHarvester03_Foundation_Part03,resources.assets
-1526545655,WorldObject,p_autoHarvester03_Foundation_Part03_BP,resources.assets
609912980,WorldObject,p_autoHarvester03_Foundation_Part04,resources.assets
2019189223,WorldObject,p_autoHarvester03_Foundation_Part04_BP,resources.assets
-1910483581,WorldObject,p_autoHarvester03_Foundation_Part05,resources.assets
-1272484772,WorldObject,p_autoHarvester03_Foundation_Part05_BP,resources.assets
211707507,WorldObject,p_autoHarvester03_Part01,resources.assets
-1799373838,WorldObject,p_autoHarvester03_Part01_BP,resources.assets
-1191411626,WorldObject,p_autoHarvester03_Part02,resources.assets
-19616181,WorldObject,p_autoHarvester03_Part02_BP,resources.assets
-2104863809,WorldObject,p_autoHarvester03_Part03,resources.assets
762772686,WorldObject,p_autoHarvester03_Part03_BP,resources.assets
-572849295,WorldObject,p_autoHarvester03_Part04,resources.assets
444578352,WorldObject,p_autoHarvester03_Part04_BP,resources.assets
145301335,WorldObject,p_autoHarvester03_Part05,resources.assets
-15100796,WorldObject,p_autoHarvester03_Part05_BP,resources.assets
-1754053540,WorldObject,p_autoHarvester03_Part06,resources.assets
-2029520936,WorldObject,p_autoHarvester03_Part06_BP,resources.assets
-1549758288,WorldObject,p_autoHarvester03_Part07,resources.assets
-115536491,WorldObject,p_autoHarvester03_Part07_BP,resources.assets
1295179085,WorldObject,p_autoHarvester_Foundation01_Part01,resources.assets
-655554733,WorldObject,p_autoHarvester_Foundation01_Part01_BP,resources.assets
506751926,WorldObject,p_autoHarvester_Foundation01_Part02,resources.assets
-913701796,WorldObject,p_autoHarvester_Foundation01_Part02_BP,resources.assets
1421924882,WorldObject,p_autoHarvester_Foundation01_Part03,resources.assets
-389843940,WorldObject,p_autoHarvester_Foundation01_Part03_BP,resources.assets
-1826936629,WorldObject,p_autoHarvester_Foundation01_Part04,resources.assets
1412482099,WorldObject,p_autoHarvester_Foundation01_Part04_BP,resources.assets
-360431928,WorldObject,p_autoHarvester_Foundation01_Part05,resources.assets
-1054006648,WorldObject,p_autoHarvester_Foundation01_Part05_BP,resources.assets
1733404816,WorldObject,p_autoHarvester_Part01,resources.assets
-397003948,WorldObject,p_autoHarvester_Part01_BP,resources.assets
615781933,WorldObject,p_autoHarvester_Part02,resources.assets
1614227928,WorldObject,p_autoHarvester_Part02_BP,resources.assets
-930538667,WorldObject,p_autoHarvester_Part03,resources.assets
-549769413,WorldObject,p_autoHarvester_Part03_BP,resources.assets
-964328857,WorldObject,p_autoHarvester_Part04,resources.assets
1231217,WorldObject,p_autoHarvester_Part04_BP,resources.assets
-402722697,WorldObject,p_autoHarvester_Part05,resources.assets
1243974927,WorldObject,p_autoHarvester_Part05_BP,resources.assets
-1459967786,WorldObject,p_autoHarvester_Part06,resources.assets
-1038726284,WorldObject,p_autoHarvester_Part06_BP,resources.assets
545123944,WorldObject,p_autoHarvester_Part07,resources.assets
162734650,WorldObject,p_autoHarvester_Part07_BP,resources.assets
-1264792369,WorldObject,p_automaticButtonPresser01,resources.assets
-267286011,WorldObject,p_automaticButtonPresserCanonOFF,resources.assets
-1288449909,WorldObject,p_automaticButtonPresserCanonON,resources.assets
162788187,WorldObject,p_automaticElectroPress,resources.assets
547633362,WorldObject,p_automaticSawhorse01,resources.assets
33776193,WorldObject,p_balloonDaniel01,resources.assets
1951980750,WorldObject,p_balloonFelix01,resources.assets
-178580997,WorldObject,p_balloonKathy01,resources.assets
1531308256,WorldObject,p_balloonPaul01,resources.assets
613072776,WorldObject,p_balloonSebastian01,resources.assets
678057796,WorldObject,p_balloonWolfgang01,resources.assets
1457050117,WorldObject,p_battery01,resources.assets
1233139102,WorldObject,p_battery01_BP,resources.assets
2051543019,WorldObject,p_battery02,resources.assets
-733649279,WorldObject,p_battery02_BP,resources.assets
563427518,WorldObject,p_beeHouse01,resources.assets
945166667,WorldObject,p_beeHouseCanvas01,resources.assets
-1244373258,WorldObject,p_beeHouseExtractHoney01,resources.assets
-478401505,WorldObject,p_billboardBroken01,resources.assets
1165863844,WorldObject,p_billboardBroken02,resources.assets
1626769785,WorldObject,p_billboardBroken03,resources.assets
-938317172,WorldObject,p_billboardBroken04,resources.assets
-366631330,WorldObject,p_billboardFurnox01,resources.assets
1164008166,WorldObject,p_billboardFurnox02,resources.assets
622206311,WorldObject,p_billboardFurnox03,resources.assets
699768204,WorldObject,p_billboardFurnox04,resources.assets
2032292067,WorldObject,p_billboardPlayer01,resources.assets
1959884845,WorldObject,p_billboardPlayer02,resources.assets
1658965575,WorldObject,p_billboardPlayer03,resources.assets
-2079714482,WorldObject,p_billboardPlayer04,resources.assets
1109182591,WorldObject,p_boberFountain,resources.assets
-1594358509,WorldObject,p_borekInWorldDialogueScene,resources.assets
1539058000,WorldObject,p_bridge_destroyed,resources.assets
-2008143399,WorldObject,p_bridge_repaired,resources.assets
1419773051,WorldObject,p_build_GrindStone_Part06Stone,resources.assets
1761774390,WorldObject,p_build_GrindStone_Part07Metal,resources.assets
954848198,WorldObject,p_build_GrindStone_Part08Electro,resources.assets
1975297532,WorldObject,p_build_campingChair01_Part00,resources.assets
-690498717,WorldObject,p_build_furnitureCrafter01_Part00,resources.assets
343745761,WorldObject,p_buildable_AutomaticElectroPress01,resources.assets
-549049778,WorldObject,p_buildable_AutomaticElectroPress01_BP,resources.assets
137072533,WorldObject,p_buildable_AutomaticElectroPress02,resources.assets
-1277498412,WorldObject,p_buildable_AutomaticElectroPress02_BP,resources.assets
-1435164651,WorldObject,p_buildable_AutomaticElectroPress03,resources.assets
-663708700,WorldObject,p_buildable_AutomaticElectroPress03_BP,resources.assets
293546152,WorldObject,p_buildable_AutomaticElectroPress04,resources.assets
-1690121064,WorldObject,p_buildable_AutomaticElectroPress04_BP,resources.assets
-592133895,WorldObject,p_buildable_AutomaticElectroPress05,resources.assets
-1098807759,WorldObject,p_buildable_AutomaticElectroPress05_BP,resources.assets
-1780450310,WorldObject,p_buildable_AutomaticElectroPress06,resources.assets
-1321167723,WorldObject,p_buildable_AutomaticElectroPress06_BP,resources.assets
-798090327,WorldObject,p_buildable_AutomaticElectroPress07,resources.assets
1705233703,WorldObject,p_buildable_AutomaticElectroPress07_BP,resources.assets
-1037999018,WorldObject,p_buildable_AutomaticElectroPress08,resources.assets
1065296406,WorldObject,p_buildable_AutomaticElectroPress08_BP,resources.assets
-625548146,WorldObject,p_buildable_AutomaticElectroPress09,resources.assets
-1763527605,WorldObject,p_buildable_AutomaticElectroPress09_BP,resources.assets
1336378228,WorldObject,p_buildable_AutomaticElectroPressBACKUP,resources.assets
929548413,WorldObject,p_buildable_AutomaticElectroPressBACKUP_BP,resources.assets
792123142,WorldObject,p_buildable_Beehouse_Part01,resources.assets
568126672,WorldObject,p_buildable_Beehouse_Part01_BP,resources.assets
1561450150,WorldObject,p_buildable_Beehouse_Part02,resources.assets
-2081637064,WorldObject,p_buildable_Beehouse_Part02_BP,resources.assets
-386605917,WorldObject,p_buildable_Beehouse_Part03,resources.assets
-1491591648,WorldObject,p_buildable_Beehouse_Part03_BP,resources.assets
-937152658,WorldObject,p_buildable_Beehouse_Part04,resources.assets
1786743673,WorldObject,p_buildable_Beehouse_Part04_BP,resources.assets
1794743267,WorldObject,p_buildable_Beehouse_Part05,resources.assets
1417784024,WorldObject,p_buildable_Beehouse_Part05_BP,resources.assets
2101338243,WorldObject,p_buildable_Beehouse_Part06,resources.assets
-341262280,WorldObject,p_buildable_Beehouse_Part06_BP,resources.assets
-1461041348,WorldObject,p_buildable_BlueprintTable_Part01,resources.assets
1621846438,WorldObject,p_buildable_BlueprintTable_Part01_BP,resources.assets
1730925557,WorldObject,p_buildable_BlueprintTable_Part02,resources.assets
1705617088,WorldObject,p_buildable_BlueprintTable_Part02_BP,resources.assets
-227710406,WorldObject,p_buildable_BlueprintTable_Part03,resources.assets
-2132096396,WorldObject,p_buildable_BlueprintTable_Part03_BP,resources.assets
-1942866880,WorldObject,p_buildable_BlueprintTable_Part04,resources.assets
876351389,WorldObject,p_buildable_BlueprintTable_Part04_BP,resources.assets
-1473879093,WorldObject,p_buildable_BlueprintTable_Part05,resources.assets
1368399172,WorldObject,p_buildable_BlueprintTable_Part05_BP,resources.assets
-851342642,WorldObject,p_buildable_BlueprintTable_Part06,resources.assets
-1187273429,WorldObject,p_buildable_BlueprintTable_Part06_BP,resources.assets
-1155662139,WorldObject,p_buildable_BlueprintTable_Part07,resources.assets
2033343531,WorldObject,p_buildable_BlueprintTable_Part07_BP,resources.assets
532982199,WorldObject,p_buildable_BoberCarvingCrafter_Part01,resources.assets
1196258014,WorldObject,p_buildable_BoberCarvingCrafter_Part01_BP,resources.assets
-1393197923,WorldObject,p_buildable_BoberCarvingCrafter_Part02,resources.assets
2062974629,WorldObject,p_buildable_BoberCarvingCrafter_Part02_BP,resources.assets
-509549794,WorldObject,p_buildable_BoberCarvingCrafter_Part03,resources.assets
-151655,WorldObject,p_buildable_BoberCarvingCrafter_Part03_BP,resources.assets
-1291247267,WorldObject,p_buildable_BoberCarvingCrafter_Part04,resources.assets
-354545301,WorldObject,p_buildable_BoberCarvingCrafter_Part04_BP,resources.assets
117661670,WorldObject,p_buildable_BoberCarvingCrafter_Part05,resources.assets
-312020427,WorldObject,p_buildable_BoberCarvingCrafter_Part05_BP,resources.assets
-1556967516,WorldObject,p_buildable_BoberCarvingCrafter_Part06,resources.assets
-188330538,WorldObject,p_buildable_BoberCarvingCrafter_Part06_BP,resources.assets
-1641932413,WorldObject,p_buildable_BoberCarvingCrafter_Part07,resources.assets
-1489527211,WorldObject,p_buildable_BoberCarvingCrafter_Part07_BP,resources.assets
528794629,WorldObject,p_buildable_BoberCarvingCrafter_Part08,resources.assets
-1823124507,WorldObject,p_buildable_BoberCarvingCrafter_Part08_BP,resources.assets
-270002204,WorldObject,p_buildable_BoberCarvingCrafter_Part09,resources.assets
1211403430,WorldObject,p_buildable_BoberCarvingCrafter_Part09_BP,resources.assets
-1712293241,WorldObject,p_buildable_Bridge_Part01,resources.assets
15462059,WorldObject,p_buildable_Bridge_Part01_BP,resources.assets
-232154624,WorldObject,p_buildable_Bridge_Part02,resources.assets
-372359143,WorldObject,p_buildable_Bridge_Part02_BP,resources.assets
-681199808,WorldObject,p_buildable_Bridge_Part03,resources.assets
-1193517262,WorldObject,p_buildable_Bridge_Part03_BP,resources.assets
-950450635,WorldObject,p_buildable_Bridge_Part04,resources.assets
972489118,WorldObject,p_buildable_Bridge_Part04_BP,resources.assets
426842713,WorldObject,p_buildable_CityCrafter_Part01,resources.assets
1557046720,WorldObject,p_buildable_CityCrafter_Part01_BP,resources.assets
-1750658496,WorldObject,p_buildable_CityCrafter_Part02,resources.assets
-1857632852,WorldObject,p_buildable_CityCrafter_Part02_BP,resources.assets
-1594677348,WorldObject,p_buildable_CityCrafter_Part03,resources.assets
2050816202,WorldObject,p_buildable_CityCrafter_Part03_BP,resources.assets
349877575,WorldObject,p_buildable_CityCrafter_Part04,resources.assets
497366414,WorldObject,p_buildable_CityCrafter_Part04_BP,resources.assets
438397750,WorldObject,p_buildable_CityCrafter_Part05,resources.assets
66390533,WorldObject,p_buildable_CityCrafter_Part05_BP,resources.assets
-79493765,WorldObject,p_buildable_DronePlatformPart01,resources.assets
-1243644022,WorldObject,p_buildable_DronePlatformPart01_BP,resources.assets
-1458115550,WorldObject,p_buildable_DronePlatformPart02,resources.assets
448522306,WorldObject,p_buildable_DronePlatformPart02_BP,resources.assets
1411001141,WorldObject,p_buildable_DronePlatformPart03,resources.assets
-1526519586,WorldObject,p_buildable_DronePlatformPart03_BP,resources.assets
925832566,WorldObject,p_buildable_DronePlatformPart04,resources.assets
778621418,WorldObject,p_buildable_DronePlatformPart04_BP,resources.assets
-1710159923,WorldObject,p_buildable_DungeonChainFinal,resources.assets
1869696010,WorldObject,p_buildable_DungeonChains01_Part01,resources.assets
751466190,WorldObject,p_buildable_DungeonChains01_Part01_BP,resources.assets
-1513279058,WorldObject,p_buildable_DungeonChains01_Part02,resources.assets
875752028,WorldObject,p_buildable_DungeonChains01_Part02_BP,resources.assets
457832736,WorldObject,p_buildable_DungeonChains01_Part03,resources.assets
-290670433,WorldObject,p_buildable_DungeonChains01_Part03_BP,resources.assets
2056204557,WorldObject,p_buildable_DungeonChains01_Part04,resources.assets
1489548477,WorldObject,p_buildable_DungeonChains01_Part04_BP,resources.assets
1252295907,WorldObject,p_buildable_DungeonChains01_Part05,resources.assets
1742348892,WorldObject,p_buildable_DungeonChains01_Part05_BP,resources.assets
2032668973,WorldObject,p_buildable_DungeonChains02_Part01,resources.assets
-1597535075,WorldObject,p_buildable_DungeonChains02_Part01_BP,resources.assets
2105373009,WorldObject,p_buildable_DungeonChains02_Part02,resources.assets
-1385658863,WorldObject,p_buildable_DungeonChains02_Part02_BP,resources.assets
-1980418703,WorldObject,p_buildable_DungeonChains02_Part03,resources.assets
-1922970667,WorldObject,p_buildable_DungeonChains02_Part03_BP,resources.assets
995808776,WorldObject,p_buildable_DungeonChains02_Part04,resources.assets
-250636711,WorldObject,p_buildable_DungeonChains02_Part04_BP,resources.assets
125139436,WorldObject,p_buildable_DungeonChains02_Part05,resources.assets
-32386101,WorldObject,p_buildable_DungeonChains02_Part05_BP,resources.assets
-658381830,WorldObject,p_buildable_DungeonChains03_Part01,resources.assets
-1072894047,WorldObject,p_buildable_DungeonChains03_Part01_BP,resources.assets
-275052598,WorldObject,p_buildable_DungeonChains03_Part02,resources.assets
-1053165569,WorldObject,p_buildable_DungeonChains03_Part02_BP,resources.assets
1718898083,WorldObject,p_buildable_DungeonChains03_Part03,resources.assets
1991107414,WorldObject,p_buildable_DungeonChains03_Part03_BP,resources.assets
2123734709,WorldObject,p_buildable_DungeonChains03_Part04,resources.assets
-2041536153,WorldObject,p_buildable_DungeonChains03_Part04_BP,resources.assets
-1275507071,WorldObject,p_buildable_DungeonChains03_Part05,resources.assets
-386891970,WorldObject,p_buildable_DungeonChains03_Part05_BP,resources.assets
-1295610476,WorldObject,p_buildable_DungeonChains04_Part01,resources.assets
1666059996,WorldObject,p_buildable_DungeonChains04_Part01_BP,resources.assets
-219989699,WorldObject,p_buildable_DungeonChains04_Part02,resources.assets
1077911374,WorldObject,p_buildable_DungeonChains04_Part02_BP,resources.assets
-1558620707,WorldObject,p_buildable_DungeonChains04_Part03,resources.assets
1481175433,WorldObject,p_buildable_DungeonChains04_Part03_BP,resources.assets
-1737451457,WorldObject,p_buildable_DungeonChains04_Part04,resources.assets
13937894,WorldObject,p_buildable_DungeonChains04_Part04_BP,resources.assets
-110891113,WorldObject,p_buildable_DungeonChains04_Part05,resources.assets
567017511,WorldObject,p_buildable_DungeonChains04_Part05_BP,resources.assets
-122321078,WorldObject,p_buildable_ElectroPress01,resources.assets
-962927167,WorldObject,p_buildable_ElectroPress01_BP,resources.assets
1227544773,WorldObject,p_buildable_ElectroPress02,resources.assets
-1649477629,WorldObject,p_buildable_ElectroPress02_BP,resources.assets
1179159837,WorldObject,p_buildable_ElectroPress03,resources.assets
1028747225,WorldObject,p_buildable_ElectroPress03_BP,resources.assets
312419619,WorldObject,p_buildable_ElectroPress04,resources.assets
-531499110,WorldObject,p_buildable_ElectroPress04_BP,resources.assets
-1658418478,WorldObject,p_buildable_ElectroPress05,resources.assets
1924673510,WorldObject,p_buildable_ElectroPress05_BP,resources.assets
853158900,WorldObject,p_buildable_ElectroPress06,resources.assets
1368802112,WorldObject,p_buildable_ElectroPress06_BP,resources.assets
1292523974,WorldObject,p_buildable_ElectroPress07,resources.assets
-1452778993,WorldObject,p_buildable_ElectroPress07_BP,resources.assets
2005735806,WorldObject,p_buildable_ElectroPress08,resources.assets
655122817,WorldObject,p_buildable_ElectroPress08_BP,resources.assets
-2024462415,WorldObject,p_buildable_ElectroPressBACKUP,resources.assets
-1897085267,WorldObject,p_buildable_ElectroPressBACKUP_BP,resources.assets
731092458,WorldObject,p_buildable_Furnace01,resources.assets
-124622439,WorldObject,p_buildable_Furnace01_BP,resources.assets
-656346896,WorldObject,p_buildable_Furnace02,resources.assets
-1782395930,WorldObject,p_buildable_Furnace02_BP,resources.assets
-1596033722,WorldObject,p_buildable_Furnace03,resources.assets
732103319,WorldObject,p_buildable_Furnace03_BP,resources.assets
1857788255,WorldObject,p_buildable_Furnace04,resources.assets
1813269925,WorldObject,p_buildable_Furnace04_BP,resources.assets
86908112,WorldObject,p_buildable_Furnace05,resources.assets
724867766,WorldObject,p_buildable_Furnace05_BP,resources.assets
888090776,WorldObject,p_buildable_Furnace06,resources.assets
1327048337,WorldObject,p_buildable_Furnace06_BP,resources.assets
224293442,WorldObject,p_buildable_Furnace07,resources.assets
1899948044,WorldObject,p_buildable_Furnace07_BP,resources.assets
-49613921,WorldObject,p_buildable_FurnitureCrafter_Part01,resources.assets
1782694604,WorldObject,p_buildable_FurnitureCrafter_Part01_BP,resources.assets
-2073269312,WorldObject,p_buildable_FurnitureCrafter_Part02,resources.assets
75766577,WorldObject,p_buildable_FurnitureCrafter_Part02_BP,resources.assets
1769575818,WorldObject,p_buildable_FurnitureCrafter_Part03,resources.assets
-679554754,WorldObject,p_buildable_FurnitureCrafter_Part03_BP,resources.assets
1199946257,WorldObject,p_buildable_FurnitureCrafter_Part04,resources.assets
1770339162,WorldObject,p_buildable_FurnitureCrafter_Part04_BP,resources.assets
-274336472,WorldObject,p_buildable_FurnitureCrafter_Part05,resources.assets
-1928832564,WorldObject,p_buildable_FurnitureCrafter_Part05_BP,resources.assets
-734197319,WorldObject,p_buildable_FurnitureCrafter_Part06,resources.assets
999462384,WorldObject,p_buildable_FurnitureCrafter_Part06_BP,resources.assets
1399780640,WorldObject,p_buildable_FurnitureCrafter_Part07,resources.assets
-120112165,WorldObject,p_buildable_FurnitureCrafter_Part07_BP,resources.assets
387530847,WorldObject,p_buildable_FurnitureCrafter_Part08,resources.assets
1452439327,WorldObject,p_buildable_FurnitureCrafter_Part08_BP,resources.assets
1306931838,WorldObject,p_buildable_GrindStoneWood_Part01,resources.assets
-123216522,WorldObject,p_buildable_GrindStoneWood_Part01_BP,resources.assets
-1910835323,WorldObject,p_buildable_GrindStoneWood_Part02,resources.assets
-937734223,WorldObject,p_buildable_GrindStoneWood_Part02_BP,resources.assets
1186673747,WorldObject,p_buildable_GrindStoneWood_Part03,resources.assets
-1073939827,WorldObject,p_buildable_GrindStoneWood_Part03_BP,resources.assets
-1603979789,WorldObject,p_buildable_GrindStoneWood_Part04,resources.assets
-1885419664,WorldObject,p_buildable_GrindStoneWood_Part04_BP,resources.assets
-593917097,WorldObject,p_buildable_GrindStoneWood_Part05,resources.assets
-579512460,WorldObject,p_buildable_GrindStoneWood_Part05_BP,resources.assets
-1857396009,WorldObject,p_buildable_GrindStoneWood_Part06,resources.assets
-11781551,WorldObject,p_buildable_GrindStoneWood_Part06_BP,resources.assets
153976577,WorldObject,p_buildable_GrindStoneWood_Part07,resources.assets
898231913,WorldObject,p_buildable_GrindStoneWood_Part07_BP,resources.assets
-1091934282,WorldObject,p_buildable_PenguinRockingChair_Part01,resources.assets
-1694448464,WorldObject,p_buildable_PenguinRockingChair_Part01_BP,resources.assets
-1762169444,WorldObject,p_buildable_PenguinRockingChair_Part02,resources.assets
-1029183191,WorldObject,p_buildable_PenguinRockingChair_Part02_BP,resources.assets
-349070064,WorldObject,p_buildable_PenguinRockingChair_Part03,resources.assets
-1824066507,WorldObject,p_buildable_PenguinRockingChair_Part03_BP,resources.assets
772378493,WorldObject,p_buildable_PenguinRockingChair_Part04,resources.assets
-2016341373,WorldObject,p_buildable_PenguinRockingChair_Part04_BP,resources.assets
1783195783,WorldObject,p_buildable_PenguinRockingChair_Part05,resources.assets
-1257556348,WorldObject,p_buildable_PenguinRockingChair_Part05_BP,resources.assets
815864672,WorldObject,p_buildable_PenguinRockingChair_Part06,resources.assets
2034380292,WorldObject,p_buildable_PenguinRockingChair_Part06_BP,resources.assets
198461634,WorldObject,p_buildable_PenguinRockingChair_Part07,resources.assets
237208565,WorldObject,p_buildable_PenguinRockingChair_Part07_BP,resources.assets
592258952,WorldObject,p_buildable_PenguinRockingChair_Part08,resources.assets
2016712905,WorldObject,p_buildable_PenguinRockingChair_Part08_BP,resources.assets
-2020896949,WorldObject,p_buildable_PenguinRockingChair_Part09,resources.assets
-1602357442,WorldObject,p_buildable_PenguinRockingChair_Part09_BP,resources.assets
-553875413,WorldObject,p_buildable_PenguinRockingChair_PartBACKUP,resources.assets
-803796800,WorldObject,p_buildable_PenguinRockingChair_PartBACKUP_BP,resources.assets
447599117,WorldObject,p_buildable_PlanksJumpPuzzle_01,resources.assets
-1430906740,WorldObject,p_buildable_PlanksJumpPuzzle_01_BP,resources.assets
1789763144,WorldObject,p_buildable_Ramp_Part01,resources.assets
1270638628,WorldObject,p_buildable_Ramp_Part01_BP,resources.assets
787245121,WorldObject,p_buildable_Ramp_Part02,resources.assets
-1034230231,WorldObject,p_buildable_Ramp_Part02_BP,resources.assets
-128937620,WorldObject,p_buildable_Ramp_Part03,resources.assets
199404010,WorldObject,p_buildable_Ramp_Part03_BP,resources.assets
1193351625,WorldObject,p_buildable_Ramp_Part04,resources.assets
-152921062,WorldObject,p_buildable_Ramp_Part04_BP,resources.assets
-1729621840,WorldObject,p_buildable_Ramp_Part05,resources.assets
2126651553,WorldObject,p_buildable_Ramp_Part05_BP,resources.assets
608692344,WorldObject,p_buildable_Ramp_Part06,resources.assets
-1420573498,WorldObject,p_buildable_Ramp_Part06_BP,resources.assets
353752826,WorldObject,p_buildable_Ramp_Part07,resources.assets
-720719969,WorldObject,p_buildable_Ramp_Part07_BP,resources.assets
1199941203,WorldObject,p_buildable_Ramp_Part08,resources.assets
-605657109,WorldObject,p_buildable_Ramp_Part08_BP,resources.assets
-1480584204,WorldObject,p_buildable_Ramp_Part09,resources.assets
-1869078648,WorldObject,p_buildable_Ramp_Part09_BP,resources.assets
-1174375337,WorldObject,p_buildable_Ramp_Part10,resources.assets
-471616763,WorldObject,p_buildable_Ramp_Part10_BP,resources.assets
1769539632,WorldObject,p_buildable_Ramp_PartBACKUP,resources.assets
1857086189,WorldObject,p_buildable_Ramp_PartBACKUP_BP,resources.assets
-1496868163,WorldObject,p_buildable_Sawhorse_Part01,resources.assets
-266698620,WorldObject,p_buildable_Sawhorse_Part01_BP,resources.assets
1258770460,WorldObject,p_buildable_Sawhorse_Part02,resources.assets
455976828,WorldObject,p_buildable_Sawhorse_Part02_BP,resources.assets
-215454801,WorldObject,p_buildable_Sawhorse_Part03,resources.assets
-1415258104,WorldObject,p_buildable_Sawhorse_Part03_BP,resources.assets
-414285811,WorldObject,p_buildable_Sawhorse_Part04,resources.assets
1507972365,WorldObject,p_buildable_Sawhorse_Part04_BP,resources.assets
-695694498,WorldObject,p_buildable_Sawhorse_Part05,resources.assets
-1496561086,WorldObject,p_buildable_Sawhorse_Part05_BP,resources.assets
-239742106,WorldObject,p_buildable_Treadmill01,resources.assets
-754835951,WorldObject,p_buildable_Treadmill01_BP,resources.assets
1322717947,WorldObject,p_buildable_Treadmill02,resources.assets
-1911265832,WorldObject,p_buildable_Treadmill02_BP,resources.assets
730096052,WorldObject,p_buildable_Treadmill03,resources.assets
-1465728084,WorldObject,p_buildable_Treadmill03_BP,resources.assets
1604861059,WorldObject,p_buildable_Treadmill04,resources.assets
1238161358,WorldObject,p_buildable_Treadmill04_BP,resources.assets
265398711,WorldObject,p_buildable_Treadmill05,resources.assets
1521701961,WorldObject,p_buildable_Treadmill05_BP,resources.assets
-56212631,WorldObject,p_buildable_Treadmill06,resources.assets
2035008388,WorldObject,p_buildable_Treadmill06_BP,resources.assets
1774049307,WorldObject,p_buildable_Treadmill07,resources.assets
1609171693,WorldObject,p_buildable_Treadmill07_BP,resources.assets
1075086017,WorldObject,p_buildable_WoodElevator_Part01,resources.assets
-412498543,WorldObject,p_buildable_WoodElevator_Part01_BP,resources.assets
1149465322,WorldObject,p_buildable_WoodElevator_Part02,resources.assets
-1391158951,WorldObject,p_buildable_WoodElevator_Part02_BP,resources.assets
1870642368,WorldObject,p_buildable_WoodElevator_Part03,resources.assets
2083794910,WorldObject,p_buildable_WoodElevator_Part03_BP,resources.assets
1110182731,WorldObject,p_buildable_WoodElevator_Part04,resources.assets
-21895197,WorldObject,p_buildable_WoodElevator_Part04_BP,resources.assets
-1889786789,WorldObject,p_buildable_WoodElevator_Part05,resources.assets
-1133093664,WorldObject,p_buildable_WoodElevator_Part05_BP,resources.assets
308792680,WorldObject,p_buildable_WoodElevator_Part06,resources.assets
1277375145,WorldObject,p_buildable_WoodElevator_Part06_BP,resources.assets
-1873289461,WorldObject,p_buildable_WoodElevator_Part07,resources.assets
-1335626140,WorldObject,p_buildable_WoodElevator_Part07_BP,resources.assets
-695518326,WorldObject,p_buildable_WoodElevator_Part08,resources.assets
-886850748,WorldObject,p_buildable_WoodElevator_Part08_BP,resources.assets
-224772866,WorldObject,p_buildable_WoodElevator_Part09,resources.assets
171796176,WorldObject,p_buildable_WoodElevator_Part09_BP,resources.assets
-886923636,WorldObject,p_buildable_WoodElevator_Part10,resources.assets
-1797094179,WorldObject,p_buildable_WoodElevator_Part10_BP,resources.assets
721760897,WorldObject,p_buildable_WoodElevator_Part11,resources.assets
1412013182,WorldObject,p_buildable_WoodElevator_Part11_BP,resources.assets
438581169,WorldObject,p_button_TEMP,resources.assets
-1210014875,WorldObject,p_button_TriggerINVtoCanon,resources.assets
-748615804,WorldObject,p_button_TriggerINVtoCanon Variant,resources.assets
520831041,WorldObject,p_button_TriggerINVtoWorkhall,resources.assets
1946366646,WorldObject,p_button_TriggerINVtoWorkhall Variant,resources.assets
-769075900,WorldObject,p_button_TriggerINVtoWorkhallHarvester,resources.assets
1147698521,WorldObject,p_button_TriggerINVtoWorkhallHarvester Variant,resources.assets
-246285354,WorldObject,p_button_TriggerINVtoWorkhallsawmachine,resources.assets
-1558238052,WorldObject,p_button_TriggerINVtoWorkhallsawmachine Variant,resources.assets
-1657408702,WorldObject,p_cabin_DuckHouse,resources.assets
333147227,WorldObject,p_cabin_smallShack01,resources.assets
-243801767,WorldObject,p_cabin_windowClose01,resources.assets
1909234655,WorldObject,p_cabin_windowOpen01,resources.assets
-1019416978,WorldObject,p_canonBuildableTurtle_01,resources.assets
1796633862,WorldObject,p_canonBuildableTurtle_01_BP,resources.assets
442367237,WorldObject,p_canonBuildable_01,resources.assets
-347330992,WorldObject,p_canonBuildable_01_BP,resources.assets
451439109,WorldObject,p_canonBuildable_02,resources.assets
1453666867,WorldObject,p_canonBuildable_02_BP,resources.assets
1211761070,WorldObject,p_canonBuildable_03,resources.assets
1802841223,WorldObject,p_canonBuildable_03_BP,resources.assets
1115656243,WorldObject,p_canonBuildable_04,resources.assets
1556840856,WorldObject,p_canonBuildable_04_BP,resources.assets
-261459777,WorldObject,p_canonBuildable_05,resources.assets
-776116697,WorldObject,p_canonBuildable_05_BP,resources.assets
-82341928,WorldObject,p_canonBuildable_06,resources.assets
-1402233487,WorldObject,p_canonBuildable_06_BP,resources.assets
-1087589617,WorldObject,p_canonBuildable_07,resources.assets
-839869258,WorldObject,p_canonBuildable_07_BP,resources.assets
-1181450259,WorldObject,p_canonBuildable_08,resources.assets
1832392607,WorldObject,p_canonBuildable_08_BP,resources.assets
1258076886,WorldObject,p_canonBuildable_09,resources.assets
491944630,WorldObject,p_canonBuildable_09_BP,resources.assets
-10125359,WorldObject,p_canonBuildable_10,resources.assets
-1691301587,WorldObject,p_canonBuildable_10_BP,resources.assets
1630022576,WorldObject,p_canonBuildable_11,resources.assets
22309801,WorldObject,p_canonBuildable_11_BP,resources.assets
-233947365,WorldObject,p_canonBuildable_12,resources.assets
-1412101360,WorldObject,p_canonBuildable_12_BP,resources.assets
1106852000,WorldObject,p_canonBuildable_13,resources.assets
-1840390449,WorldObject,p_canonBuildable_13_BP,resources.assets
332856193,WorldObject,p_canonButtonStand,resources.assets
-448103235,WorldObject,p_canonButton_01,resources.assets
538288034,WorldObject,p_canonButton_01_BP,resources.assets
183895751,WorldObject,p_canonButton_02,resources.assets
-894709005,WorldObject,p_canonButton_02_BP,resources.assets
-1230557029,WorldObject,p_canonButton_FireCity,resources.assets
-11361455,WorldObject,p_canonButton_FireCity Variant,resources.assets
-1713338248,WorldObject,p_canonButton_FireFurnox,resources.assets
-1050042011,WorldObject,p_canonButton_FireFurnox Variant,resources.assets
-781540796,WorldObject,p_canonIntake_01,resources.assets
-2122442058,WorldObject,p_canonIntake_01_BP,resources.assets
-1251085532,WorldObject,p_canonIntake_02,resources.assets
849723090,WorldObject,p_canonIntake_02_BP,resources.assets
1206473394,WorldObject,p_canonIntake_03,resources.assets
1996229355,WorldObject,p_canonIntake_03_BP,resources.assets
1286863255,WorldObject,p_canonIntake_04,resources.assets
1622794530,WorldObject,p_canonIntake_04_BP,resources.assets
-1692945127,WorldObject,p_canonLever_01,resources.assets
1691522881,WorldObject,p_canonLever_01_BP,resources.assets
-1686947487,WorldObject,p_canonLever_02,resources.assets
-294230378,WorldObject,p_canonLever_02_BP,resources.assets
-1931560526,WorldObject,p_canonLever_City,resources.assets
1667453078,WorldObject,p_canonLever_Furnox,resources.assets
-35207300,WorldObject,p_canonLever_Still,resources.assets
42176086,WorldObject,p_canon_Foundation01,resources.assets
-2084908317,WorldObject,p_canon_Foundation01_BP,resources.assets
-1438795053,WorldObject,p_caveBridge01,resources.assets
-37896082,WorldObject,p_caveBridgeClose01,resources.assets
-230812397,WorldObject,p_caveBridgeClosedStill,resources.assets
-1683220440,WorldObject,p_caveBridgeOpen01,resources.assets
1207060846,WorldObject,p_caveBridgeOpenedStill,resources.assets
-1743258598,WorldObject,p_city_MainTower,resources.assets
-1451230844,WorldObject,p_city_banks01,resources.assets
839447470,WorldObject,p_city_billboards01,resources.assets
-1146073611,WorldObject,p_city_botanicalGarden01,resources.assets
-526288335,WorldObject,p_city_hotAirBalloons,resources.assets
1314302555,WorldObject,p_city_hotels01,resources.assets
-1936832287,WorldObject,p_city_residentialBuildings01,resources.assets
-144106899,WorldObject,p_city_televisionTower01,resources.assets
-382439981,WorldObject,p_city_woodenhollyLetters,resources.assets
1140105676,WorldObject,p_coffeemachine01,resources.assets
-1249937645,WorldObject,p_coffeemachineBroken,resources.assets
432844200,WorldObject,p_cogwheelBroken01,resources.assets
140591013,WorldObject,p_collider_BlinkingButtonCol,resources.assets
1999179608,WorldObject,p_collider_RedButton,resources.assets
-605318054,WorldObject,p_collider_RedButton Variant,resources.assets
-1938147145,WorldObject,p_container_FurnaceAndPress,resources.assets
987997488,WorldObject,p_container_FurnitureCrafter,resources.assets
-2009060068,WorldObject,p_container_SawMachine,resources.assets
-2043624445,WorldObject,p_crafter_CrabEquipment,resources.assets
-149135272,WorldObject,p_crafter_DuckSauce,resources.assets
-2067508016,WorldObject,p_crafter_GiveCutMushrooms,resources.assets
161973608,WorldObject,p_crafter_LewisInPlace,resources.assets
-1226559724,WorldObject,p_crafter_PickleMixIntake,resources.assets
698872268,WorldObject,p_crafter_TakePickles,resources.assets
1957445775,WorldObject,p_crafter_TakePillows,resources.assets
502516438,WorldObject,p_crafter_UpgradeDrone,resources.assets
924137084,WorldObject,p_crafter_UpgradeReinforcedShell,resources.assets
233854089,WorldObject,p_crafter_UpgradeTNT,resources.assets
642423019,WorldObject,p_crafter_VoidGate,resources.assets
15746902,WorldObject,p_crafter_chesterPictureCrafter,resources.assets
1112207721,WorldObject,p_crystalCluster,resources.assets
-1446813580,WorldObject,p_display_Log_Apple01,resources.assets
1579408087,WorldObject,p_display_Log_Apple02,resources.assets
-1809846365,WorldObject,p_display_Log_Apple03,resources.assets
-604926616,WorldObject,p_display_Log_Birch01,resources.assets
1593595665,WorldObject,p_display_Log_Birch02,resources.assets
2096202310,WorldObject,p_display_Log_Birch03,resources.assets
-378182864,WorldObject,p_display_Log_Crystal01,resources.assets
-735149904,WorldObject,p_display_Log_Crystal02,resources.assets
440245509,WorldObject,p_display_Log_Crystal03,resources.assets
-1760859722,WorldObject,p_display_Log_Electric01,resources.assets
-1704535034,WorldObject,p_display_Log_Electric02,resources.assets
1611756213,WorldObject,p_display_Log_Electric03,resources.assets
1042862396,WorldObject,p_display_Log_Metal01,resources.assets
-539836714,WorldObject,p_display_Log_Metal02,resources.assets
-263853822,WorldObject,p_display_Log_Metal03,resources.assets
-201845045,WorldObject,p_display_Log_Palm01,resources.assets
1426165311,WorldObject,p_display_Log_Palm02,resources.assets
-1221555232,WorldObject,p_display_Log_Palm03,resources.assets
-891823474,WorldObject,p_display_Log_Stone01,resources.assets
-1584115316,WorldObject,p_display_Log_Stone02,resources.assets
1345255059,WorldObject,p_display_Log_Stone03,resources.assets
-141600380,WorldObject,p_display_Log_Walnut01,resources.assets
-412948356,WorldObject,p_display_Log_Walnut02,resources.assets
-787144423,WorldObject,p_display_Log_Walnut03,resources.assets
1178628919,WorldObject,p_display_Wood_Apple01,resources.assets
-148312947,WorldObject,p_display_Wood_Apple02,resources.assets
2107242985,WorldObject,p_display_Wood_Apple03,resources.assets
-2022431453,WorldObject,p_display_Wood_Birch01,resources.assets
-1799390857,WorldObject,p_display_Wood_Birch02,resources.assets
-2022282545,WorldObject,p_display_Wood_Birch03,resources.assets
-350804324,WorldObject,p_display_Wood_Crystal01,resources.assets
-992490078,WorldObject,p_display_Wood_Crystal02,resources.assets
1249464778,WorldObject,p_display_Wood_Crystal03,resources.assets
1013846496,WorldObject,p_display_Wood_Electric01,resources.assets
-793723767,WorldObject,p_display_Wood_Electric02,resources.assets
320696672,WorldObject,p_display_Wood_Electric03,resources.assets
-1444417942,WorldObject,p_display_Wood_Metal01,resources.assets
-711145546,WorldObject,p_display_Wood_Metal02,resources.assets
-2112617648,WorldObject,p_display_Wood_Metal03,resources.assets
660694659,WorldObject,p_display_Wood_Palm01,resources.assets
-1211036661,WorldObject,p_display_Wood_Palm02,resources.assets
-2022036934,WorldObject,p_display_Wood_Palm03,resources.assets
1666489969,WorldObject,p_display_Wood_Stone01,resources.assets
831677880,WorldObject,p_display_Wood_Stone02,resources.assets
357533613,WorldObject,p_display_Wood_Stone03,resources.assets
-1328321899,WorldObject,p_display_Wood_Walnut01,resources.assets
1927808786,WorldObject,p_display_Wood_Walnut02,resources.assets
1523543479,WorldObject,p_display_Wood_Walnut03,resources.assets
600870784,WorldObject,p_duckCultist02,resources.assets
1077846172,WorldObject,p_duckDoormat,resources.assets
767240725,WorldObject,p_duckDoormatAfterHit,resources.assets
782995800,WorldObject,p_duckDoormatHittable,resources.assets
706623071,WorldObject,p_duckPot01,resources.assets
244134680,WorldObject,p_duckPotWithSauce01,resources.assets
237239354,WorldObject,p_dummyFoundationBuild,resources.assets
944776493,WorldObject,p_dungeonChainsOnlyVisuals,resources.assets
1029579524,WorldObject,p_elevatorLever_Blocker,resources.assets
523249718,WorldObject,p_elevatorLever_Hitbox,resources.assets
161882002,WorldObject,p_elevatorLever_Hitbox Variant,resources.assets
1338877169,WorldObject,p_env_BunkerDoor01,resources.assets
1504088945,WorldObject,p_env_DestructibleIceRockSmall01,resources.assets
1036920594,WorldObject,p_env_DestructibleIceRockSmall02,resources.assets
2013952422,WorldObject,p_env_DestructibleIceRockSmall03,resources.assets
-208546548,WorldObject,p_env_DestructibleIceRockSmall05,resources.assets
-1485125144,WorldObject,p_env_DestructibleIceRockSmall06,resources.assets
42820576,WorldObject,p_env_DestructibleIceRockSmall07,resources.assets
-1280184534,WorldObject,p_env_IceRockBigAnimated01,resources.assets
869839575,WorldObject,p_env_IceRockBigBlocker,resources.assets
-234408730,WorldObject,p_factoryVentilator01,resources.assets
260432847,WorldObject,p_factory_Bld01Parts,resources.assets
1523870572,WorldObject,p_factory_Bld02Parts,resources.assets
-1581626583,WorldObject,p_factory_Bld03Parts,resources.assets
-1131557148,WorldObject,p_factory_Bld04Parts,resources.assets
1100302756,WorldObject,p_factory_ChimneyLarge01Parts,resources.assets
-1423435485,WorldObject,p_factory_ChimneyLarge02Parts,resources.assets
-1213120943,WorldObject,p_factory_ChimneySmall01Parts,resources.assets
-102880182,WorldObject,p_fence_snow01,resources.assets
1774845005,WorldObject,p_fence_snow02,resources.assets
1308454408,WorldObject,p_fence_snow03,resources.assets
-949089082,WorldObject,p_fence_snow04,resources.assets
2090388348,WorldObject,p_floatingLewis,resources.assets
398598484,WorldObject,p_flyingHamsterInPipe,resources.assets
-1303191658,WorldObject,p_furnitureCrafter01_BeaverHatch01,resources.assets
-866081814,WorldObject,p_furnitureCrafter01_BeaverHatch01 Variant,resources.assets
-1530266019,WorldObject,p_furnitureCrafter01_HatchWaitingForBeaver01,resources.assets
-681716263,WorldObject,p_furnitureCrafter01_HatchWithoutBeaver01,resources.assets
-478624185,WorldObject,p_furnitureCrafter01_HatchWithoutBeaver01 Variant,resources.assets
1293136509,WorldObject,p_furnitureCrafter01_InitialHatchWithBeaver01,resources.assets
893116895,WorldObject,p_furnitureCrafter01_InitialHatchWithoutBeaver01,resources.assets
465301840,WorldObject,p_gardenBase01,resources.assets
366914961,WorldObject,p_gardenFence01,resources.assets
721824465,WorldObject,p_gardenFence02,resources.assets
-886921459,WorldObject,p_gardenFence03,resources.assets
-1976220674,WorldObject,p_gardenFence04,resources.assets
-1788149078,WorldObject,p_garden_crafter,resources.assets
505131098,WorldObject,p_garden_plant_base,resources.assets
701060910,WorldObject,p_garden_plant_bellPepper,resources.assets
-2047153521,WorldObject,p_garden_plant_bellPepperSeedling,resources.assets
892788956,WorldObject,p_garden_plant_carrot,resources.assets
464659433,WorldObject,p_garden_plant_carrotSeedling,resources.assets
1559815459,WorldObject,p_garden_plant_corn,resources.assets
187357286,WorldObject,p_garden_plant_cornSeedling,resources.assets
987527764,WorldObject,p_garden_plant_leek,resources.assets
10933222,WorldObject,p_garden_plant_leekSeedling,resources.assets
-1888594538,WorldObject,p_garden_plant_pumpkin,resources.assets
1654948426,WorldObject,p_garden_plant_pumpkinSeedling,resources.assets
670847777,WorldObject,p_garden_plant_salad,resources.assets
-1244244667,WorldObject,p_garden_plant_saladSeedling,resources.assets
-1981856740,WorldObject,p_garden_plant_seedlingBase,resources.assets
1288937444,WorldObject,p_garden_plant_tomato,resources.assets
-922301088,WorldObject,p_garden_plant_tomatoSeedling,resources.assets
737123013,WorldObject,p_garden_raisedGardenBed,resources.assets
2014566362,WorldObject,p_hamsterBalloon01,resources.assets
-1125346592,WorldObject,p_hamsterBalloon02,resources.assets
364246593,WorldObject,p_hamsterBalloon03,resources.assets
-1518639791,WorldObject,p_hamsterBalloon04,resources.assets
264973403,WorldObject,p_hamsterBalloon05,resources.assets
-2014616249,WorldObject,p_hayPipe01,resources.assets
-613509221,WorldObject,p_hayPipe01Solid,resources.assets
-329438759,WorldObject,p_holySlotMachine01,resources.assets
-1100177910,WorldObject,p_holySlotMachine01_Arm,resources.assets
-2038885820,WorldObject,p_holySlotMachine01_Wheels,resources.assets
762457038,WorldObject,p_holySlotMachineCrafter01,resources.assets
-1928701045,WorldObject,p_holySlotMachineRepaired01,resources.assets
-879207586,WorldObject,p_house_FurnitureSlotBigAndLow (1),resources.assets
-267683172,WorldObject,p_house_FurnitureSlotFireplace,resources.assets
618484697,WorldObject,p_house_FurnitureSlotMicro (4),resources.assets
-232957845,WorldObject,p_house_FurnitureSlotSmallAndHigh (5),resources.assets
-1540651090,WorldObject,p_house_FurnitureSlotSmallAndLow,resources.assets
-1676660440,WorldObject,p_house_FurnitureSlotWallHanging (2),resources.assets
-435352660,WorldObject,p_house_FurnitureSlotWideAndLow (1),resources.assets
-1724872714,WorldObject,p_house_finished,resources.assets
-404800273,WorldObject,p_house_furnitureSlots,resources.assets
391794472,WorldObject,p_house_furnitureWallSlots,resources.assets
-1307399084,WorldObject,p_inventoryHellLevel,resources.assets
-1536329445,WorldObject,p_inventorySacrificeBowl,resources.assets
-1255874558,WorldObject,p_ionbeam_satelliteTable01,resources.assets
857703555,WorldObject,p_ionbeam_satelliteTable01_BP,resources.assets
40014814,WorldObject,p_ionbeam_satelliteTable02,resources.assets
235073074,WorldObject,p_ionbeam_satelliteTable02_BP,resources.assets
760976421,WorldObject,p_ionbeam_satelliteTable03,resources.assets
-1958025725,WorldObject,p_ionbeam_satelliteTable03_BP,resources.assets
-387235847,WorldObject,p_ionbeam_satelliteTable04,resources.assets
1071607557,WorldObject,p_ionbeam_satelliteTable04_BP,resources.assets
1470124620,WorldObject,p_ionbeam_satelliteTable05,resources.assets
1379344274,WorldObject,p_ionbeam_satelliteTable05_BP,resources.assets
-752486643,WorldObject,p_ionbeam_satelliteTable06,resources.assets
-842459653,WorldObject,p_ionbeam_satelliteTable06_BP,resources.assets
1637190583,WorldObject,p_ionbeam_satelliteTable07,resources.assets
-796478663,WorldObject,p_ionbeam_satelliteTable07_BP,resources.assets
-1736474845,WorldObject,p_ionbeam_satelliteTable08,resources.assets
1293684921,WorldObject,p_ionbeam_satelliteTable08_BP,resources.assets
1965727939,WorldObject,p_ionbeam_satelliteTable09,resources.assets
1082251589,WorldObject,p_ionbeam_satelliteTable09_BP,resources.assets
-384120546,WorldObject,p_ionbeam_satelliteTable10,resources.assets
-1475706017,WorldObject,p_ionbeam_satelliteTable10_BP,resources.assets
934935525,WorldObject,p_ionbeam_satelliteTable11,resources.assets
34011855,WorldObject,p_ionbeam_satelliteTable11_BP,resources.assets
120486599,WorldObject,p_ionbeam_satelliteTable12,resources.assets
760822099,WorldObject,p_ionbeam_satelliteTable12_BP,resources.assets
-1435372418,WorldObject,p_ionbeam_satelliteTable13,resources.assets
-1887978498,WorldObject,p_ionbeam_satelliteTable13_BP,resources.assets
-1715122768,WorldObject,p_ionbeam_satelliteTable14,resources.assets
784211268,WorldObject,p_ionbeam_satelliteTable14_BP,resources.assets
1986745371,WorldObject,p_labDoorBatteryHolderBattery01_BP,resources.assets
-1201632163,WorldObject,p_labDoorBatteryHolderBattery02_BP,resources.assets
-2046692673,WorldObject,p_labDoorBatteryHolderBatteryFinal01,resources.assets
-498442568,WorldObject,p_labDoorBatteryHolderBatteryFinal02,resources.assets
-708159316,WorldObject,p_labDoorBatteryHolderBatteryOpenDoor01,resources.assets
-42972573,WorldObject,p_labDoorBatteryHolderBatteryOpenDoor02,resources.assets
-1570074645,WorldObject,p_labDoorBatteryHolderBroken01,resources.assets
-54355581,WorldObject,p_labDoorBatteryHolderBroken02,resources.assets
1721262986,WorldObject,p_labDoorEyeCollider,resources.assets
-641310437,WorldObject,p_landingImpact01,resources.assets
268376519,WorldObject,p_leverBlocker01,resources.assets
-897963459,WorldObject,p_manhole,resources.assets
-149225271,WorldObject,p_mountainElevatorAnimation,resources.assets
2095852282,WorldObject,p_mountainElevatorCrafter,resources.assets
-2015682083,WorldObject,p_mountainElevatorOpenBase,resources.assets
706715091,WorldObject,p_mountainElevatorOpenStill,resources.assets
-1365542546,WorldObject,p_mountainElevatorTriggerBox,resources.assets
1970802540,WorldObject,p_mountainElevatorTriggerBoxTop01,resources.assets
1311165334,WorldObject,p_mushroom01ClusterA,resources.assets
-526069568,WorldObject,p_mushroom01ClusterCutA,resources.assets
173663168,WorldObject,p_mushroom02ClusterA,resources.assets
1323588577,WorldObject,p_mushroom02ClusterB,resources.assets
1723728374,WorldObject,p_mushroom02ClusterCutA,resources.assets
-1140594126,WorldObject,p_mushroom02ClusterCutB,resources.assets
-732294604,WorldObject,p_mushroom03ClusterA,resources.assets
-9759886,WorldObject,p_mushroom03ClusterB,resources.assets
441003171,WorldObject,p_mushroom03ClusterCutA,resources.assets
1886208589,WorldObject,p_mushroom03ClusterCutB,resources.assets
2009569111,WorldObject,p_mushroom04ClusterA,resources.assets
1967344955,WorldObject,p_mushroom04ClusterB,resources.assets
-1696276467,WorldObject,p_mushroom04ClusterCutA,resources.assets
-1985209018,WorldObject,p_mushroom04ClusterCutB,resources.assets
227296550,WorldObject,p_mushroomPile01,resources.assets
343434812,WorldObject,p_mushroomPile02,resources.assets
254423281,WorldObject,p_officeDoc01,resources.assets
1961304372,WorldObject,p_officeDoc02,resources.assets
-269368834,WorldObject,p_officeDoc03 (3),resources.assets
795798309,WorldObject,p_officeDoc04,resources.assets
-880275594,WorldObject,p_officeDocStack01,resources.assets
2096229293,WorldObject,p_officeDocStack02,resources.assets
1516274556,WorldObject,p_officeDocStack03,resources.assets
735890230,WorldObject,p_officeDocStack04,resources.assets
-1757292622,WorldObject,p_penguinBeachScene,resources.assets
1045210357,WorldObject,p_penguinBoombox,resources.assets
969092990,WorldObject,p_pickleMixAtIntake,resources.assets
444509703,WorldObject,p_pipeGridClose,resources.assets
-1300040693,WorldObject,p_pipeGridOpen,resources.assets
-1198985083,WorldObject,p_plasticBall01,resources.assets
374706092,WorldObject,p_practiceDummy02_Attack,resources.assets
427407816,WorldObject,p_practiceDummy02_Idle,resources.assets
1301544614,WorldObject,p_prop_AirdropCrate01,resources.assets
33928254,WorldObject,p_prop_Drawer01,resources.assets
770824969,WorldObject,p_prop_DrawerClosed01,resources.assets
1731109950,WorldObject,p_prop_Fence01,resources.assets
1551714411,WorldObject,p_prop_Fence02,resources.assets
-578152069,WorldObject,p_prop_Fence03,resources.assets
-106243017,WorldObject,p_prop_FenceBlueprintHolo01,resources.assets
1656616098,WorldObject,p_prop_FenceBlueprintHolo02,resources.assets
1030167592,WorldObject,p_prop_FenceBlueprintHolo03,resources.assets
-1282398135,WorldObject,p_prop_FenceOld01,resources.assets
856330882,WorldObject,p_prop_FenceOld02,resources.assets
971673205,WorldObject,p_prop_FenceOld03,resources.assets
999909620,WorldObject,p_prop_FenceOld04,resources.assets
-48388151,WorldObject,p_prop_FenceOld05,resources.assets
604191823,WorldObject,p_prop_FenceOld06,resources.assets
1296758050,WorldObject,p_prop_FencePlayerBuilt04,resources.assets
1282236137,WorldObject,p_prop_Files01,resources.assets
-623582898,WorldObject,p_prop_Files02 (7),resources.assets
-1332638562,WorldObject,p_prop_Files03 (2),resources.assets
2095462601,WorldObject,p_prop_TutorialFiles01,resources.assets
-1991427067,WorldObject,p_prop_backpackDestructible01,resources.assets
1780265180,WorldObject,p_prop_campfireOn,resources.assets
-462430857,WorldObject,p_prop_campingBottleDestructible01,resources.assets
1128884430,WorldObject,p_prop_campingChairDestructible01,resources.assets
-70216923,WorldObject,p_prop_campingLampOff01,resources.assets
1308625149,WorldObject,p_prop_canon_City,resources.assets
139180103,WorldObject,p_prop_canon_Furnox,resources.assets
-1586045892,WorldObject,p_prop_canon_Still_CityBase,resources.assets
-610648112,WorldObject,p_prop_canon_Still_CityUpgraded,resources.assets
715122224,WorldObject,p_prop_canon_Still_Furnox,resources.assets
20791873,WorldObject,p_prop_caveLeverBroken01,resources.assets
589055535,WorldObject,p_prop_caveLeverClose01,resources.assets
299102041,WorldObject,p_prop_caveLeverOpen01,resources.assets
-1001259551,WorldObject,p_prop_caveLeverRepaired01,resources.assets
-215889955,WorldObject,p_prop_caveLeverState01,resources.assets
-45605619,WorldObject,p_prop_caveLeverStateBlueprint01,resources.assets
-1681396310,WorldObject,p_prop_hydroponic01,resources.assets
-1942268151,WorldObject,p_prop_notebook01,resources.assets
1656734045,WorldObject,p_prop_notebookWithArrow01,resources.assets
1432745961,WorldObject,p_prop_pillow02,resources.assets
-166042687,WorldObject,p_prop_tentDestructible01,resources.assets
1031207528,WorldObject,p_prop_toiletpaperRoll01,resources.assets
1807607149,WorldObject,p_prop_toiletpaperRoll02,resources.assets
-1793941311,WorldObject,p_prop_toiletpaperRoll03,resources.assets
-1122582071,WorldObject,p_prop_toiletpaperRoll04,resources.assets
-166394722,WorldObject,p_prop_toiletpaperRoll05,resources.assets
-1324450729,WorldObject,p_prop_toiletpaperRoll06,resources.assets
-1615417423,WorldObject,p_prop_toiletpaperRoll07,resources.assets
-1663696639,WorldObject,p_prop_toiletpaperRoll08,resources.assets
1715920774,WorldObject,p_prop_toiletpaperRoll09,resources.assets
-431265983,WorldObject,p_prop_toiletpaperRoll10,resources.assets
1117919607,WorldObject,p_prop_vespaScooterDestructible01,resources.assets
95919083,WorldObject,p_rainbow,resources.assets
-1228295481,WorldObject,p_ramp01,resources.assets
-1673981055,WorldObject,p_renature_treeCluster (2),resources.assets
-1472350538,WorldObject,p_satelliteAtTable,resources.assets
-1194649771,WorldObject,p_satelliteTable01,resources.assets
-2023747833,WorldObject,p_satelliteTableHatchClosed,resources.assets
1421476126,WorldObject,p_satelliteTableHatchOpen,resources.assets
788390375,WorldObject,p_satelliteTableHatchOpened,resources.assets
-1526553682,WorldObject,p_shippingCrateBelt,resources.assets
-1201606933,WorldObject,p_shippingCrateTop,resources.assets
2130787187,WorldObject,p_ski01,resources.assets
360919459,WorldObject,p_ski02,resources.assets
-1574291349,WorldObject,p_teleporter,resources.assets
930654073,WorldObject,p_teleporterCultists,resources.assets
-1958829555,WorldObject,p_teleporterDuck01,resources.assets
-496196352,WorldObject,p_teleporterDuck02,resources.assets
-987630721,WorldObject,p_teleporterDuck03,resources.assets
723528440,WorldObject,p_teleporterDuck04,resources.assets
492949877,WorldObject,p_teleporterDuck05,resources.assets
2068982524,WorldObject,p_teleporterHellBackHome,resources.assets
-1200261240,WorldObject,p_teleporterSnowArea,resources.assets
284193477,WorldObject,p_teleporterVoid,resources.assets
2116211043,WorldObject,p_teleporterVoidToArea4 (2),resources.assets
-1616606335,WorldObject,p_teleporter_Area1_Manhole,resources.assets
1808193294,WorldObject,p_teleporter_Area2_DoorbellCollider,resources.assets
-427863510,WorldObject,p_teleporter_Area2_Part00,resources.assets
87705051,WorldObject,p_teleporter_Area2_Part01,resources.assets
-1001352222,WorldObject,p_teleporter_Area2_Part02,resources.assets
337688343,WorldObject,p_teleporter_Area2_Part03,resources.assets
-1799353584,WorldObject,p_teleporter_Area2_Part04,resources.assets
374244491,WorldObject,p_teleporter_Area2_Part05,resources.assets
839837315,WorldObject,p_teleporter_Area2_Visuals,resources.assets
290032034,WorldObject,p_teleporter_Area3_DoorbellCollider,resources.assets
1154339436,WorldObject,p_teleporter_Area4_DoorbellCollider,resources.assets
-615265462,WorldObject,p_teleporter_Area4_Part00,resources.assets
-2040209058,WorldObject,p_teleporter_Area4_Part01,resources.assets
-1806777154,WorldObject,p_teleporter_Area4_Part02,resources.assets
628456625,WorldObject,p_teleporter_Area4_Part03,resources.assets
1172970381,WorldObject,p_teleporter_Area4_Part04,resources.assets
1337703928,WorldObject,p_teleporter_Area4_Part05,resources.assets
1660885395,WorldObject,p_teleporter_Area4_Visuals,resources.assets
-1195488370,WorldObject,p_teleporter_Area5_DoorbellCollider,resources.assets
-219357125,WorldObject,p_teleporter_Area5_Part00,resources.assets
1427056279,WorldObject,p_teleporter_Area5_Part01,resources.assets
-1165391959,WorldObject,p_teleporter_Area5_Part02,resources.assets
-695209144,WorldObject,p_teleporter_Area5_Part03,resources.assets
-1895968149,WorldObject,p_teleporter_Area5_Part04,resources.assets
-921911915,WorldObject,p_teleporter_Area5_Part05,resources.assets
1181724380,WorldObject,p_teleporter_Area5_Visuals,resources.assets
-1550452519,WorldObject,p_teleporter_Beach_DoorbellCollider,resources.assets
1256527201,WorldObject,p_teleporter_Beach_Part00,resources.assets
290521905,WorldObject,p_teleporter_Beach_Part01,resources.assets
1052051086,WorldObject,p_teleporter_Beach_Part02,resources.assets
1931269691,WorldObject,p_teleporter_Beach_Part03,resources.assets
-1115697799,WorldObject,p_teleporter_Beach_Part04,resources.assets
-2034139588,WorldObject,p_teleporter_Beach_Part05,resources.assets
-325169528,WorldObject,p_teleporter_Beach_Visuals,resources.assets
792141886,WorldObject,p_teleporter_Cave_Part00,resources.assets
222600649,WorldObject,p_teleporter_Cave_Part01,resources.assets
2100443589,WorldObject,p_teleporter_Cave_Part02,resources.assets
-1221812443,WorldObject,p_teleporter_Cave_Part03,resources.assets
-29274810,WorldObject,p_teleporter_Cave_Part04,resources.assets
-142565759,WorldObject,p_teleporter_Cave_Part05,resources.assets
-1693696498,WorldObject,p_teleporter_Cave_Visuals,resources.assets
852305038,WorldObject,p_teleporter_Explorer,resources.assets
-736588235,WorldObject,p_teleporter_Hell,resources.assets
-1259496904,WorldObject,p_teleporter_TutorialOffice,resources.assets
-1214484823,WorldObject,p_toiletHouse01,resources.assets
2048320511,WorldObject,p_toiletHouse02,resources.assets
128675272,WorldObject,p_toiletHouse03,resources.assets
-1048632980,WorldObject,p_treasureSandHill01,resources.assets
2141609861,WorldObject,p_treasureSnowHill01,resources.assets
33468534,WorldObject,p_trigger_AircraftAirdrop01,resources.assets
-1190165743,WorldObject,p_trigger_AircraftAirdrop02,resources.assets
1366693474,WorldObject,p_trigger_AircraftAirdrop03,resources.assets
-1697848705,WorldObject,p_trigger_CatapultPlayerCheck,resources.assets
-1933468780,WorldObject,p_trigger_CollectFiles,resources.assets
-1288339359,WorldObject,p_trigger_ControlSpace,resources.assets
371206692,WorldObject,p_trigger_ControlSprint,resources.assets
-1592462402,WorldObject,p_trigger_DialogueGenovaTechLab,resources.assets
-1694552080,WorldObject,p_trigger_DroneDropOff,resources.assets
-825111714,WorldObject,p_trigger_EnterBeaverCaveAchievement,resources.assets
1064355831,WorldObject,p_trigger_EnterDevRoomAchievement,resources.assets
1801758077,WorldObject,p_trigger_EnterHell,resources.assets
-2065138190,WorldObject,p_trigger_EnterHellAchievement,resources.assets
1778111931,WorldObject,p_trigger_Explorer ,resources.assets
-770296376,WorldObject,p_trigger_KillPlayer,resources.assets
378163360,WorldObject,p_trigger_KillPlayerInBox,resources.assets
1782461264,WorldObject,p_trigger_PinRecipesIntro,resources.assets
1896645273,WorldObject,p_trigger_PutItemInGlobalInventory (4),resources.assets
621475807,WorldObject,p_trigger_ReachMountainTopAchievement,resources.assets
-1749063857,WorldObject,p_trigger_RemoveDropOffStartMission,resources.assets
453246027,WorldObject,p_trigger_SpawnDroneWIthCrate,resources.assets
-1857278836,WorldObject,p_trigger_XmasPresentDrop,resources.assets
946204628,WorldObject,p_trigger_XmasRestartBoberClause,resources.assets
102666575,WorldObject,p_trigger_chopChoplog,resources.assets
-1274998575,WorldObject,p_trigger_closePaletteHatch,resources.assets
-1997006423,WorldObject,p_trigger_deleteDroneAtPlatformStartNewDrone,resources.assets
-507509939,WorldObject,p_trigger_deleteDroneAtStartPositionStartMission01,resources.assets
-602097678,WorldObject,p_trojanHorse01,resources.assets
616736103,WorldObject,p_trojanHorse02,resources.assets
2074384540,WorldObject,p_trojanHorseSnow01,resources.assets
834518852,WorldObject,p_tutorialPlayed,resources.assets
1432043038,WorldObject,p_tutorialSkipped,resources.assets
-1464934866,WorldObject,p_ui_InventoryReadyToFire,resources.assets
-1556631067,WorldObject,p_ui_InventoryWorth,resources.assets
-1304404557,WorldObject,p_ui_InventoryWorth,resources.assets
-2122366515,WorldObject,p_ui_InventoryWorthValue_1000,resources.assets
-1582450289,WorldObject,p_ui_InventoryWorthValue_10000,resources.assets
-111744526,WorldObject,p_ui_InventoryWorthValue_25000,resources.assets
1776086513,WorldObject,p_ui_InventoryWorthValue_3000,resources.assets
799109305,WorldObject,p_upgraded_AppleTree,resources.assets
-1185423915,WorldObject,p_upgraded_BASE,resources.assets
198631633,WorldObject,p_upgraded_BirchTree,resources.assets
844973422,WorldObject,p_upgraded_CrystalTree,resources.assets
1309370946,WorldObject,p_upgraded_ElectroTree,resources.assets
-1682125422,WorldObject,p_upgraded_MetalTree,resources.assets
-2121868065,WorldObject,p_upgraded_PalmTree,resources.assets
-1508062834,WorldObject,p_upgraded_StoneTree,resources.assets
-724372501,WorldObject,p_upgraded_WalnutTree,resources.assets
826703997,WorldObject,p_vehicle_Aircraft01,resources.assets
1013750854,WorldObject,p_vehicle_AircraftAirdrop01,resources.assets
102572561,WorldObject,p_vehicle_AircraftAirdrop02,resources.assets
-1202139638,WorldObject,p_vehicle_AircraftAirdrop03,resources.assets
1690859214,WorldObject,p_vehicle_DeliveryDrone01,resources.assets
-1677576338,WorldObject,p_vehicle_DeliveryDrone02,resources.assets
1412855348,WorldObject,p_vehicle_DeliveryTruck,resources.assets
536261423,WorldObject,p_vehicle_DeliveryTruck,resources.assets
1055090453,WorldObject,p_vehicle_DeliveryTruckFurnox,resources.assets
-620087729,WorldObject,p_vehicle_DeliveryTruckReturn,resources.assets
-2022007183,WorldObject,p_vehicle_DeliveryTruck_CityFluff,resources.assets
-1544401437,WorldObject,p_vehicle_DeliveryTruck_Spawn,resources.assets
-206669802,WorldObject,p_waterMine,resources.assets
1316902819,WorldObject,p_wellPlanks,resources.assets
1998837294,WorldObject,p_whiteboardGenovatech,resources.assets
1757202745,WorldObject,p_whiteboardGenovatech01,resources.assets
-1676857968,WorldObject,p_whiteboardGenovatech02,resources.assets
-1507348843,WorldObject,p_windmill01,resources.assets
1078189909,WorldObject,p_windmillBroken01,resources.assets
-719944819,WorldObject,p_windmillBrokenDestructible01,resources.assets
596133370,WorldObject,p_windmillBrokenDestructible02,resources.assets
13529345,WorldObject,p_windmillBrokenDestructibleClean01,resources.assets
544602905,WorldObject,p_windmillBrokenDestructiblePart01,resources.assets
886484538,WorldObject,p_windmillBrokenDestructiblePart02,resources.assets
1088669798,WorldObject,p_windmillBrokenDestructiblePart03,resources.assets
-392049904,WorldObject,p_windmillBrokenDestructiblePart04,resources.assets
-977997614,WorldObject,p_windmillBrokenDestructiblePart05,resources.assets
1864243839,WorldObject,p_windmillBrokenDestructiblePart06,resources.assets
-2014681941,WorldObject,p_windmillBrokenDestructiblePart07,resources.assets
-1599483703,WorldObject,p_windmillBrokenDestructiblePart08,resources.assets
1559884137,WorldObject,p_windmillBrokenDestructiblePart09,resources.assets
2049699096,WorldObject,p_windmillBrokenWing01,resources.assets
1446705790,WorldObject,p_windmillBrokenWing02,resources.assets
-1198247599,WorldObject,p_windmillBrokenWing03,resources.assets
1523715415,WorldObject,p_windmillBrokenWing04,resources.assets
446015824,WorldObject,p_wishlistButton,resources.assets
-361130468,WorldObject,p_wishlistButton Variant,resources.assets
1982733552,WorldObject,p_workhallInventoryBox01,resources.assets
-1750628095,WorldObject,p_workhallInventoryBox02,resources.assets
770727996,WorldObject,p_workhall_AutoButtonCanon01,resources.assets
1975777521,WorldObject,p_workhall_AutoButtonCanon01_BP,resources.assets
-1922524449,WorldObject,p_workhall_AutoButtonCanon02,resources.assets
738109089,WorldObject,p_workhall_AutoButtonCanon02_BP,resources.assets
-892636183,WorldObject,p_workhall_AutoButtonCanon03,resources.assets
-1568710202,WorldObject,p_workhall_AutoButtonCanon03_BP,resources.assets
1361415952,WorldObject,p_workhall_AutoButtonFurnaceAndPress01,resources.assets
-1434946461,WorldObject,p_workhall_AutoButtonFurnaceAndPress01_BP,resources.assets
755907973,WorldObject,p_workhall_AutoButtonFurnaceAndPress02,resources.assets
288688938,WorldObject,p_workhall_AutoButtonFurnaceAndPress02_BP,resources.assets
-299888842,WorldObject,p_workhall_AutoButtonFurnaceAndPress03,resources.assets
930574464,WorldObject,p_workhall_AutoButtonFurnaceAndPress03_BP,resources.assets
-1919667544,WorldObject,p_workhall_AutoButtonFurnitureCrafter01,resources.assets
-592807136,WorldObject,p_workhall_AutoButtonFurnitureCrafter01_BP,resources.assets
-1295120066,WorldObject,p_workhall_AutoButtonFurnitureCrafter02,resources.assets
900250850,WorldObject,p_workhall_AutoButtonFurnitureCrafter02_BP,resources.assets
-1046475131,WorldObject,p_workhall_AutoButtonFurnitureCrafter03,resources.assets
1407709720,WorldObject,p_workhall_AutoButtonFurnitureCrafter03_BP,resources.assets
1278850488,WorldObject,p_workhall_AutoButtonHarvester01,resources.assets
329649097,WorldObject,p_workhall_AutoButtonHarvester01_BP,resources.assets
-6639511,WorldObject,p_workhall_AutoButtonHarvester02,resources.assets
-1497715568,WorldObject,p_workhall_AutoButtonHarvester02_BP,resources.assets
1404315328,WorldObject,p_workhall_AutoButtonHarvester03,resources.assets
1863740650,WorldObject,p_workhall_AutoButtonHarvester03_BP,resources.assets
-1545828989,WorldObject,p_workhall_AutoButtonSawMachine01,resources.assets
-1419794537,WorldObject,p_workhall_AutoButtonSawMachine01_BP,resources.assets
-154482632,WorldObject,p_workhall_AutoButtonSawMachine02,resources.assets
-2031621199,WorldObject,p_workhall_AutoButtonSawMachine02_BP,resources.assets
-418747267,WorldObject,p_workhall_AutoButtonSawMachine03,resources.assets
-1470638194,WorldObject,p_workhall_AutoButtonSawMachine03_BP,resources.assets
-1805986503,WorldObject,p_workhall_AutoFurnace01,resources.assets
1990021738,WorldObject,p_workhall_AutoFurnace010,resources.assets
301525833,WorldObject,p_workhall_AutoFurnace010_BP,resources.assets
465525274,WorldObject,p_workhall_AutoFurnace01_BP,resources.assets
-82519214,WorldObject,p_workhall_AutoFurnace02,resources.assets
-370297494,WorldObject,p_workhall_AutoFurnace02_BP,resources.assets
1915597695,WorldObject,p_workhall_AutoFurnace03,resources.assets
-884014729,WorldObject,p_workhall_AutoFurnace03_BP,resources.assets
1143254316,WorldObject,p_workhall_AutoFurnace04,resources.assets
219054921,WorldObject,p_workhall_AutoFurnace04_BP,resources.assets
1726860862,WorldObject,p_workhall_AutoFurnace05,resources.assets
-702704256,WorldObject,p_workhall_AutoFurnace05_BP,resources.assets
867723085,WorldObject,p_workhall_AutoFurnace06,resources.assets
-135365674,WorldObject,p_workhall_AutoFurnace06_BP,resources.assets
640064661,WorldObject,p_workhall_AutoFurnace07,resources.assets
1979819651,WorldObject,p_workhall_AutoFurnace07_BP,resources.assets
1428150216,WorldObject,p_workhall_AutoFurnace08,resources.assets
-907850340,WorldObject,p_workhall_AutoFurnace08_BP,resources.assets
793798584,WorldObject,p_workhall_AutoFurnace09,resources.assets
-1256718272,WorldObject,p_workhall_AutoFurnace09_BP,resources.assets
583072637,WorldObject,p_workhall_Beams01,resources.assets
-2071332227,WorldObject,p_workhall_Beams01_BP,resources.assets
-1390134769,WorldObject,p_workhall_Beams02,resources.assets
-812246506,WorldObject,p_workhall_Beams02_BP,resources.assets
-1054960506,WorldObject,p_workhall_Beams03,resources.assets
1241207242,WorldObject,p_workhall_Beams03_BP,resources.assets
-1099348391,WorldObject,p_workhall_Beams04,resources.assets
-1497894471,WorldObject,p_workhall_Beams04_BP,resources.assets
468343071,WorldObject,p_workhall_Beams05,resources.assets
-1942347761,WorldObject,p_workhall_Beams05_BP,resources.assets
1866376359,WorldObject,p_workhall_Beams06,resources.assets
-201842262,WorldObject,p_workhall_Beams06_BP,resources.assets
748284581,WorldObject,p_workhall_Beams07,resources.assets
589255408,WorldObject,p_workhall_Beams07_BP,resources.assets
1224230295,WorldObject,p_workhall_Beams08,resources.assets
-1700148826,WorldObject,p_workhall_Beams08_BP,resources.assets
1772646651,WorldObject,p_workhall_Beams09,resources.assets
-1035185657,WorldObject,p_workhall_Beams09_BP,resources.assets
2107573646,WorldObject,p_workhall_Beams10,resources.assets
1803753088,WorldObject,p_workhall_Beams10_BP,resources.assets
-1244097943,WorldObject,p_workhall_Beams11,resources.assets
-1108713354,WorldObject,p_workhall_Beams11_BP,resources.assets
-1213461098,WorldObject,p_workhall_Beams12,resources.assets
1065128680,WorldObject,p_workhall_Beams12_BP,resources.assets
1083002411,WorldObject,p_workhall_Beams13,resources.assets
-1508210606,WorldObject,p_workhall_Beams13_BP,resources.assets
101206339,WorldObject,p_workhall_Beams14,resources.assets
250065958,WorldObject,p_workhall_Beams14_BP,resources.assets
1360741705,WorldObject,p_workhall_Beams15,resources.assets
-433819220,WorldObject,p_workhall_Beams15_BP,resources.assets
1764399811,WorldObject,p_workhall_Beams16,resources.assets
1440021135,WorldObject,p_workhall_Beams16_BP,resources.assets
1012669552,WorldObject,p_workhall_Beams17,resources.assets
357862249,WorldObject,p_workhall_Beams17_BP,resources.assets
108117388,WorldObject,p_workhall_Beams18,resources.assets
1278181586,WorldObject,p_workhall_Beams18_BP,resources.assets
-1321219180,WorldObject,p_workhall_Beams19,resources.assets
1825811960,WorldObject,p_workhall_Beams19_BP,resources.assets
1351978441,WorldObject,p_workhall_Beams20,resources.assets
-76621106,WorldObject,p_workhall_Beams20_BP,resources.assets
-500787977,WorldObject,p_workhall_Beams21,resources.assets
-629388364,WorldObject,p_workhall_Beams21_BP,resources.assets
-457959531,WorldObject,p_workhall_Beams22,resources.assets
1633294368,WorldObject,p_workhall_Beams22_BP,resources.assets
-2145222533,WorldObject,p_workhall_BeamsBACKUP,resources.assets
1154977193,WorldObject,p_workhall_BeamsBACKUP_BP,resources.assets
-761773626,WorldObject,p_workhall_BeamsFinal01,resources.assets
-1016372118,WorldObject,p_workhall_ButtonContainer_FurnaceAndPress01,resources.assets
1252476190,WorldObject,p_workhall_ButtonContainer_FurnaceAndPress01_BP,resources.assets
-1651144236,WorldObject,p_workhall_ButtonContainer_FurnaceAndPress02,resources.assets
470579670,WorldObject,p_workhall_ButtonContainer_FurnaceAndPress02_BP,resources.assets
761322320,WorldObject,p_workhall_ButtonContainer_FurnitureCrafter01,resources.assets
-1646273285,WorldObject,p_workhall_ButtonContainer_FurnitureCrafter01_BP,resources.assets
546059979,WorldObject,p_workhall_ButtonContainer_FurnitureCrafter02,resources.assets
-837702383,WorldObject,p_workhall_ButtonContainer_FurnitureCrafter02_BP,resources.assets
91800251,WorldObject,p_workhall_ButtonContainer_SawMachine01,resources.assets
1111429542,WorldObject,p_workhall_ButtonContainer_SawMachine01_BP,resources.assets
-457591014,WorldObject,p_workhall_ButtonContainer_SawMachine02,resources.assets
1632812219,WorldObject,p_workhall_ButtonContainer_SawMachine02_BP,resources.assets
-1846338970,WorldObject,p_workhall_ButtonMoveToInv_Harvester01,resources.assets
-878452622,WorldObject,p_workhall_ButtonMoveToInv_Harvester01_BP,resources.assets
-1668560601,WorldObject,p_workhall_ButtonMoveToInv_Harvester02,resources.assets
1805554403,WorldObject,p_workhall_ButtonMoveToInv_Harvester02_BP,resources.assets
-866300491,WorldObject,p_workhall_ContainerFurnaceAndPress01,resources.assets
2146172071,WorldObject,p_workhall_ContainerFurnaceAndPress01_BP,resources.assets
-1934405374,WorldObject,p_workhall_ContainerFurnaceAndPress02,resources.assets
-1294311598,WorldObject,p_workhall_ContainerFurnaceAndPress02_BP,resources.assets
-272272081,WorldObject,p_workhall_ContainerFurnaceAndPress03,resources.assets
1168030293,WorldObject,p_workhall_ContainerFurnaceAndPress03_BP,resources.assets
1982591475,WorldObject,p_workhall_ContainerFurnaceAndPress04,resources.assets
281093105,WorldObject,p_workhall_ContainerFurnaceAndPress04_BP,resources.assets
361060692,WorldObject,p_workhall_ContainerFurnaceAndPress05,resources.assets
-767147173,WorldObject,p_workhall_ContainerFurnaceAndPress05_BP,resources.assets
-298381658,WorldObject,p_workhall_ContainerFurnitureCrafter01,resources.assets
718837823,WorldObject,p_workhall_ContainerFurnitureCrafter01_BP,resources.assets
-782046390,WorldObject,p_workhall_ContainerFurnitureCrafter02,resources.assets
-398340930,WorldObject,p_workhall_ContainerFurnitureCrafter02_BP,resources.assets
362551031,WorldObject,p_workhall_ContainerFurnitureCrafter03,resources.assets
1811485946,WorldObject,p_workhall_ContainerFurnitureCrafter03_BP,resources.assets
-1124721353,WorldObject,p_workhall_ContainerFurnitureCrafter04,resources.assets
-2042899811,WorldObject,p_workhall_ContainerFurnitureCrafter04_BP,resources.assets
-770439916,WorldObject,p_workhall_ContainerFurnitureCrafter05,resources.assets
-629956805,WorldObject,p_workhall_ContainerFurnitureCrafter05_BP,resources.assets
-338646177,WorldObject,p_workhall_ContainerSawMachine01,resources.assets
47493668,WorldObject,p_workhall_ContainerSawMachine01_BP,resources.assets
680907497,WorldObject,p_workhall_ContainerSawMachine02,resources.assets
-1756551680,WorldObject,p_workhall_ContainerSawMachine02_BP,resources.assets
1074313560,WorldObject,p_workhall_ContainerSawMachine03,resources.assets
-1343417972,WorldObject,p_workhall_ContainerSawMachine03_BP,resources.assets
90514550,WorldObject,p_workhall_ContainerSawMachine04,resources.assets
-204389701,WorldObject,p_workhall_ContainerSawMachine04_BP,resources.assets
-1364571081,WorldObject,p_workhall_ContainerSawMachine05,resources.assets
351151654,WorldObject,p_workhall_ContainerSawMachine05_BP,resources.assets
-1595522594,WorldObject,p_workhall_Details01,resources.assets
2135238398,WorldObject,p_workhall_Details01_BP,resources.assets
-666037210,WorldObject,p_workhall_Details02,resources.assets
1845594945,WorldObject,p_workhall_Details02_BP,resources.assets
653629579,WorldObject,p_workhall_Details03,resources.assets
-1786551277,WorldObject,p_workhall_Details03_BP,resources.assets
1174283700,WorldObject,p_workhall_Details04,resources.assets
1007933904,WorldObject,p_workhall_Details04_BP,resources.assets
1009111777,WorldObject,p_workhall_Details05,resources.assets
1280888988,WorldObject,p_workhall_Details05_BP,resources.assets
1355997340,WorldObject,p_workhall_Foundation01,resources.assets
-1602165927,WorldObject,p_workhall_Foundation01_BP,resources.assets
1949159417,WorldObject,p_workhall_Foundation01_markings,resources.assets
1910096131,WorldObject,p_workhall_FoundationBalcony,resources.assets
-1145254441,WorldObject,p_workhall_FoundationBalconyBeamA,resources.assets
-1047686937,WorldObject,p_workhall_FoundationBalconyBeamA_BP,resources.assets
-894911068,WorldObject,p_workhall_FoundationBalconyBeamB,resources.assets
1674614678,WorldObject,p_workhall_FoundationBalconyBeamB_BP,resources.assets
-1086508661,WorldObject,p_workhall_FoundationBalconyBeamC,resources.assets
1723621037,WorldObject,p_workhall_FoundationBalconyBeamC_BP,resources.assets
-1919468420,WorldObject,p_workhall_FoundationBalconyBeamD,resources.assets
1537245,WorldObject,p_workhall_FoundationBalconyBeamD_BP,resources.assets
-1461465368,WorldObject,p_workhall_FoundationBalconyBeamE,resources.assets
469306463,WorldObject,p_workhall_FoundationBalconyBeamE_BP,resources.assets
1814745282,WorldObject,p_workhall_FoundationBalconyBeamF,resources.assets
-1963370784,WorldObject,p_workhall_FoundationBalconyBeamF_BP,resources.assets
-958413481,WorldObject,p_workhall_FoundationBalconyBeamG,resources.assets
-1822560325,WorldObject,p_workhall_FoundationBalconyBeamG_BP,resources.assets
846849706,WorldObject,p_workhall_FoundationBalconyBeamH,resources.assets
-1726034327,WorldObject,p_workhall_FoundationBalconyBeamH_BP,resources.assets
1797873153,WorldObject,p_workhall_FoundationBalcony_BP,resources.assets
-1819250988,WorldObject,p_workhall_FoundationBeamA (1),resources.assets
1520181706,WorldObject,p_workhall_FoundationBeamA_BP,resources.assets
-1866100809,WorldObject,p_workhall_FoundationBeamB,resources.assets
1352528634,WorldObject,p_workhall_FoundationBeamB_BP,resources.assets
-2796764,WorldObject,p_workhall_FoundationBeamC (1),resources.assets
875663158,WorldObject,p_workhall_FoundationBeamC_BP,resources.assets
-966572514,WorldObject,p_workhall_FoundationBeamD,resources.assets
-1831262641,WorldObject,p_workhall_FoundationBeamD_BP,resources.assets
1060189487,WorldObject,p_workhall_FoundationBeamE (1),resources.assets
58823149,WorldObject,p_workhall_FoundationBeamE_BP,resources.assets
505828963,WorldObject,p_workhall_FoundationBeamF,resources.assets
-967858728,WorldObject,p_workhall_FoundationBeamF_BP,resources.assets
599478874,WorldObject,p_workhall_FoundationBeamG,resources.assets
-1922114077,WorldObject,p_workhall_FoundationBeamG_BP,resources.assets
-812762276,WorldObject,p_workhall_FoundationBeamH,resources.assets
-114312143,WorldObject,p_workhall_FoundationBeamH_BP,resources.assets
-123073557,WorldObject,p_workhall_FoundationMarkings,resources.assets
-1540846193,WorldObject,p_workhall_FoundationSmall,resources.assets
-827292217,WorldObject,p_workhall_FoundationSmallBeamA,resources.assets
1807630132,WorldObject,p_workhall_FoundationSmallBeamA_BP,resources.assets
1311553886,WorldObject,p_workhall_FoundationSmallBeamB,resources.assets
357263313,WorldObject,p_workhall_FoundationSmallBeamB_BP,resources.assets
1692935625,WorldObject,p_workhall_FoundationSmallBeamC,resources.assets
1983938969,WorldObject,p_workhall_FoundationSmallBeamC_BP,resources.assets
1243035905,WorldObject,p_workhall_FoundationSmallBeamD,resources.assets
-1817394218,WorldObject,p_workhall_FoundationSmallBeamD_BP,resources.assets
373885008,WorldObject,p_workhall_FoundationSmallBeamE,resources.assets
1161937182,WorldObject,p_workhall_FoundationSmallBeamE_BP,resources.assets
1591860255,WorldObject,p_workhall_FoundationSmallBeamF,resources.assets
1857815826,WorldObject,p_workhall_FoundationSmallBeamF_BP,resources.assets
-393246196,WorldObject,p_workhall_FoundationSmallBeamG,resources.assets
1675475782,WorldObject,p_workhall_FoundationSmallBeamG_BP,resources.assets
-302314135,WorldObject,p_workhall_FoundationSmallBeamH,resources.assets
-971387574,WorldObject,p_workhall_FoundationSmallBeamH_BP,resources.assets
-1433929719,WorldObject,p_workhall_FoundationSmall_BP,resources.assets
1482426755,WorldObject,p_workhall_FurnitureCrafter01,resources.assets
-625882755,WorldObject,p_workhall_FurnitureCrafter01_BP,resources.assets
1011691441,WorldObject,p_workhall_FurnitureCrafter02,resources.assets
-1128383815,WorldObject,p_workhall_FurnitureCrafter02_BP,resources.assets
919652491,WorldObject,p_workhall_FurnitureCrafter03,resources.assets
1844739344,WorldObject,p_workhall_FurnitureCrafter03_BP,resources.assets
-1445688862,WorldObject,p_workhall_FurnitureCrafter04,resources.assets
1225525489,WorldObject,p_workhall_FurnitureCrafter04_BP,resources.assets
-233111549,WorldObject,p_workhall_FurnitureCrafter05,resources.assets
48440161,WorldObject,p_workhall_FurnitureCrafter05_BP,resources.assets
-415240883,WorldObject,p_workhall_FurnitureCrafter06,resources.assets
1009954223,WorldObject,p_workhall_FurnitureCrafter06_BP,resources.assets
-816548772,WorldObject,p_workhall_FurnitureCrafter07,resources.assets
-1044389075,WorldObject,p_workhall_FurnitureCrafter07_BP,resources.assets
-2134548336,WorldObject,p_workhall_FurnitureCrafter08,resources.assets
754978383,WorldObject,p_workhall_FurnitureCrafter08_BP,resources.assets
-2094552490,WorldObject,p_workhall_FurnitureCrafter09,resources.assets
1435475904,WorldObject,p_workhall_FurnitureCrafter09_BP,resources.assets
-992454910,WorldObject,p_workhall_GardenBeam01,resources.assets
1300819646,WorldObject,p_workhall_GardenBeam01_BP,resources.assets
-773746450,WorldObject,p_workhall_GardenBeam02,resources.assets
875465293,WorldObject,p_workhall_GardenBeam02_BP,resources.assets
-863452883,WorldObject,p_workhall_GardenBeam03,resources.assets
-1307416141,WorldObject,p_workhall_GardenBeam03_BP,resources.assets
1384756354,WorldObject,p_workhall_GardenBeam04,resources.assets
-1834628466,WorldObject,p_workhall_GardenBeam04_BP,resources.assets
-2104676864,WorldObject,p_workhall_GardenBeam05,resources.assets
1395529904,WorldObject,p_workhall_GardenBeam05_BP,resources.assets
-1233013563,WorldObject,p_workhall_GardenBeam06,resources.assets
-1194674059,WorldObject,p_workhall_GardenBeam06_BP,resources.assets
-1957514772,WorldObject,p_workhall_GardenBeam07,resources.assets
-1741800746,WorldObject,p_workhall_GardenBeam07_BP,resources.assets
-2086721255,WorldObject,p_workhall_GardenBeam08,resources.assets
1925696590,WorldObject,p_workhall_GardenBeam08_BP,resources.assets
-1943516526,WorldObject,p_workhall_GardenBeam09,resources.assets
-1994295937,WorldObject,p_workhall_GardenBeam09_BP,resources.assets
-1982930012,WorldObject,p_workhall_GardenBeam10,resources.assets
-1993873931,WorldObject,p_workhall_GardenBeam10_BP,resources.assets
-2092156758,WorldObject,p_workhall_GardenBeamBACKUP,resources.assets
-898999137,WorldObject,p_workhall_GardenBeamBACKUP_BP,resources.assets
-1223218984,WorldObject,p_workhall_GardenFence01,resources.assets
1982175406,WorldObject,p_workhall_GardenFence01_BP,resources.assets
-1581413778,WorldObject,p_workhall_GardenFence02,resources.assets
-1478966470,WorldObject,p_workhall_GardenFence02_BP,resources.assets
445008940,WorldObject,p_workhall_GardenFence03,resources.assets
703183324,WorldObject,p_workhall_GardenFence03_BP,resources.assets
981422341,WorldObject,p_workhall_GardenRaisedFlowerBed01,resources.assets
-2078587051,WorldObject,p_workhall_GardenRaisedFlowerBed01_BP,resources.assets
-1873804867,WorldObject,p_workhall_GardenRaisedFlowerBed02,resources.assets
1211349805,WorldObject,p_workhall_GardenRaisedFlowerBed02_BP,resources.assets
1487491521,WorldObject,p_workhall_GardenRaisedFlowerBed03,resources.assets
-1778672854,WorldObject,p_workhall_GardenRaisedFlowerBed03_BP,resources.assets
1410145617,WorldObject,p_workhall_GardenRaisedFlowerBed04,resources.assets
-987386702,WorldObject,p_workhall_GardenRaisedFlowerBed04_BP,resources.assets
1812744780,WorldObject,p_workhall_GardenRaisedFlowerBed05,resources.assets
1935371190,WorldObject,p_workhall_GardenRaisedFlowerBed05_BP,resources.assets
-1172987851,WorldObject,p_workhall_GardenRaisedFlowerBed06,resources.assets
-388619216,WorldObject,p_workhall_GardenRaisedFlowerBed06_BP,resources.assets
-266811274,WorldObject,p_workhall_PipingIntake01,resources.assets
882628832,WorldObject,p_workhall_PipingIntake01_BP,resources.assets
1184958178,WorldObject,p_workhall_PipingIntake02,resources.assets
-435886153,WorldObject,p_workhall_PipingIntake02_BP,resources.assets
-926906372,WorldObject,p_workhall_PipingIntake03,resources.assets
950664924,WorldObject,p_workhall_PipingIntake03_BP,resources.assets
1434793132,WorldObject,p_workhall_PipingIntake04,resources.assets
1642074664,WorldObject,p_workhall_PipingIntake04_BP,resources.assets
327509565,WorldObject,p_workhall_PipingIntake05,resources.assets
-2039076342,WorldObject,p_workhall_PipingIntake05_BP,resources.assets
670525335,WorldObject,p_workhall_PipingIntake06,resources.assets
214110593,WorldObject,p_workhall_PipingIntake06_BP,resources.assets
1637564917,WorldObject,p_workhall_Railing01,resources.assets
-507970363,WorldObject,p_workhall_Railing01_BP,resources.assets
-1589188665,WorldObject,p_workhall_Railing02,resources.assets
-2031022588,WorldObject,p_workhall_Railing02_BP,resources.assets
-868316970,WorldObject,p_workhall_Railing03,resources.assets
1705798175,WorldObject,p_workhall_Railing03_BP,resources.assets
523194935,WorldObject,p_workhall_Railing04,resources.assets
-73865070,WorldObject,p_workhall_Railing04_BP,resources.assets
1499158703,WorldObject,p_workhall_Railing05,resources.assets
1831336546,WorldObject,p_workhall_Railing05_BP,resources.assets
-116088153,WorldObject,p_workhall_Railing06,resources.assets
1268539693,WorldObject,p_workhall_Railing06_BP,resources.assets
-680367370,WorldObject,p_workhall_Railing07,resources.assets
-1120468036,WorldObject,p_workhall_Railing07_BP,resources.assets
-1672679139,WorldObject,p_workhall_Railing08,resources.assets
1226784888,WorldObject,p_workhall_Railing08_BP,resources.assets
134769573,WorldObject,p_workhall_Railing09,resources.assets
1518382640,WorldObject,p_workhall_Railing09_BP,resources.assets
-682523648,WorldObject,p_workhall_Railing10,resources.assets
-1886955138,WorldObject,p_workhall_Railing10_BP,resources.assets
-1063480368,WorldObject,p_workhall_Railing11,resources.assets
-738621988,WorldObject,p_workhall_Railing11_BP,resources.assets
-1291449874,WorldObject,p_workhall_Railing12,resources.assets
-1541573925,WorldObject,p_workhall_Railing12_BP,resources.assets
-1181877153,WorldObject,p_workhall_Railing13,resources.assets
-1658156724,WorldObject,p_workhall_Railing13_BP,resources.assets
-325571862,WorldObject,p_workhall_Railing14,resources.assets
1261410614,WorldObject,p_workhall_Railing14_BP,resources.assets
-21035122,WorldObject,p_workhall_Railing15,resources.assets
1258614441,WorldObject,p_workhall_Railing15_BP,resources.assets
-1361759045,WorldObject,p_workhall_Railing16,resources.assets
-1110719629,WorldObject,p_workhall_Railing16_BP,resources.assets
-1364427509,WorldObject,p_workhall_Railing17,resources.assets
-1811079777,WorldObject,p_workhall_Railing17_BP,resources.assets
-1658376899,WorldObject,p_workhall_Railing18,resources.assets
-1690267726,WorldObject,p_workhall_Railing18_BP,resources.assets
-892743328,WorldObject,p_workhall_Railing19,resources.assets
2130508494,WorldObject,p_workhall_Railing19_BP,resources.assets
-1237897481,WorldObject,p_workhall_Railing20,resources.assets
2024648028,WorldObject,p_workhall_Railing20_BP,resources.assets
1023966154,WorldObject,p_workhall_Railing21,resources.assets
-1124858110,WorldObject,p_workhall_Railing21_BP,resources.assets
-1225351719,WorldObject,p_workhall_Railing22,resources.assets
-466965120,WorldObject,p_workhall_Railing22_BP,resources.assets
-2047409757,WorldObject,p_workhall_Railing23,resources.assets
486432489,WorldObject,p_workhall_Railing23_BP,resources.assets
-1777366422,WorldObject,p_workhall_Railing24,resources.assets
-1783239351,WorldObject,p_workhall_Railing24_BP,resources.assets
1073864269,WorldObject,p_workhall_Railing25,resources.assets
-328097856,WorldObject,p_workhall_Railing25_BP,resources.assets
-2124780323,WorldObject,p_workhall_Railing26,resources.assets
1951615690,WorldObject,p_workhall_Railing26_BP,resources.assets
1522395431,WorldObject,p_workhall_Railing27,resources.assets
304269796,WorldObject,p_workhall_Railing27_BP,resources.assets
1312721920,WorldObject,p_workhall_Roof01,resources.assets
-649066772,WorldObject,p_workhall_Roof01_BP,resources.assets
-106608787,WorldObject,p_workhall_Roof02,resources.assets
1267118341,WorldObject,p_workhall_Roof02_BP,resources.assets
-111528972,WorldObject,p_workhall_Roof03,resources.assets
1907669422,WorldObject,p_workhall_Roof03_BP,resources.assets
1732303661,WorldObject,p_workhall_Roof04,resources.assets
-589061570,WorldObject,p_workhall_Roof04_BP,resources.assets
-1609087825,WorldObject,p_workhall_Roof05,resources.assets
356514000,WorldObject,p_workhall_Roof05_BP,resources.assets
726867878,WorldObject,p_workhall_Roof06,resources.assets
-145745675,WorldObject,p_workhall_Roof06_BP,resources.assets
-806244301,WorldObject,p_workhall_Roof07,resources.assets
2082507394,WorldObject,p_workhall_Roof07_BP,resources.assets
-1896135751,WorldObject,p_workhall_Roof08,resources.assets
1210053844,WorldObject,p_workhall_Roof08_BP,resources.assets
-213890591,WorldObject,p_workhall_Roof09,resources.assets
-1477585498,WorldObject,p_workhall_Roof09_BP,resources.assets
17789030,WorldObject,p_workhall_Roof10,resources.assets
-1981126083,WorldObject,p_workhall_Roof10_BP,resources.assets
-1320661102,WorldObject,p_workhall_Roof11,resources.assets
1403785941,WorldObject,p_workhall_Roof11_BP,resources.assets
2100145707,WorldObject,p_workhall_Roof12,resources.assets
-1869346779,WorldObject,p_workhall_Roof12_BP,resources.assets
833946205,WorldObject,p_workhall_Roof13,resources.assets
963664359,WorldObject,p_workhall_Roof13_BP,resources.assets
-765365134,WorldObject,p_workhall_Roof14,resources.assets
172169622,WorldObject,p_workhall_Roof14_BP,resources.assets
1607666840,WorldObject,p_workhall_Roof15,resources.assets
1859349972,WorldObject,p_workhall_Roof15_BP,resources.assets
1012294705,WorldObject,p_workhall_Roof16,resources.assets
-1959972857,WorldObject,p_workhall_Roof16_BP,resources.assets
175054486,WorldObject,p_workhall_Roof17,resources.assets
1716506504,WorldObject,p_workhall_Roof17_BP,resources.assets
-1795785722,WorldObject,p_workhall_Roof18,resources.assets
-1417661123,WorldObject,p_workhall_Roof18_BP,resources.assets
-1543345711,WorldObject,p_workhall_Roof19,resources.assets
897669491,WorldObject,p_workhall_Roof19_BP,resources.assets
-1932991750,WorldObject,p_workhall_Roof20,resources.assets
911190801,WorldObject,p_workhall_Roof20_BP,resources.assets
1259366301,WorldObject,p_workhall_Roof21,resources.assets
515199757,WorldObject,p_workhall_Roof21_BP,resources.assets
12949801,WorldObject,p_workhall_Roof22,resources.assets
-2049387631,WorldObject,p_workhall_Roof22_BP,resources.assets
-1024096776,WorldObject,p_workhall_Roof23,resources.assets
-393365681,WorldObject,p_workhall_Roof23_BP,resources.assets
691794440,WorldObject,p_workhall_Roof24,resources.assets
-1532588606,WorldObject,p_workhall_Roof24_BP,resources.assets
1364262117,WorldObject,p_workhall_RoofBACKUP,resources.assets
-1553245553,WorldObject,p_workhall_RoofBACKUP_BP,resources.assets
963007154,WorldObject,p_workhall_RoofBeams01,resources.assets
-1691396570,WorldObject,p_workhall_RoofBeams01_BP,resources.assets
946613904,WorldObject,p_workhall_RoofBeams02,resources.assets
-1920592494,WorldObject,p_workhall_RoofBeams02_BP,resources.assets
377037402,WorldObject,p_workhall_RoofBeams03,resources.assets
-1992205336,WorldObject,p_workhall_RoofBeams03_BP,resources.assets
-1385213372,WorldObject,p_workhall_RoofBeams04,resources.assets
447864626,WorldObject,p_workhall_RoofBeams04_BP,resources.assets
-1508438802,WorldObject,p_workhall_RoofBeams05,resources.assets
-704818451,WorldObject,p_workhall_RoofBeams05_BP,resources.assets
-1948728834,WorldObject,p_workhall_RoofBeams06,resources.assets
628443334,WorldObject,p_workhall_RoofBeams06_BP,resources.assets
-787648365,WorldObject,p_workhall_RoofBeams07,resources.assets
2037917518,WorldObject,p_workhall_RoofBeams07_BP,resources.assets
-425955786,WorldObject,p_workhall_RoofBeams08,resources.assets
-1056971048,WorldObject,p_workhall_RoofBeams08_BP,resources.assets
509942646,WorldObject,p_workhall_RoofBeamsBACKUP,resources.assets
1027065723,WorldObject,p_workhall_RoofBeamsBACKUP_BP,resources.assets
852797712,WorldObject,p_workhall_RoofBeamsFinal01,resources.assets
496402281,WorldObject,p_workhall_RoofFinal01,resources.assets
2012047132,WorldObject,p_workhall_Sawmachine01,resources.assets
1065986620,WorldObject,p_workhall_Sawmachine01_BP,resources.assets
-929793120,WorldObject,p_workhall_Sawmachine02,resources.assets
-1457504302,WorldObject,p_workhall_Sawmachine02_BP,resources.assets
423183263,WorldObject,p_workhall_Sawmachine03,resources.assets
-2021090078,WorldObject,p_workhall_Sawmachine03_BP,resources.assets
1433196232,WorldObject,p_workhall_Sawmachine04,resources.assets
-185627181,WorldObject,p_workhall_Sawmachine04_BP,resources.assets
-297746439,WorldObject,p_workhall_Sawmachine05,resources.assets
-1044540828,WorldObject,p_workhall_Sawmachine05_BP,resources.assets
1364213864,WorldObject,p_workhall_Sawmachine06,resources.assets
1534579434,WorldObject,p_workhall_Sawmachine06_BP,resources.assets
-2033294246,WorldObject,p_workhall_Sawmachine07,resources.assets
-1486334857,WorldObject,p_workhall_Sawmachine07_BP,resources.assets
-1941405487,WorldObject,p_workhall_Walls01,resources.assets
386063696,WorldObject,p_workhall_Walls01_BP,resources.assets
-1762602644,WorldObject,p_workhall_Walls02,resources.assets
200847539,WorldObject,p_workhall_Walls02_BP,resources.assets
1352120856,WorldObject,p_workhall_Walls03,resources.assets
648168842,WorldObject,p_workhall_Walls03_BP,resources.assets
303329515,WorldObject,p_workhall_Walls04,resources.assets
-144628503,WorldObject,p_workhall_Walls04_BP,resources.assets
1721394404,WorldObject,p_workhall_Walls05,resources.assets
-1064777528,WorldObject,p_workhall_Walls05_BP,resources.assets
959196264,WorldObject,p_workhall_Walls06,resources.assets
8649765,WorldObject,p_workhall_Walls06_BP,resources.assets
2125895745,WorldObject,p_workhall_Walls07,resources.assets
-1945933889,WorldObject,p_workhall_Walls07_BP,resources.assets
1347532076,WorldObject,p_workhall_Walls08,resources.assets
-1579267538,WorldObject,p_workhall_Walls08_BP,resources.assets
226545179,WorldObject,p_workhall_Walls09,resources.assets
-1071517778,WorldObject,p_workhall_Walls09_BP,resources.assets
-1882224633,WorldObject,p_workhall_Walls10,resources.assets
1487871614,WorldObject,p_workhall_Walls10_BP,resources.assets
-1812784875,WorldObject,p_workhall_Walls11,resources.assets
-1158873060,WorldObject,p_workhall_Walls11_BP,resources.assets
-797691118,WorldObject,p_workhall_Walls12,resources.assets
1063719516,WorldObject,p_workhall_Walls12_BP,resources.assets
-537777910,WorldObject,p_workhall_WallsBACKUP,resources.assets
-276833461,WorldObject,p_workhall_WallsBACKUP01_BP,resources.assets
725678211,WorldObject,p_workhall_WallsFinal01,resources.assets
-1422933263,WorldObject,p_workhall_foundationFinished,resources.assets
