assetID,category,name,file
1470121278,Character,Character_Beaver,resources.assets
1526481069,Character,Character_Beaver_NoName,resources.assets
-1553978502,Character,Character_ChessKing,resources.assets
-754373626,Character,Character_ChessQueen,resources.assets
-1295448785,Character,Character_Chest,resources.assets
1138756143,Character,Character_Chest_NoName,resources.assets
1553427777,Character,Character_DuckBoth,resources.assets
114055387,Character,Character_DuckCultist01,resources.assets
833322005,Character,Character_DuckCultist02,resources.assets
-724264486,Character,Character_DuckFemale,resources.assets
-207738004,Character,Character_DuckMale,resources.assets
-647829001,Character,Character_Fish,resources.assets
-1157175274,Character,Character_Fish_NoName,resources.assets
1448626975,Character,Character_HamsterDad,resources.assets
1835697305,Character,Character_HamsterDadAngry,resources.assets
1840710610,Character,Character_HamsterKids,resources.assets
-2016120554,Character,Character_HamsterMum,resources.assets
1619478566,Character,Character_HamsterNinjas,resources.assets
1899902820,Character,Character_Letter_NoName,resources.assets
364500103,Character,Character_PublicServant_NoName,resources.assets
493794090,Character,Character_TargetAudience_AdultsClub,resources.assets
2039184252,Character,Character_TargetAudience_CityAdministration,resources.assets
787853667,Character,Character_TargetAudience_FitnessFreaks,resources.assets
956707397,Character,Character_TargetAudience_Industry,resources.assets
-984753505,Character,Character_TargetAudience_Moneybags,resources.assets
-1958261174,Character,Character_TargetAudience_Nerds,resources.assets
737991624,Character,Character_TargetAudience_Rascals,resources.assets
-501513369,Character,Character_TargetAudience_Survivalists,resources.assets
1189738692,Character,Character_Turtle,resources.assets
1674600633,Dialogue,Dialogue_BeaverCave_01_Intro,resources.assets
1524032697,Dialogue,Dialogue_BeaverCave_02_MeetJustin,resources.assets
-53141571,Dialogue,Dialogue_BeaverCave_03_IntroductionToBober,resources.assets
2052919914,Dialogue,Dialogue_BeaverCave_04a_ShowYouSomething,resources.assets
882001297,Dialogue,Dialogue_BeaverCave_04b_NeedPreciousWood,resources.assets
-368930904,Dialogue,Dialogue_BeaverCave_05_CarvingAbility,resources.assets
1820897066,Dialogue,Dialogue_BeaverCave_06_WorkTogether,resources.assets
-1144520963,Dialogue,Dialogue_BeaverCave_07_BoberWantsWorkbench,resources.assets
1411824461,Dialogue,Dialogue_BeaverCave_08_BoberHasWorkbench,resources.assets
-521725230,Dialogue,Dialogue_CityMission_ParkBenches,resources.assets
-1902331634,Dialogue,Dialogue_Ducks_00_IntroTooEarly,resources.assets
126005614,Dialogue,Dialogue_Ducks_00_IntroTooEarly01,resources.assets
-387629302,Dialogue,Dialogue_Ducks_00_IntroTooEarly02,resources.assets
-2055267507,Dialogue,Dialogue_Ducks_01_1_CultAlpha,resources.assets
250751997,Dialogue,Dialogue_Ducks_01_1_IntroductionMale,resources.assets
-1066092885,Dialogue,Dialogue_Ducks_01_2_IntroductionFemale,resources.assets
1408781982,Dialogue,Dialogue_Ducks_02_1_LuisIsBack,resources.assets
659907038,Dialogue,Dialogue_Ducks_02_1_MushroomsDelivered01,resources.assets
-1447608431,Dialogue,Dialogue_Ducks_02_2_FinalMushroom,resources.assets
1282209145,Dialogue,Dialogue_Ducks_03_1_MushroomsDelivered02Harold,resources.assets
-1682047304,Dialogue,Dialogue_Ducks_03_2_MushroomsDelivered02Mildred,resources.assets
517934667,Dialogue,Dialogue_Ducks_04_1_AfterCooking,resources.assets
809777363,Dialogue,Dialogue_Ducks_05_1_ShedMonologue,resources.assets
-1658698885,Dialogue,Dialogue_Ducks_06_1_Dinner,resources.assets
-1708154647,Dialogue,Dialogue_Ducks_07_1_DinnerGiveShotgun,resources.assets
-502066137,Dialogue,Dialogue_Ducks_08_NoLongerWelcome,resources.assets
1495506540,Dialogue,Dialogue_FindChessKing_01_Intro,resources.assets
936092989,Dialogue,Dialogue_FindChessKing_02_King,resources.assets
-1930065053,Dialogue,Dialogue_HamsterCave_00_Intro,resources.assets
575698507,Dialogue,Dialogue_HamsterCave_00_Straw,resources.assets
1753911105,Dialogue,Dialogue_HamsterCave_01_Intro,resources.assets
204173991,Dialogue,Dialogue_HamsterCave_02_GivePillowAskforPickles,resources.assets
-319201241,Dialogue,Dialogue_HamsterCave_02_PillowBack,resources.assets
670391686,Dialogue,Dialogue_HamsterCave_03_GivePicklesMix,resources.assets
999624516,Dialogue,Dialogue_HamsterCave_03_PicklesBack,resources.assets
-1409333813,Dialogue,Dialogue_HamsterCave_04_FixThePipe,resources.assets
292774855,Dialogue,Dialogue_HamsterDadAngry,resources.assets
-700867654,Dialogue,Dialogue_HamsterNinjaAttack,resources.assets
-274365570,Dialogue,Dialogue_HomeSweetHome_01_Intro,resources.assets
-514869767,Dialogue,Dialogue_HomeSweetHome_02_Intro,resources.assets
432901121,Dialogue,Dialogue_HomeSweetHome_03_Intro,resources.assets
1822152053,Dialogue,Dialogue_HomeSweetHome_04_Intro,resources.assets
-1188969849,Dialogue,Dialogue_HomeSweetHome_05_Intro,resources.assets
2087597260,Dialogue,Dialogue_HomeSweetHome_06_Letter,resources.assets
1290774107,Dialogue,Dialogue_HomeSweetHome_07_Chester,resources.assets
-606546030,Dialogue,Dialogue_HomeSweetHome_08_Intro,resources.assets
-893188931,Dialogue,Dialogue_HomeSweetHome_09_Intro,resources.assets
-2018459234,Dialogue,Dialogue_HomeSweetHome_10_Intro,resources.assets
-1216213039,Dialogue,Dialogue_HomeSweetHome_11_NoToShredding,resources.assets
148882125,Dialogue,Dialogue_HomeSweetHome_12_Intro,resources.assets
-611385897,Dialogue,Dialogue_HomeSweetHome_12_Intro1Wait,resources.assets
557611873,Dialogue,Dialogue_Introduction_ChopChopBlock,resources.assets
745029744,Dialogue,Dialogue_Introduction_Gestures,resources.assets
1371469226,Dialogue,Dialogue_Introduction_InfluenceGain,resources.assets
352647763,Dialogue,Dialogue_Introduction_ProteinShake,resources.assets
1962975462,Dialogue,Dialogue_Introduction_TPsInWorld,resources.assets
1098456618,Dialogue,Dialogue_Introduction_TPsatBase,resources.assets
-1950784881,Dialogue,Dialogue_MissionMailbox,resources.assets
-2068006257,Dialogue,Dialogue_Office_01_Introduction,resources.assets
-1543167167,Dialogue,Dialogue_Office_02_SmallCoffeeBreak,resources.assets
-950929829,Dialogue,Dialogue_Office_03_BuffsIntroduction,resources.assets
-471182463,Dialogue,Dialogue_Office_04_GetFiredMail,resources.assets
-814101957,Dialogue,Dialogue_SecretExplorer_SelectReward,resources.assets
70102335,Dialogue,Dialogue_SecretExplorer_SelectReward_Airdrop,resources.assets
1658680693,Dialogue,Dialogue_SecretExplorer_SelectReward_Coins,resources.assets
1992035144,Dialogue,Dialogue_SirWorcestershire_01_Intro,resources.assets
-213012842,Dialogue,Dialogue_SirWorcestershire_02_Intro,resources.assets
-290192881,Dialogue,Dialogue_SirWorcestershire_03_Intro,resources.assets
295717183,Dialogue,Dialogue_SirWorcestershire_04_Intro,resources.assets
-1657223422,Dialogue,Dialogue_SirWorcestershire_05_Intro,resources.assets
1241807929,Dialogue,Dialogue_SirWorcestershire_05_IntroTrout,resources.assets
541711007,Dialogue,Dialogue_SirWorcestershire_06_Intro,resources.assets
-50294296,Dialogue,Dialogue_SirWorcestershire_07A_BuildGrindstoneFirst,resources.assets
-1039587613,Dialogue,Dialogue_SirWorcestershire_07_Intro,resources.assets
-2032575270,Dialogue,Dialogue_SirWorcestershire_08_Intro,resources.assets
-2070940995,Dialogue,Dialogue_SirWorcestershire_09_Move,resources.assets
932586422,Dialogue,Dialogue_SirWorcestershire_10_InHouse,resources.assets
768139446,Dialogue,Dialogue_TargetAudience_AdultsClub_GenericIntro,resources.assets
-901499517,Dialogue,Dialogue_TargetAudience_AdultsClub_GenericOutroBad,resources.assets
757498476,Dialogue,Dialogue_TargetAudience_AdultsClub_GenericOutroGood,resources.assets
-464428417,Dialogue,Dialogue_TargetAudience_CityAdmin_01_WelcomeToWoodenHollyMainBuildingStart,resources.assets
436840033,Dialogue,Dialogue_TargetAudience_CityAdmin_GenericIntro,resources.assets
-1336942886,Dialogue,Dialogue_TargetAudience_CityAdmin_GenericOutroBad,resources.assets
-1721255927,Dialogue,Dialogue_TargetAudience_CityAdmin_GenericOutroGood,resources.assets
-982713172,Dialogue,Dialogue_TargetAudience_CityAdmin_UnlockResidentialBuildings,resources.assets
-1736802373,Dialogue,Dialogue_TargetAudience_CityAdmin_UnlockTelevisionTower,resources.assets
755764781,Dialogue,Dialogue_TargetAudience_FitnessFreaks_GenericIntro,resources.assets
266070287,Dialogue,Dialogue_TargetAudience_FitnessFreaks_GenericOutroBad,resources.assets
1517753853,Dialogue,Dialogue_TargetAudience_FitnessFreaks_GenericOutroGood,resources.assets
1103795971,Dialogue,Dialogue_TargetAudience_Industry_GenericIntro,resources.assets
-1288158223,Dialogue,Dialogue_TargetAudience_Industry_GenericOutroBad,resources.assets
-1521964306,Dialogue,Dialogue_TargetAudience_Industry_GenericOutroGood,resources.assets
-782279664,Dialogue,Dialogue_TargetAudience_Moneybags_GenericIntro,resources.assets
-26913770,Dialogue,Dialogue_TargetAudience_Moneybags_GenericOutroBad,resources.assets
1398390112,Dialogue,Dialogue_TargetAudience_Moneybags_GenericOutroGood,resources.assets
975880793,Dialogue,Dialogue_TargetAudience_Nerds_GenericIntro,resources.assets
673549226,Dialogue,Dialogue_TargetAudience_Nerds_GenericOutroBad,resources.assets
1843889833,Dialogue,Dialogue_TargetAudience_Nerds_GenericOutroGood,resources.assets
-764688962,Dialogue,Dialogue_TargetAudience_Rascals_GenericIntro,resources.assets
326319141,Dialogue,Dialogue_TargetAudience_Rascals_GenericOutroBad,resources.assets
-468391028,Dialogue,Dialogue_TargetAudience_Rascals_GenericOutroGood,resources.assets
1628065678,Dialogue,Dialogue_TargetAudience_Survivalists_GenericIntro,resources.assets
163729351,Dialogue,Dialogue_TargetAudience_Survivalists_GenericOutroBad,resources.assets
-204450824,Dialogue,Dialogue_TargetAudience_Survivalists_GenericOutroGood,resources.assets
-634246439,Dialogue,Dialogue_TurtleSabotage_01_Help,resources.assets
-1927940075,Dialogue,Dialogue_TurtleSabotage_01_Introduction,resources.assets
-901661572,Dialogue,Dialogue_TurtleSabotage_02_GotUpgradeFirstAttack,resources.assets
924852856,Dialogue,Dialogue_Tutorial_01_Intro,resources.assets
69008776,Dialogue,Dialogue_Tutorial_01_Skipped,resources.assets
-2088950480,Dialogue,Dialogue_Tutorial_01_TryToSkip,resources.assets
-750041526,Dialogue,Dialogue_Tutorial_02_Intro,resources.assets
13446879,Dialogue,Dialogue_Tutorial_03_Intro,resources.assets
1625473919,Dialogue,Dialogue_Tutorial_04_Intro,resources.assets
-1307738618,Dialogue,Dialogue_Tutorial_05_Intro,resources.assets
-1642776171,Dialogue,Dialogue_Tutorial_06_Intro,resources.assets
-1647446709,Dialogue,Dialogue_Tutorial_07_Intro,resources.assets
-1640962239,Dialogue,Dialogue_Tutorial_08_Intro,resources.assets
1499359133,Dialogue,Dialogue_Tutorial_09_Intro,resources.assets
224138999,Dialogue,Dialogue_Tutorial_10_Intro,resources.assets
-1881723977,Dialogue,Dialogue_Tutorial_11_Intro,resources.assets
314821608,Dialogue,Dialogue_Tutorial_Outro,resources.assets
650341263,Dialogue,Dialogue_WoodGrindstone,resources.assets
2,InputActionAsset,InputSystem_Actions,globalgamemanagers.assets
1,MotionBlur,MotionBlur,globalgamemanagers.assets
32,PlatformMobileLow,FMODStudioSettingsPlatform,resources.assets
12,PlatformPlayInEditor,FMODStudioSettingsPlatform,resources.assets
233911803,Recipe,Beehouse,resources.assets
1463584997,Recipe,BlueprintTable,resources.assets
1963388949,Recipe,BoberWorkbench,resources.assets
622400354,Recipe,BoberWorkbenchInCave,resources.assets
-985976179,Recipe,Bridge,resources.assets
1213914721,Recipe,CampingChair01,resources.assets
819887672,Recipe,CaveBridgeLever,resources.assets
-2004787512,Recipe,CityCrafter,resources.assets
535941795,Recipe,City_AdSigns,resources.assets
-1467921913,Recipe,City_Banks,resources.assets
58228276,Recipe,City_BotanicalGarden,resources.assets
-1766891218,Recipe,City_HotAirBalloon,resources.assets
952112322,Recipe,City_Hotels,resources.assets
-1294140225,Recipe,City_MainTower,resources.assets
-2088617869,Recipe,City_NameLetters,resources.assets
-1956592130,Recipe,City_ResidentialBuildings,resources.assets
1093067140,Recipe,City_TelevisionTower,resources.assets
-532270736,Recipe,CookingStation01,resources.assets
-1634053625,Recipe,Cooking_GrilledChicken,resources.assets
-1611599715,Recipe,Cooking_Marshmallow,resources.assets
-2050908340,Recipe,Cooking_Mushroom01,resources.assets
-1130144519,Recipe,Cooking_Mushroom02,resources.assets
-102453499,Recipe,Cooking_Mushroom03,resources.assets
-533865748,Recipe,Cooking_Mushroom04,resources.assets
-806165716,Recipe,Cooking_Mushroom05,resources.assets
-376902689,Recipe,Drawer,resources.assets
-1029971267,Recipe,DronePlatform,resources.assets
2373198,Recipe,DuckSauce,resources.assets
243112555,Recipe,Fence,resources.assets
-899384329,Recipe,Furnace01,resources.assets
-2019647194,Recipe,FurnitureCrafter,resources.assets
-1589965625,Recipe,FurniturePackageWorcestershire_SimpleFurniture,resources.assets
-1566205484,Recipe,FurniturePackage_AdvancedFurniture,resources.assets
1231973827,Recipe,FurniturePackage_HouseUtensils,resources.assets
-1771048408,Recipe,FurniturePackage_NerdStuff,resources.assets
-1968663899,Recipe,FurniturePackage_SimpleFurniture,resources.assets
1057733760,Recipe,FurniturePackage_Toys,resources.assets
1680318845,Recipe,FurniturePackage_Weights,resources.assets
-885774317,Recipe,Furniture_Beehouse,resources.assets
1545942545,Recipe,Furniture_Candy_CandyDispenser,resources.assets
674371144,Recipe,Furniture_Carving_Bird,resources.assets
315364968,Recipe,Furniture_Carving_ChessBlackKing01,resources.assets
1613065806,Recipe,Furniture_Carving_ChessWhiteKing01,resources.assets
-1055817937,Recipe,Furniture_Carving_FemaleHeadBust01,resources.assets
827732047,Recipe,Furniture_Carving_FemaleSculpture01,resources.assets
564598552,Recipe,Furniture_Carving_FlowerOrnament01,resources.assets
-1080371706,Recipe,Furniture_Carving_MaleHeadBust01,resources.assets
1346433190,Recipe,Furniture_Carving_MaleHeadBust02,resources.assets
-626093721,Recipe,Furniture_Carving_ShellOrnament01,resources.assets
845417747,Recipe,Furniture_Carving_WavingCat,resources.assets
1556143773,Recipe,Furniture_Hamstertech_Tricycle,resources.assets
-54652227,Recipe,Furniture_Hamstertech_Ventilator01,resources.assets
1596715501,Recipe,Furniture_Log_Bench01,resources.assets
-365415572,Recipe,Furniture_Log_Bench02,resources.assets
485271263,Recipe,Furniture_Log_Stool01,resources.assets
1707949939,Recipe,Furniture_Log_Table01,resources.assets
1922119115,Recipe,Furniture_Nerds_ChemieKit01,resources.assets
-1363181523,Recipe,Furniture_Nerds_ChemieKit02,resources.assets
1762603041,Recipe,Furniture_Nerds_Console,resources.assets
2139577931,Recipe,Furniture_Nerds_Controller,resources.assets
-772123639,Recipe,Furniture_Stone_StoneArmchair,resources.assets
-37254976,Recipe,Furniture_Stone_StoneBeanbag,resources.assets
-1586571040,Recipe,Furniture_Tech_Boombox01,resources.assets
855118335,Recipe,Furniture_Torture_Cage01,resources.assets
140907368,Recipe,Furniture_Torture_Chair01,resources.assets
1039474272,Recipe,Furniture_cabin_Door01,resources.assets
217143710,Recipe,Furniture_cabin_Window01,resources.assets
-417809861,Recipe,Furniture_regular_BirdHouse01,resources.assets
1262110501,Recipe,Furniture_regular_Bookshelf01,resources.assets
2101807151,Recipe,Furniture_regular_Bookshelf02,resources.assets
-790416793,Recipe,Furniture_regular_Chair01,resources.assets
1473406441,Recipe,Furniture_regular_NightStand01,resources.assets
-1337201033,Recipe,Furniture_regular_NightStandTinFoil01,resources.assets
-1858063438,Recipe,Furniture_regular_Stool01,resources.assets
2042232895,Recipe,Furniture_regular_Table01,resources.assets
-984980119,Recipe,Furniture_regular_TilesTable01,resources.assets
1417427257,Recipe,Furniture_special_AssembleSirWorcestershire,resources.assets
-1455137563,Recipe,Furniture_special_AssembleWindmill,resources.assets
449384408,Recipe,Furniture_special_LavaShoes,resources.assets
-170503420,Recipe,Furniture_special_SirWorcestershireCastleBoard,resources.assets
-1954054351,Recipe,Furniture_tech_MailboxHolder,resources.assets
1644609759,Recipe,GiveCutMushrooms,resources.assets
-2069026762,Recipe,GrindstoneMetal,resources.assets
1808745677,Recipe,GrindstoneStone,resources.assets
-1653542778,Recipe,GrindstoneWood,resources.assets
656813825,Recipe,Hamster,resources.assets
1564691587,Recipe,HamsterCage,resources.assets
-251315955,Recipe,HamsterHouse,resources.assets
-1430138603,Recipe,HamsterPicklesChoco,resources.assets
972827470,Recipe,HamsterPillows,resources.assets
964823515,Recipe,HamsterTakePickles,resources.assets
-668757086,Recipe,HamsterTakePillows,resources.assets
-515407312,Recipe,HouseFoundation,resources.assets
-604444594,Recipe,HouseFramework,resources.assets
-685786299,Recipe,HousePlanks,resources.assets
581422455,Recipe,HouseRailings,resources.assets
-711089561,Recipe,HouseRoof,resources.assets
1596570233,Recipe,HouseSideTent,resources.assets
-1459541196,Recipe,HouseSign,resources.assets
-1605537569,Recipe,HouseStairs,resources.assets
-118179573,Recipe,HouseUpgradeWorcestershire_CookingStation,resources.assets
-1013049238,Recipe,HouseUpgradeWorcestershire_Treadmill,resources.assets
463588379,Recipe,HouseUpgradeWorcestershire_WeightBench,resources.assets
-1303659117,Recipe,HouseUpgradeWorcestershire_WorkhallButtonContainerFurnitureCrafter,resources.assets
-1699632411,Recipe,HouseUpgradeWorcestershire_WorkhallButtonContainerSawMachine,resources.assets
-1682531328,Recipe,HouseUpgradeWorcestershire_WorkhallFoundation01,resources.assets
-606439010,Recipe,HouseUpgradeWorcestershire_WorkhallFoundation02,resources.assets
679189263,Recipe,HouseUpgradeWorcestershire_WorkhallFoundation03,resources.assets
-715332912,Recipe,HouseUpgradeWorcestershire_WorkhallFurnitureCrafter,resources.assets
175907117,Recipe,HouseUpgradeWorcestershire_WorkhallFurnitureCrafterContainer,resources.assets
564421110,Recipe,HouseUpgradeWorcestershire_WorkhallPipingIntake,resources.assets
1587295092,Recipe,HouseUpgradeWorcestershire_WorkhallRailings,resources.assets
201942338,Recipe,HouseUpgradeWorcestershire_WorkhallSawMachine,resources.assets
221478266,Recipe,HouseUpgradeWorcestershire_WorkhallSawMachineContainer,resources.assets
-1041970453,Recipe,HouseWalls,resources.assets
901693555,Recipe,HouseWindowsAndDoors,resources.assets
1849722490,Recipe,Lewis,resources.assets
-1577209394,Recipe,Mailbox,resources.assets
1121231226,Recipe,NOT_USED_Furniture_tech_PC01,resources.assets
-417883811,Recipe,PCWorld,resources.assets
-552179452,Recipe,PlayerStat_Treadmill_MoveSpeed,resources.assets
-1309203773,Recipe,PlayerStat_Treadmill_MoveSpeed2,resources.assets
774758504,Recipe,PlayerStat_Treadmill_MoveSpeed3,resources.assets
-1399244629,Recipe,PlayerStat_Treadmill_Stamina,resources.assets
-706059649,Recipe,PlayerStat_Treadmill_Stamina2,resources.assets
420804475,Recipe,PlayerStat_Treadmill_Stamina3,resources.assets
-1669531857,Recipe,PlayerStat_WeightBench_Strength,resources.assets
-470150168,Recipe,PlayerStat_WeightBench_Strength2,resources.assets
-152980276,Recipe,PlayerStat_WeightBench_Strength3,resources.assets
1614717623,Recipe,Refined_AppleWood_FullTrunk,resources.assets
-702236808,Recipe,Refined_AppleWood_HalfTrunk,resources.assets
-1660654611,Recipe,Refined_BirchBeam01,resources.assets
441537365,Recipe,Refined_BirchPlank01,resources.assets
-1633618650,Recipe,Refined_BirchWood_FullTrunk,resources.assets
-1762386716,Recipe,Refined_BirchWood_HalfTrunk,resources.assets
-578831105,Recipe,Refined_ElectroWood_FullTrunk,resources.assets
20112423,Recipe,Refined_ElectroWood_HalfTrunk,resources.assets
1502354626,Recipe,Refined_FirewoodApple,resources.assets
-933966371,Recipe,Refined_FirewoodBirch,resources.assets
-1784235748,Recipe,Refined_FirewoodMetal,resources.assets
-245102674,Recipe,Refined_FirewoodWalnut,resources.assets
1898973371,Recipe,Refined_Furnace_CogWheel,resources.assets
-2047275757,Recipe,Refined_Furnace_Nails,resources.assets
-474126392,Recipe,Refined_Furnace_Screws,resources.assets
1735716564,Recipe,Refined_MetalWood_FullTrunk,resources.assets
-1942582799,Recipe,Refined_MetalWood_HalfTrunk,resources.assets
-1204579701,Recipe,Refined_PalmWood_FullTrunk,resources.assets
1067514264,Recipe,Refined_PalmWood_HalfTrunk,resources.assets
155656336,Recipe,Refined_SmallBirchParts01,resources.assets
49902974,Recipe,Refined_SmallBirchParts01Rework,resources.assets
-693501554,Recipe,Refined_SmallWalnutParts01,resources.assets
637374237,Recipe,Refined_StoneWood_FullTrunk,resources.assets
1637296357,Recipe,Refined_StoneWood_HalfTrunk,resources.assets
-1810150674,Recipe,Refined_WalnutBeam01,resources.assets
926188438,Recipe,Refined_WalnutPlank01,resources.assets
-1939502423,Recipe,Refined_WalnutWood_FullTrunk,resources.assets
1232205063,Recipe,Refined_WalnutWood_HalfTrunk,resources.assets
925421105,Recipe,Sawhorse,resources.assets
-642570534,Recipe,Tech_Mailbox,resources.assets
-1569533536,Recipe,Tech_PC,resources.assets
717570405,Recipe,TeleporterArea2,resources.assets
-1342639431,Recipe,TeleporterArea4,resources.assets
540274368,Recipe,TeleporterArea5,resources.assets
-1297599326,Recipe,TeleporterCave,resources.assets
1293453615,Recipe,ToiletHouse,resources.assets
602082464,Recipe,Tools_Axe_Metal,resources.assets
56873927,Recipe,Tools_Axe_Metal_Tier2,resources.assets
-1591867772,Recipe,Tools_Axe_Metal_Tier3,resources.assets
1768569870,Recipe,Tools_Axe_Metal_Tier4,resources.assets
749664716,Recipe,Tools_Axe_Stone,resources.assets
-1182325368,Recipe,Tools_Axe_Stone_Tier2,resources.assets
761133229,Recipe,Tools_Axe_Stone_Tier3,resources.assets
-5621051,Recipe,Tools_Axe_Stone_Tier4,resources.assets
217601153,Recipe,Tools_Axe_Wood,resources.assets
2071169123,Recipe,Tools_Axe_Wood_Tier2,resources.assets
-1565764970,Recipe,Tools_Axe_Wood_Tier3,resources.assets
1468506931,Recipe,Tools_Axe_Wood_Tier4,resources.assets
-770726219,Recipe,Toys_Horse01,resources.assets
108305306,Recipe,Toys_Plane01,resources.assets
1419971884,Recipe,Toys_Sword01,resources.assets
1195766917,Recipe,Toys_Train01,resources.assets
695441180,Recipe,Treadmill,resources.assets
-1872607929,Recipe,TurtleUpgrade01,resources.assets
437337773,Recipe,Turtle_Upgrade01,resources.assets
-246062464,Recipe,VoidGate,resources.assets
-2043229904,Recipe,WeightBench,resources.assets
1562405,Recipe,Weights_Barbell01,resources.assets
-1251650199,Recipe,Weights_Bench01,resources.assets
1947291639,Recipe,Weights_Dumbbells01,resources.assets
-1508549824,Recipe,WindmillWing01,resources.assets
1464832067,Recipe,WindmillWing02,resources.assets
1137357198,Recipe,WindmillWing03,resources.assets
805567415,Recipe,WindmillWing04,resources.assets
-1115336345,Recipe,WoodElevator,resources.assets
-1057314121,Recipe,WorcestershireBoard,resources.assets
-1365921847,Recipe,WorcestershireInHouse,resources.assets
1009617291,Recipe,WorcestershireStraw,resources.assets
-2116180308,Recipe,WorkhallAutoFurnace,resources.assets
1337238225,Recipe,WorkhallButtonContainerFurnitureCrafter,resources.assets
111351372,Recipe,WorkhallButtonContainerSawMachine,resources.assets
-141204305,Recipe,WorkhallFoundation01,resources.assets
-430251526,Recipe,WorkhallFoundation02,resources.assets
1884706254,Recipe,WorkhallFoundation03,resources.assets
-1934251883,Recipe,WorkhallFurnitureCrafter,resources.assets
-1165605581,Recipe,WorkhallFurnitureCrafterContainer,resources.assets
-425333040,Recipe,WorkhallPipingIntake,resources.assets
-1428460263,Recipe,WorkhallRailings01,resources.assets
1450220810,Recipe,WorkhallSawMachine,resources.assets
1387846263,Recipe,WorkhallSawMachineContainer,resources.assets
-614178923,RecipeContainer,BlueprintTableRecipes,resources.assets
-878279518,RecipeContainer,BoberCarvingCrafterRecipes,resources.assets
548085806,RecipeContainer,BoberCarvingWorkbench,resources.assets
-259957200,RecipeContainer,BobersWorkbenchInCave,resources.assets
-1631969862,RecipeContainer,BuildBeehouse,resources.assets
-859329795,RecipeContainer,BuildBlueprintTable,resources.assets
659334766,RecipeContainer,BuildCampingChair01,resources.assets
-478945049,RecipeContainer,BuildCityCrafter,resources.assets
1526160997,RecipeContainer,BuildCookingStation01,resources.assets
-827151361,RecipeContainer,BuildDrawer,resources.assets
48700580,RecipeContainer,BuildFence,resources.assets
2070186082,RecipeContainer,BuildFurnace01,resources.assets
-1072655452,RecipeContainer,BuildFurnitureCrafter,resources.assets
-418166005,RecipeContainer,BuildGrindStoneMetal,resources.assets
-720192580,RecipeContainer,BuildGrindStoneStone,resources.assets
326796717,RecipeContainer,BuildGrindStoneWood,resources.assets
-804607295,RecipeContainer,BuildHamsterCage,resources.assets
-2090470723,RecipeContainer,BuildHouseFoundation,resources.assets
845951217,RecipeContainer,BuildHouseFramework,resources.assets
-883110872,RecipeContainer,BuildHousePlanks,resources.assets
729256956,RecipeContainer,BuildHouseRailings,resources.assets
1160766069,RecipeContainer,BuildHouseRoof,resources.assets
-173308390,RecipeContainer,BuildHouseSideTent,resources.assets
2039187280,RecipeContainer,BuildHouseSign,resources.assets
1426534216,RecipeContainer,BuildHouseStairs,resources.assets
912470505,RecipeContainer,BuildHouseWalls,resources.assets
1315698943,RecipeContainer,BuildHouseWindowsAndDoors,resources.assets
-736858953,RecipeContainer,BuildMailbox,resources.assets
1909881367,RecipeContainer,BuildPC,resources.assets
-2016807083,RecipeContainer,BuildSawhorse,resources.assets
-1751693333,RecipeContainer,BuildTeleporterArea2,resources.assets
1230571196,RecipeContainer,BuildTeleporterArea4,resources.assets
711075787,RecipeContainer,BuildTeleporterArea5,resources.assets
764185309,RecipeContainer,BuildTeleporterCave,resources.assets
2088460631,RecipeContainer,BuildTreadmill,resources.assets
-1505047679,RecipeContainer,BuildWeightBench,resources.assets
-860072325,RecipeContainer,BuildWoodElevator,resources.assets
430822624,RecipeContainer,BuildWorcestershireInHouse,resources.assets
-1314859815,RecipeContainer,BuildWorkhallAutoFurnace,resources.assets
-15568953,RecipeContainer,BuildWorkhallButtonContainerFurnitureCrafter,resources.assets
-1498753770,RecipeContainer,BuildWorkhallButtonContainerSawmachine,resources.assets
955949859,RecipeContainer,BuildWorkhallFoundation01,resources.assets
-1561295842,RecipeContainer,BuildWorkhallFoundation02,resources.assets
186820576,RecipeContainer,BuildWorkhallFoundation03,resources.assets
1959696295,RecipeContainer,BuildWorkhallFurnitureCrafter,resources.assets
-690693090,RecipeContainer,BuildWorkhallFurnitureCrafterContainer,resources.assets
2119731602,RecipeContainer,BuildWorkhallPipingIntake,resources.assets
42904887,RecipeContainer,BuildWorkhallRailings01,resources.assets
-692820931,RecipeContainer,BuildWorkhallSawMachine,resources.assets
1374333742,RecipeContainer,BuildWorkhallSawMachineContainer,resources.assets
-875488969,RecipeContainer,CampfireRecipes,resources.assets
-214300675,RecipeContainer,ChopChopLogRecipes,resources.assets
-1963852325,RecipeContainer,CityCrafterRecipes,resources.assets
-507026489,RecipeContainer,CookingStationRecipes,resources.assets
2061858945,RecipeContainer,DuckSauceRecipe,resources.assets
1136895455,RecipeContainer,DucksGiveCutMushroomsRecipeContainer,resources.assets
853319410,RecipeContainer,DucksMushroomsCutRecipes,resources.assets
1938780916,RecipeContainer,FishCrafterRecipes,resources.assets
-2012440931,RecipeContainer,FurnaceRecipes,resources.assets
1352864759,RecipeContainer,FurnitureCrafterRecipes,resources.assets
419118521,RecipeContainer,FurnitureCrafterSimpleRecipes,resources.assets
825760962,RecipeContainer,GiveToiletPaper,resources.assets
211586516,RecipeContainer,GrindStone,resources.assets
-950047629,RecipeContainer,GrindStoneRecipesMetal,resources.assets
-1840940701,RecipeContainer,GrindStoneRecipesStone,resources.assets
1240701549,RecipeContainer,GrindStoneRecipesWood,resources.assets
-1664058842,RecipeContainer,HamsterTakePickles,resources.assets
23663164,RecipeContainer,HamsterTakePillow,resources.assets
-648903460,RecipeContainer,LewisRecipeContainer,resources.assets
533936603,RecipeContainer,PickleMixIntake,resources.assets
442582886,RecipeContainer,RepairBridge,resources.assets
1763178400,RecipeContainer,RepairCaveBridgeLever,resources.assets
-928760987,RecipeContainer,RepairDronePlatform,resources.assets
1486139548,RecipeContainer,RepairWindmill,resources.assets
503126779,RecipeContainer,SawhorseRecipes,resources.assets
-1822226863,RecipeContainer,SawhorseRecipesRework,resources.assets
784719733,RecipeContainer,TradeHamster,resources.assets
-2126747860,RecipeContainer,TreadmillRecipes,resources.assets
-427544605,RecipeContainer,Turtle_Recipe_Container,resources.assets
12282041,RecipeContainer,VoidGateRecipe01,resources.assets
-1079720314,RecipeContainer,WeightBenchRecipes,resources.assets
16375840,RecipeContainer,WindmillCrafterRecipes,resources.assets
1477245190,RecipeContainer,WorcestershireAddBoard,resources.assets
271546006,RecipeContainer,WorcestershireAddStraw,resources.assets
-444834621,RecipeContainer,WorcestershireResearchTableRecipes,resources.assets
-2038559048,ShopCatalogue,Catalogue_Food,resources.assets
-720468716,ShopCatalogue,Catalogue_Misc,resources.assets
5,TMP_FontAsset,CarterOne-Regular SDF,resources.assets
11,TMP_StyleSheet,Default Style Sheet,resources.assets
310143475,TargetAudience,TargetAudience_AdultsClub,resources.assets
1406260674,TargetAudience,TargetAudience_CityAdministration,resources.assets
-1122414628,TargetAudience,TargetAudience_FitnessFreaks,resources.assets
-599433676,TargetAudience,TargetAudience_Industry,resources.assets
868860596,TargetAudience,TargetAudience_MainGoalOnly_WoodenHorses,resources.assets
909842168,TargetAudience,TargetAudience_Moneybags,resources.assets
1725432289,TargetAudience,TargetAudience_Nerds,resources.assets
1107869253,TargetAudience,TargetAudience_Rascals,resources.assets
289014270,TargetAudience,TargetAudience_Survivalists,resources.assets
13,UniversalRenderPipelineAsset,Universal Render Pipeline Asset,globalgamemanagers.assets
21,VolumeProfile,DefaultVolumeProfile,globalgamemanagers.assets
7,VolumeProfile,PP_Buff,resources.assets
6,VolumeProfile,PP_DeBuff,resources.assets
10,VolumeProfile,PP_Dungeon,sharedassets2.assets
4,VolumeProfile,PP_Hell,sharedassets2.assets
8,VolumeProfile,PP_House,resources.assets
9,VolumeProfile,PP_Snow,sharedassets2.assets
0,WorldObject,Area3Killzone,level2
2100982440,WorldObject,Cheat_AllStats,resources.assets
-499153065,WorldObject,Grindstone_Wood,resources.assets
-1590218598,WorldObject,HiddenMission_HamsterCave_01_BuildingHamsterFence01,resources.assets
17538087,WorldObject,HiddenMission_HamsterCave_01_BuildingHamsterFence02,resources.assets
442901550,WorldObject,HiddenMission_HamsterCave_01_BuildingHamsterFence03,resources.assets
-976797530,WorldObject,HiddenMission_HamsterCave_01_BuildingHamsterFence04,resources.assets
698900534,WorldObject,HiddenMission_HamsterCave_01_BuildingHamsterFence05,resources.assets
509805387,WorldObject,HiddenMission_HamsterCave_01_BuildingHamsterFence06,resources.assets
1835244523,WorldObject,HiddenMission_HamsterCave_01_BuildingHamsterFence07,resources.assets
1570385117,WorldObject,HiddenMission_HamsterCave_01_BuildingHamsterFence08,resources.assets
693679658,WorldObject,HiddenMission_HamsterCave_01_BuildingHamsterFence09,resources.assets
-1970559493,WorldObject,HiddenMission_HamsterCave_01_BuildingHamsterFence10,resources.assets
-728802281,WorldObject,HiddenMission_HamsterCave_01_BuildingHamsterhouse01,resources.assets
1052248222,WorldObject,HiddenMission_HomeSweetHome_15_BuildingFoundation,resources.assets
-203874667,WorldObject,HiddenMission_HomeSweetHome_16_BuildingStairs01,resources.assets
-1800451219,WorldObject,HiddenMission_HomeSweetHome_16_BuildingStairs02,resources.assets
1819803186,WorldObject,HiddenMission_HomeSweetHome_16_CheckIfStairsBuilt,resources.assets
-1027150885,WorldObject,HiddenMission_HomeSweetHome_17_BuildingPlanks01,resources.assets
-489744927,WorldObject,HiddenMission_HomeSweetHome_17_BuildingPlanks02,resources.assets
1065103469,WorldObject,HiddenMission_HomeSweetHome_17_BuildingPlanks03,resources.assets
-1119488553,WorldObject,HiddenMission_HomeSweetHome_17_BuildingPlanks04,resources.assets
-451373427,WorldObject,HiddenMission_HomeSweetHome_17_BuildingPlanks05,resources.assets
-510027542,WorldObject,HiddenMission_HomeSweetHome_17_BuildingPlanks06,resources.assets
589361311,WorldObject,HiddenMission_HomeSweetHome_17_BuildingPlanks07,resources.assets
-45871726,WorldObject,HiddenMission_HomeSweetHome_17_BuildingPlanks08,resources.assets
-210184469,WorldObject,HiddenMission_HomeSweetHome_17_BuildingPlanks09,resources.assets
909264900,WorldObject,HiddenMission_HomeSweetHome_17_BuildingPlanks10,resources.assets
-1634354541,WorldObject,HiddenMission_HomeSweetHome_17_BuildingPlanks11,resources.assets
-1994937152,WorldObject,HiddenMission_HomeSweetHome_17_BuildingPlanks12,resources.assets
213903118,WorldObject,HiddenMission_HomeSweetHome_17_CheckIfPlanksBuilt,resources.assets
-1585532111,WorldObject,HiddenMission_HomeSweetHome_18_BuildingFramework,resources.assets
-1798974797,WorldObject,HiddenMission_HomeSweetHome_18_CheckIfFrameworkBuilt,resources.assets
1515132381,WorldObject,HiddenMission_HomeSweetHome_19_BuildingWall01,resources.assets
-375106457,WorldObject,HiddenMission_HomeSweetHome_19_BuildingWall02,resources.assets
-1762184942,WorldObject,HiddenMission_HomeSweetHome_19_BuildingWall03,resources.assets
-2009673107,WorldObject,HiddenMission_HomeSweetHome_19_BuildingWall04,resources.assets
1990367724,WorldObject,HiddenMission_HomeSweetHome_19_BuildingWall05,resources.assets
-1878574947,WorldObject,HiddenMission_HomeSweetHome_19_BuildingWall06,resources.assets
-1629729938,WorldObject,HiddenMission_HomeSweetHome_19_BuildingWall07,resources.assets
1421635010,WorldObject,HiddenMission_HomeSweetHome_19_BuildingWall08,resources.assets
-548906275,WorldObject,HiddenMission_HomeSweetHome_19_BuildingWall09,resources.assets
-1355407041,WorldObject,HiddenMission_HomeSweetHome_19_BuildingWall10,resources.assets
191747116,WorldObject,HiddenMission_HomeSweetHome_19_CheckIfWallsBuilt,resources.assets
-1639069329,WorldObject,HiddenMission_HomeSweetHome_20_BuildingRoof01,resources.assets
1574344896,WorldObject,HiddenMission_HomeSweetHome_20_BuildingRoof02,resources.assets
-24166093,WorldObject,HiddenMission_HomeSweetHome_20_BuildingRoof03,resources.assets
-1928621681,WorldObject,HiddenMission_HomeSweetHome_20_BuildingRoof04,resources.assets
-892271140,WorldObject,HiddenMission_HomeSweetHome_20_BuildingRoof05,resources.assets
-205481991,WorldObject,HiddenMission_HomeSweetHome_20_BuildingRoof06,resources.assets
-608089348,WorldObject,HiddenMission_HomeSweetHome_20_BuildingRoof07,resources.assets
-1924852227,WorldObject,HiddenMission_HomeSweetHome_20_BuildingRoof08,resources.assets
-1946064537,WorldObject,HiddenMission_HomeSweetHome_20_BuildingRoof09,resources.assets
615719147,WorldObject,HiddenMission_HomeSweetHome_20_CheckIfRoofBuilt,resources.assets
-526786207,WorldObject,HiddenMission_HomeSweetHome_21_BuildingRailings01,resources.assets
1573371824,WorldObject,HiddenMission_HomeSweetHome_21_BuildingRailings02,resources.assets
-1671750374,WorldObject,HiddenMission_HomeSweetHome_21_BuildingRailings03,resources.assets
-1822664825,WorldObject,HiddenMission_HomeSweetHome_21_BuildingRailings04,resources.assets
1413358371,WorldObject,HiddenMission_HomeSweetHome_21_BuildingRailings05,resources.assets
-506422849,WorldObject,HiddenMission_HomeSweetHome_21_BuildingRailings06,resources.assets
217161532,WorldObject,HiddenMission_HomeSweetHome_21_BuildingRailings07,resources.assets
39788750,WorldObject,HiddenMission_HomeSweetHome_21_BuildingRailings08,resources.assets
163046489,WorldObject,HiddenMission_HomeSweetHome_21_BuildingRailings09,resources.assets
1319908726,WorldObject,HiddenMission_HomeSweetHome_21_BuildingRailings10,resources.assets
331394670,WorldObject,HiddenMission_HomeSweetHome_21_BuildingRailings11,resources.assets
-745993348,WorldObject,HiddenMission_HomeSweetHome_21_BuildingRailings12,resources.assets
-913420890,WorldObject,HiddenMission_HomeSweetHome_21_CheckIfRailingsBuilt,resources.assets
-331246336,WorldObject,HiddenMission_HomeSweetHome_22_BuildingSideTent,resources.assets
-1093364381,WorldObject,HiddenMission_HomeSweetHome_22_CheckIfSideTentBuilt,resources.assets
711078788,WorldObject,HiddenMission_HomeSweetHome_23_BuildingSign,resources.assets
-2137008852,WorldObject,HiddenMission_HomeSweetHome_23_CheckIfSignBuilt,resources.assets
-364195565,WorldObject,HiddenMission_HomeSweetHome_24_CheckIfWindowsAndDoorsBuilt,resources.assets
-1192270271,WorldObject,HiddenMission_HomeSweetHome_24a_HomeSweetHomeUI,resources.assets
-563388240,WorldObject,HiddenMission_HomeSweetHome_24a_SpawnCookinStationWeigthbenchTredmillSlots,resources.assets
-235303247,WorldObject,HiddenMission_HomeSweetHome_25_LayTheFoundationCheck,resources.assets
-1705151019,WorldObject,HiddenMission_HomeSweetHome_26_DEMOSIGN,resources.assets
-78331249,WorldObject,HiddenMission_HomeSweetHome_Test,resources.assets
-1529460911,WorldObject,HitBoxServant,resources.assets
-843517579,WorldObject,Item_AluminiumFoil,resources.assets
-983099534,WorldObject,Item_Amberstone01,resources.assets
-289530651,WorldObject,Item_Animal_Hamster01,resources.assets
472458998,WorldObject,Item_Apple,resources.assets
1995122607,WorldObject,Item_Axe_Crystal,resources.assets
2009790915,WorldObject,Item_Axe_Lucille,resources.assets
1185295141,WorldObject,Item_Axe_Metal,resources.assets
-901606502,WorldObject,Item_Axe_Metal_Tier2,resources.assets
1651783194,WorldObject,Item_Axe_Metal_Tier3,resources.assets
-296800848,WorldObject,Item_Axe_Metal_Tier4,resources.assets
705645671,WorldObject,Item_Axe_Stamp,resources.assets
33215566,WorldObject,Item_Axe_Stone,resources.assets
-1458996777,WorldObject,Item_Axe_Stone_Tier2,resources.assets
-108248312,WorldObject,Item_Axe_Stone_Tier3,resources.assets
-36699974,WorldObject,Item_Axe_Stone_Tier4,resources.assets
-685859587,WorldObject,Item_Axe_Wood,resources.assets
-933801296,WorldObject,Item_Axe_Wood_Tier2,resources.assets
181576774,WorldObject,Item_Axe_Wood_Tier3,resources.assets
-273275105,WorldObject,Item_Axe_Wood_Tier4,resources.assets
-1393253354,WorldObject,Item_Axe_WoodenSword,resources.assets
778297096,WorldObject,Item_Backpack,resources.assets
1503045946,WorldObject,Item_BeverageHolderSet,resources.assets
-2069558327,WorldObject,Item_BoxOfLetters,resources.assets
1924402142,WorldObject,Item_Burger,resources.assets
-1833113400,WorldObject,Item_CabinDoor01,resources.assets
-411375347,WorldObject,Item_CabinWindow01,resources.assets
-2058586755,WorldObject,Item_Cable,resources.assets
656326905,WorldObject,Item_CampingBottle,resources.assets
1732007779,WorldObject,Item_CampingChair,resources.assets
1220025880,WorldObject,Item_CampingLamp,resources.assets
698131790,WorldObject,Item_ChickenLegGrilled,resources.assets
462830133,WorldObject,Item_ChickenLegGrilledBitten,resources.assets
-875799430,WorldObject,Item_ChickenLegRaw,resources.assets
-1369158848,WorldObject,Item_ChocolateCream,resources.assets
2069032332,WorldObject,Item_Clamp,resources.assets
-1698256041,WorldObject,Item_Coconut01,resources.assets
1335316157,WorldObject,Item_Coconut02,resources.assets
-569914372,WorldObject,Item_Coffee,resources.assets
533620777,WorldObject,Item_Cork,resources.assets
1828766693,WorldObject,Item_Croissant,resources.assets
1532041030,WorldObject,Item_Donut,resources.assets
1977241027,WorldObject,Item_Doorbell,resources.assets
-44842821,WorldObject,Item_Egg,resources.assets
873729925,WorldObject,Item_EggGolden,resources.assets
-530076875,WorldObject,Item_ElectronicParts,resources.assets
445820491,WorldObject,Item_FireWood_Apple01,resources.assets
-585615753,WorldObject,Item_FireWood_Birch01,resources.assets
-252103839,WorldObject,Item_FireWood_Metal01,resources.assets
720614948,WorldObject,Item_FireWood_Walnut01,resources.assets
-1958008079,WorldObject,Item_Furniture_Candy_CandyDispenser01,resources.assets
810256312,WorldObject,Item_Furniture_Carving_Bird,resources.assets
796039531,WorldObject,Item_Furniture_Carving_Chess_BlackKing01,resources.assets
1271367852,WorldObject,Item_Furniture_Carving_Chess_WhiteKing01,resources.assets
-484767701,WorldObject,Item_Furniture_Carving_FemaleHeadBust01,resources.assets
-1419093512,WorldObject,Item_Furniture_Carving_FemaleSculpture01,resources.assets
-1278925321,WorldObject,Item_Furniture_Carving_FlowerOrnament01,resources.assets
165704225,WorldObject,Item_Furniture_Carving_MaleHeadBust01,resources.assets
-1882977212,WorldObject,Item_Furniture_Carving_MaleHeadBust02,resources.assets
-244350377,WorldObject,Item_Furniture_Carving_ShellOrnament01,resources.assets
-926938235,WorldObject,Item_Furniture_Carving_WavingCat,resources.assets
-954740455,WorldObject,Item_Furniture_Hamstertech_Tricycle,resources.assets
-251110231,WorldObject,Item_Furniture_Hamstertech_Ventilator,resources.assets
228043814,WorldObject,Item_Furniture_Log_Bench01,resources.assets
374220867,WorldObject,Item_Furniture_Log_Bench02,resources.assets
338913913,WorldObject,Item_Furniture_Log_Stool01,resources.assets
1919262135,WorldObject,Item_Furniture_Log_Table01,resources.assets
-1580542745,WorldObject,Item_Furniture_Nerds_ChemieKit01,resources.assets
-734948866,WorldObject,Item_Furniture_Nerds_ChemieKit02,resources.assets
-628519617,WorldObject,Item_Furniture_Nerds_Console,resources.assets
1187446271,WorldObject,Item_Furniture_Nerds_Controller,resources.assets
970779681,WorldObject,Item_Furniture_Regular_Birdhouse01,resources.assets
-1946537764,WorldObject,Item_Furniture_Regular_Bookshelf01,resources.assets
339152506,WorldObject,Item_Furniture_Regular_Bookshelf02,resources.assets
-935574128,WorldObject,Item_Furniture_Regular_Chair01,resources.assets
696117654,WorldObject,Item_Furniture_Regular_Hamsterhouse01,resources.assets
-1889329762,WorldObject,Item_Furniture_Regular_NightStand01,resources.assets
-2133663197,WorldObject,Item_Furniture_Regular_NightStandTinFoil01,resources.assets
1822852465,WorldObject,Item_Furniture_Regular_Stool01,resources.assets
1059808171,WorldObject,Item_Furniture_Regular_Table01,resources.assets
-767451832,WorldObject,Item_Furniture_Regular_Tilestable01,resources.assets
224180443,WorldObject,Item_Furniture_Special_SirWorcestershireCastleBoard02,resources.assets
-347741753,WorldObject,Item_Furniture_Special_SirWorcestershireCastleBoard03,resources.assets
-775971571,WorldObject,Item_Furniture_Special_SirWorcestershiresCastleBoard,resources.assets
-1626815918,WorldObject,Item_Furniture_Stone_RockArmchair01,resources.assets
627837677,WorldObject,Item_Furniture_Stone_RockBeanbag01,resources.assets
-1331687397,WorldObject,Item_Furniture_Tech_Boombox01,resources.assets
1085640110,WorldObject,Item_Furniture_Torture_Cage01,resources.assets
921664673,WorldObject,Item_Furniture_Torture_Chair01,resources.assets
-1677774049,WorldObject,Item_GoldenStraw,resources.assets
1725847889,WorldObject,Item_GrindStone_Wood,resources.assets
-1204568425,WorldObject,Item_HamsterFence,resources.assets
2117578715,WorldObject,Item_HayBalePiece,resources.assets
1968980533,WorldObject,Item_Honey,resources.assets
855980077,WorldObject,Item_HoneyJar01,resources.assets
-829867004,WorldObject,Item_HotDog,resources.assets
1798163877,WorldObject,Item_KeyToDungeon,resources.assets
1569461658,WorldObject,Item_Letter01,resources.assets
-1930709504,WorldObject,Item_Lewis,resources.assets
-137441278,WorldObject,Item_MarshmallowBag,resources.assets
-1940504796,WorldObject,Item_MarshmallowBurnt,resources.assets
2106414615,WorldObject,Item_MarshmallowNormal,resources.assets
938355598,WorldObject,Item_MarshmallowPerfect,resources.assets
-811946331,WorldObject,Item_Medicine,resources.assets
-1397753173,WorldObject,Item_Money,resources.assets
1746768234,WorldObject,Item_MushroomHead01,resources.assets
1805208359,WorldObject,Item_MushroomHead01Cut,resources.assets
-2078723751,WorldObject,Item_MushroomHead02,resources.assets
-1018858177,WorldObject,Item_MushroomHead02Cut,resources.assets
-708737173,WorldObject,Item_MushroomHead03,resources.assets
1328475094,WorldObject,Item_MushroomHead03Cut,resources.assets
-1933515781,WorldObject,Item_MushroomHead04,resources.assets
-685839944,WorldObject,Item_MushroomHead04Cut,resources.assets
-72605599,WorldObject,Item_MushroomHead05,resources.assets
1075139834,WorldObject,Item_MushroomHead05Cut,resources.assets
1125068272,WorldObject,Item_MushroomHeadCutable01,resources.assets
1769361903,WorldObject,Item_MushroomHeadCutable02,resources.assets
954948360,WorldObject,Item_MushroomHeadCutable03,resources.assets
1601106642,WorldObject,Item_MushroomHeadCutable04,resources.assets
-866461533,WorldObject,Item_MushroomHeadCutable05,resources.assets
726098678,WorldObject,Item_Oil,resources.assets
1331658425,WorldObject,Item_PackageOfGlass01,resources.assets
-820309185,WorldObject,Item_PackageOfRoofTiles01,resources.assets
1854614582,WorldObject,Item_PaintBucket,resources.assets
658696516,WorldObject,Item_PartyHose,resources.assets
-690427651,WorldObject,Item_Pickle,resources.assets
-1939853321,WorldObject,Item_PicklesChocolate,resources.assets
1495037538,WorldObject,Item_PicklesGlas,resources.assets
-359169224,WorldObject,Item_PieceOfShit,resources.assets
374858114,WorldObject,Item_PileOfNails,resources.assets
457250500,WorldObject,Item_PillowBroken,resources.assets
1325955121,WorldObject,Item_Pizza,resources.assets
-1217501134,WorldObject,Item_PortalCake,resources.assets
-1709124896,WorldObject,Item_ProteinShake,resources.assets
1754088589,WorldObject,Item_RawMaterial_Wood_Apple,resources.assets
832678487,WorldObject,Item_RawMaterial_Wood_Birch,resources.assets
-66441736,WorldObject,Item_RawMaterial_Wood_BirchChopChop,resources.assets
927320022,WorldObject,Item_RawMaterial_Wood_Crystal,resources.assets
661006723,WorldObject,Item_RawMaterial_Wood_Electronic,resources.assets
1345151148,WorldObject,Item_RawMaterial_Wood_Metal,resources.assets
-780345321,WorldObject,Item_RawMaterial_Wood_Palm,resources.assets
612233208,WorldObject,Item_RawMaterial_Wood_Stone,resources.assets
605331315,WorldObject,Item_RawMaterial_Wood_TrunkSplit_Apple,resources.assets
781908939,WorldObject,Item_RawMaterial_Wood_TrunkSplit_Birch,resources.assets
1152204061,WorldObject,Item_RawMaterial_Wood_TrunkSplit_Electro,resources.assets
362378741,WorldObject,Item_RawMaterial_Wood_TrunkSplit_Metal,resources.assets
-826417313,WorldObject,Item_RawMaterial_Wood_TrunkSplit_Palm,resources.assets
-1069081036,WorldObject,Item_RawMaterial_Wood_TrunkSplit_Stone,resources.assets
1443844607,WorldObject,Item_RawMaterial_Wood_TrunkSplit_Walnut,resources.assets
1803886320,WorldObject,Item_RawMaterial_Wood_Trunk_Apple,resources.assets
1164432156,WorldObject,Item_RawMaterial_Wood_Trunk_Birch,resources.assets
912705605,WorldObject,Item_RawMaterial_Wood_Trunk_Electro,resources.assets
-1662037360,WorldObject,Item_RawMaterial_Wood_Trunk_Metal,resources.assets
1649389666,WorldObject,Item_RawMaterial_Wood_Trunk_Palm,resources.assets
562470880,WorldObject,Item_RawMaterial_Wood_Trunk_Stone,resources.assets
-814292983,WorldObject,Item_RawMaterial_Wood_Trunk_Walnut,resources.assets
-460513208,WorldObject,Item_RawMaterial_Wood_Walnut,resources.assets
-606966375,WorldObject,Item_RefinedMaterial_Beam_Birch01,resources.assets
-395762217,WorldObject,Item_RefinedMaterial_Beam_Walnut01,resources.assets
-1999518381,WorldObject,Item_RefinedMaterial_Metal_Cogwheel01,resources.assets
-715207752,WorldObject,Item_RefinedMaterial_Plank_Birch01,resources.assets
-432454948,WorldObject,Item_RefinedMaterial_Plank_Walnut01,resources.assets
-1311155415,WorldObject,Item_RefinedMaterial_SmallParts_Birch01,resources.assets
989654935,WorldObject,Item_RefinedMaterial_SmallParts_Walnut01,resources.assets
1571024632,WorldObject,Item_RefinedMaterial_metalIngot01,resources.assets
-388153159,WorldObject,Item_RubberDuck01,resources.assets
-665388996,WorldObject,Item_RubberDuck01 Variant,resources.assets
-385432127,WorldObject,Item_RubberDuck02,resources.assets
-1706473791,WorldObject,Item_RubberDuck02 Variant,resources.assets
-1837623357,WorldObject,Item_RubberDuck03,resources.assets
1273779679,WorldObject,Item_RubberDuck03 Variant,resources.assets
1927355677,WorldObject,Item_RubberDuck04,resources.assets
919307794,WorldObject,Item_RubberDuck04 Variant,resources.assets
-1115390549,WorldObject,Item_RubberDuck05,resources.assets
1855535744,WorldObject,Item_RubberDuck05 Variant,resources.assets
613145063,WorldObject,Item_RubberDuck06,resources.assets
1027138045,WorldObject,Item_RubberDuck06 Variant,resources.assets
-895436007,WorldObject,Item_RubberDuck07,resources.assets
-49099720,WorldObject,Item_RubberDuck07 Variant,resources.assets
-1013251903,WorldObject,Item_RubberDuck08,resources.assets
1560501529,WorldObject,Item_RubberDuck08 Variant,resources.assets
-1409657020,WorldObject,Item_RubberDuck09,resources.assets
244937476,WorldObject,Item_RubberDuck09 Variant,resources.assets
716273484,WorldObject,Item_RubberDuck10,resources.assets
-2067901391,WorldObject,Item_RubberDuck10 Variant,resources.assets
1019905044,WorldObject,Item_RubberDuck11,resources.assets
1025875099,WorldObject,Item_RubberDuck11 Variant,resources.assets
-1791220865,WorldObject,Item_RubberDuck12,resources.assets
-1972991156,WorldObject,Item_RubberDuck12 Variant,resources.assets
1699518619,WorldObject,Item_RubberDuck13,resources.assets
1794654033,WorldObject,Item_RubberDuck13 Variant,resources.assets
-437856296,WorldObject,Item_ScooterHelmet,resources.assets
-41646836,WorldObject,Item_ScotchGlas,resources.assets
600270922,WorldObject,Item_ScotchIronStag,resources.assets
819343075,WorldObject,Item_ScrewPack01,resources.assets
106836953,WorldObject,Item_SirWorcestershire,resources.assets
2031685104,WorldObject,Item_SoupSpoon,resources.assets
-216031981,WorldObject,Item_Special_TurtleUpgrade01,resources.assets
-617059833,WorldObject,Item_Sticks01,resources.assets
421825172,WorldObject,Item_Straw,resources.assets
301149673,WorldObject,Item_Tech_Mailbox,resources.assets
-611642507,WorldObject,Item_Tech_MailboxHolder,resources.assets
1488905137,WorldObject,Item_Tech_WoodPC,resources.assets
-606481584,WorldObject,Item_TentFolded,resources.assets
-1945780969,WorldObject,Item_Toiletpaper,resources.assets
1790748651,WorldObject,Item_Toys_Horse01,resources.assets
1172599402,WorldObject,Item_Toys_Plane01,resources.assets
1165272690,WorldObject,Item_Toys_Sword01,resources.assets
923147074,WorldObject,Item_Toys_Train01,resources.assets
-389971431,WorldObject,Item_TutorialCoffee,resources.assets
647484641,WorldObject,Item_TutorialFiles,resources.assets
-1353342624,WorldObject,Item_VeryComfortablePillow,resources.assets
1319553721,WorldObject,Item_VestaScooter,resources.assets
401042254,WorldObject,Item_ViseWorkbench,resources.assets
-404148826,WorldObject,Item_WaterBucket,resources.assets
769674174,WorldObject,Item_Weights_Barbell01,resources.assets
1908084423,WorldObject,Item_Weights_Bench01,resources.assets
1434423793,WorldObject,Item_Weights_Dumbbells01,resources.assets
1794137787,WorldObject,Item_Windmill01,resources.assets
1635353572,WorldObject,Item_WindmillAssembledCheck,resources.assets
889926328,WorldObject,Item_WindmillBrokenWing01,resources.assets
-56868222,WorldObject,Item_WindmillBrokenWing02,resources.assets
1571613156,WorldObject,Item_WindmillBrokenWing03,resources.assets
-799989409,WorldObject,Item_WindmillBrokenWing04,resources.assets
366325213,WorldObject,Item_WindmillWingsRepaired01,resources.assets
-2020411604,WorldObject,Item_WindmillWingsRepaired02,resources.assets
-1189878096,WorldObject,Item_WindmillWingsRepaired03,resources.assets
-1044378375,WorldObject,Item_WindmillWingsRepaired04,resources.assets
1578562068,WorldObject,Item_WoodenShoesAnimated,resources.assets
1299061417,WorldObject,Item_WoodenShoesHeatResistant,resources.assets
1488687381,WorldObject,Item_campingLampOffDestructible01,resources.assets
1413372529,WorldObject,Item_campingLampOn01,resources.assets
-764566872,WorldObject,MinigameCrafting_Cooking_GrilledChickenLeg01,resources.assets
1949369584,WorldObject,MinigameCrafting_Furniture_Cabin_CabinDoor01,resources.assets
-1511824634,WorldObject,MinigameCrafting_Furniture_Cabin_CabinWindow01,resources.assets
595267050,WorldObject,MinigameCrafting_Furniture_Candy_CandyDispenser01,resources.assets
552090114,WorldObject,MinigameCrafting_Furniture_Hamstertech_Tricycle01,resources.assets
196719179,WorldObject,MinigameCrafting_Furniture_Hamstertech_Ventilator01,resources.assets
-1736055749,WorldObject,MinigameCrafting_Furniture_Log_Bench01,resources.assets
2136411531,WorldObject,MinigameCrafting_Furniture_Log_Bench02,resources.assets
1673252369,WorldObject,MinigameCrafting_Furniture_Log_Stool01,resources.assets
710178916,WorldObject,MinigameCrafting_Furniture_Log_Table01,resources.assets
1198841005,WorldObject,MinigameCrafting_Furniture_Nerds_ChemieKit01,resources.assets
1799205376,WorldObject,MinigameCrafting_Furniture_Nerds_ChemieKit02,resources.assets
2107346664,WorldObject,MinigameCrafting_Furniture_Nerds_Console01,resources.assets
1637461536,WorldObject,MinigameCrafting_Furniture_Nerds_Controller,resources.assets
761184294,WorldObject,MinigameCrafting_Furniture_Regular_Barbell01,resources.assets
-472631022,WorldObject,MinigameCrafting_Furniture_Regular_Birdhouse01,resources.assets
1991940354,WorldObject,MinigameCrafting_Furniture_Regular_Bookshelf01,resources.assets
-1822160225,WorldObject,MinigameCrafting_Furniture_Regular_Bookshelf02,resources.assets
1666798165,WorldObject,MinigameCrafting_Furniture_Regular_Chair01,resources.assets
440219444,WorldObject,MinigameCrafting_Furniture_Regular_Dumbbells01,resources.assets
365153103,WorldObject,MinigameCrafting_Furniture_Regular_Hamsterhouse,resources.assets
756757588,WorldObject,MinigameCrafting_Furniture_Regular_NightStand01,resources.assets
408868703,WorldObject,MinigameCrafting_Furniture_Regular_NightStandTinFoil,resources.assets
-403171110,WorldObject,MinigameCrafting_Furniture_Regular_Stool01,resources.assets
-1531037724,WorldObject,MinigameCrafting_Furniture_Regular_Table01,resources.assets
632173201,WorldObject,MinigameCrafting_Furniture_Regular_TilesTable01,resources.assets
2114786429,WorldObject,MinigameCrafting_Furniture_Regular_WeightBench01,resources.assets
-1452448843,WorldObject,MinigameCrafting_Furniture_Special_AssembleWindmill01,resources.assets
-1378764110,WorldObject,MinigameCrafting_Furniture_Special_ChocoPickles,resources.assets
-522963976,WorldObject,MinigameCrafting_Furniture_Special_HeatResistantWoodenShoes,resources.assets
1710394183,WorldObject,MinigameCrafting_Furniture_Special_Mailbox01,resources.assets
218662856,WorldObject,MinigameCrafting_Furniture_Special_MailboxHolder01,resources.assets
-1627607864,WorldObject,MinigameCrafting_Furniture_Special_PillowBroken,resources.assets
2147005276,WorldObject,MinigameCrafting_Furniture_Special_WindmillWing01,resources.assets
-1036860610,WorldObject,MinigameCrafting_Furniture_Special_WindmillWing02,resources.assets
-1500484627,WorldObject,MinigameCrafting_Furniture_Special_WindmillWing03,resources.assets
-651253275,WorldObject,MinigameCrafting_Furniture_Special_WindmillWing04,resources.assets
-1699015494,WorldObject,MinigameCrafting_Furniture_Special_WorcestershiresCastleBoard,resources.assets
-1595711278,WorldObject,MinigameCrafting_Furniture_Special_WorcestershiresCastleBoard01,resources.assets
898101901,WorldObject,MinigameCrafting_Furniture_Stone_StoneArmchair01,resources.assets
-723220676,WorldObject,MinigameCrafting_Furniture_Stone_StoneBeanbag01,resources.assets
1753879599,WorldObject,MinigameCrafting_Furniture_Torture_Cage01,resources.assets
-727535894,WorldObject,MinigameCrafting_Furniture_Torture_Chair01,resources.assets
1359259462,WorldObject,MinigameCrafting_Machine_Sawhorse,resources.assets
1707649097,WorldObject,MinigameCrafting_Tech_Boombox,resources.assets
-842649078,WorldObject,MinigameCrafting_Tech_PC,resources.assets
-1368452979,WorldObject,MinigameCrafting_Toys_Plane01,resources.assets
1083314471,WorldObject,MinigameCrafting_Toys_RockingHorse01,resources.assets
-1096780504,WorldObject,MinigameCrafting_Toys_Sword01,resources.assets
2068923344,WorldObject,MinigameCrafting_Toys_Train01,resources.assets
-1427182848,WorldObject,MissionAction_TargetAudience_Increase_WoodenHorses,resources.assets
-1086980977,WorldObject,Mission_00_DaysAtOffice,resources.assets
-1628462895,WorldObject,Mission_00_DaysAtOfficeTimer,resources.assets
277099842,WorldObject,Mission_00_Desk,resources.assets
391378421,WorldObject,Mission_00_FilesMarkerAndArrow,resources.assets
-283843072,WorldObject,Mission_00_HatchAndWindow,resources.assets
189741332,WorldObject,Mission_00_PC01,resources.assets
-676583193,WorldObject,Mission_00_PC02,resources.assets
-236026001,WorldObject,Mission_00_PC03,resources.assets
-1695450654,WorldObject,Mission_00_TutorialFilesNonInteract,resources.assets
-528256167,WorldObject,Mission_01_ControlJump,resources.assets
-1972550352,WorldObject,Mission_01_DeliveryTruck_Break,resources.assets
-276269883,WorldObject,Mission_01_DeliveryTruck_RemoveCrateKillzone,resources.assets
-39770660,WorldObject,Mission_01_DeliveryTruck_Return,resources.assets
1213841328,WorldObject,Mission_01_DeliveryTruck_ShippingCrate,resources.assets
282517996,WorldObject,Mission_01_DeliveryTruck_Spawn,resources.assets
-1773758272,WorldObject,Mission_01_HitRedButton,resources.assets
-569576195,WorldObject,Mission_01_SpawnButtonMission,resources.assets
-1939972259,WorldObject,Mission_02_ControlCollectFiles,resources.assets
1479338580,WorldObject,Mission_02_HitRedButton,resources.assets
-2006794645,WorldObject,Mission_02_SpawnRedBlinkButton,resources.assets
1094102064,WorldObject,Mission_03_ControlBringFiles,resources.assets
-49868076,WorldObject,Mission_03_PicklesSittingAtIntake,resources.assets
-1594175303,WorldObject,Mission_03_SpawnDroneToPlatform,resources.assets
908010120,WorldObject,Mission_03a_SpawnDroneToCity,resources.assets
656563289,WorldObject,Mission_04A_CheckIfAllStamped,resources.assets
2087336391,WorldObject,Mission_04_GetStamp,resources.assets
607720084,WorldObject,Mission_04_OpenHatchPlatform,resources.assets
-1806257930,WorldObject,Mission_04_SendThePicklesThroughPipe,resources.assets
-204609842,WorldObject,Mission_04a_OpenPaletteHatch,resources.assets
567690595,WorldObject,Mission_04b_ClosePaletteHatch,resources.assets
-1245849111,WorldObject,Mission_05_CloseHatchPlatform,resources.assets
523437377,WorldObject,Mission_05_GoGetCoffee,resources.assets
369274503,WorldObject,Mission_05_SpawnHamster,resources.assets
-2052859214,WorldObject,Mission_06A_BrewCoffeeWAIT,resources.assets
-1418790353,WorldObject,Mission_06_PressButtonCoffee,resources.assets
532869363,WorldObject,Mission_06_SpawnRedBlinkButton,resources.assets
1732209289,WorldObject,Mission_07_ControlBrewCoffee01,resources.assets
1428692634,WorldObject,Mission_08_OpenInventory,resources.assets
1861667146,WorldObject,Mission_09_EquipCoffee,resources.assets
-46009376,WorldObject,Mission_10_CloseInventory,resources.assets
1206320523,WorldObject,Mission_11_UseCoffee,resources.assets
2042461495,WorldObject,Mission_12_BuffsIntroduction,resources.assets
752182373,WorldObject,Mission_13_BackToDeskNotification,resources.assets
-1410889835,WorldObject,Mission_14A_SwitchToFiredMailPC,resources.assets
910335005,WorldObject,Mission_14_AtDeskReadEmail,resources.assets
1292595087,WorldObject,Mission_15_GetKickedOutSeq,resources.assets
1827584392,WorldObject,Mission_99A_BrewCoffeeWAIT,resources.assets
-1509715970,WorldObject,Mission_99B_ControlBrewCoffee01,resources.assets
-1688517129,WorldObject,Mission_99C_CheckForCoffeeAmount,resources.assets
-1375720981,WorldObject,Mission_99_BLOCKER,resources.assets
-643942209,WorldObject,Mission_99_CheckForAdditionalCoffee,resources.assets
-1152908436,WorldObject,Mission_99_CheckInventoryAmount,resources.assets
26502754,WorldObject,Mission_ACTIVATEPlayer,resources.assets
-367638783,WorldObject,Mission_Area2_CheckForDoorbellDestroy,resources.assets
142570388,WorldObject,Mission_Area2_CloseTP,resources.assets
-248629426,WorldObject,Mission_Area2_OpenTP,resources.assets
-1086994068,WorldObject,Mission_Area2_SpawnDoorbell,resources.assets
-84797809,WorldObject,Mission_Area2_StayCloseTP,resources.assets
268820418,WorldObject,Mission_Area2_TP_CheckIfBuild,resources.assets
220122003,WorldObject,Mission_Area3_CheckForDoorbellDestroy,resources.assets
-2022518308,WorldObject,Mission_Area3_CloseTP,resources.assets
800969896,WorldObject,Mission_Area3_OpenTP,resources.assets
422749545,WorldObject,Mission_Area3_SpawnDoorbell,resources.assets
631388459,WorldObject,Mission_Area3_StayCloseTP,resources.assets
-533046633,WorldObject,Mission_Area3_TP_CheckIfBuild,resources.assets
1159967839,WorldObject,Mission_Area4_CheckForDoorbellDestroy,resources.assets
-115430108,WorldObject,Mission_Area4_CloseTP,resources.assets
958794197,WorldObject,Mission_Area4_OpenTP,resources.assets
1830317826,WorldObject,Mission_Area4_SpawnDoorbell,resources.assets
-367315232,WorldObject,Mission_Area4_StayCloseTP,resources.assets
1925776252,WorldObject,Mission_Area4_TP_CheckIfBuild,resources.assets
2058789681,WorldObject,Mission_Area5_CheckForDoorbellDestroy,resources.assets
1483930338,WorldObject,Mission_Area5_CloseTP,resources.assets
-1961675526,WorldObject,Mission_Area5_OpenTP,resources.assets
-1252547707,WorldObject,Mission_Area5_SpawnDoorbell,resources.assets
1102998977,WorldObject,Mission_Area5_StayCloseTP,resources.assets
-1460642940,WorldObject,Mission_Area5_TP_CheckIfBuild,resources.assets
-439708081,WorldObject,Mission_Automate_DelayMoveToWorkhallInventoryTrigger,resources.assets
72862519,WorldObject,Mission_Automate_MoveToWorkhallInventory,resources.assets
-714342999,WorldObject,Mission_Base,resources.assets
-1924821466,WorldObject,Mission_BeaverCave_00_SpawnFartSoundTrigger,resources.assets
712513265,WorldObject,Mission_BeaverCave_00_Trigger,resources.assets
-2131543235,WorldObject,Mission_BeaverCave_01_Intro,resources.assets
-1699892993,WorldObject,Mission_BeaverCave_02_PapersPlease,resources.assets
-1504960400,WorldObject,Mission_BeaverCave_03_MeetJustin,resources.assets
336443123,WorldObject,Mission_BeaverCave_04a_ShowYouSomething,resources.assets
-1233014340,WorldObject,Mission_BeaverCave_04b_GetWood,resources.assets
-1680275175,WorldObject,Mission_BeaverCave_05_DeliverToJustin,resources.assets
-1839801785,WorldObject,Mission_BeaverCave_06_MakeBirdHouse,resources.assets
-476420995,WorldObject,Mission_BeaverCave_06a_MakeBirdHouse,resources.assets
573011340,WorldObject,Mission_BeaverCave_06b_MakeBirdHouse,resources.assets
242459730,WorldObject,Mission_BeaverCave_07_SpawnBoberInBase,resources.assets
240547398,WorldObject,Mission_BeaverCave_07a_Delay,resources.assets
-2052525150,WorldObject,Mission_BeaverCave_08_BoberInBase,resources.assets
-721722172,WorldObject,Mission_BeaverCave_09_BoberTalkWorkbench,resources.assets
685021845,WorldObject,Mission_Board_AdultClub_PubFurniture,resources.assets
-1031993710,WorldObject,Mission_Board_CityAdmin_CityUpgradeMainTower1,resources.assets
40402210,WorldObject,Mission_Board_CityAdmin_CityUpgradeMainTower2,resources.assets
1514360103,WorldObject,Mission_Board_CityAdmin_CutDownTrees,resources.assets
1316585773,WorldObject,Mission_Board_CityAdmin_ParkBenches,resources.assets
-141858922,WorldObject,Mission_Board_CityAdmin_ParkPicnicArea,resources.assets
416913609,WorldObject,Mission_Board_CityAdmin_SellBenches,resources.assets
1895363542,WorldObject,Mission_Board_FitnessFreaks_CutDownTrees,resources.assets
-220915546,WorldObject,Mission_Board_FitnessFreaks_Dumbbells,resources.assets
-573361072,WorldObject,Mission_Board_FitnessFreaks_FitnessBarbell,resources.assets
1995992397,WorldObject,Mission_Board_FitnessFreaks_Protein,resources.assets
392211018,WorldObject,Mission_Board_FitnessFreaks_WeightBench,resources.assets
1373663479,WorldObject,Mission_Board_Industry_CutDownTrees,resources.assets
351132927,WorldObject,Mission_Board_Industry_SellBirchTrunks,resources.assets
-1148918057,WorldObject,Mission_Board_Industry_SellStoneWood,resources.assets
1860557481,WorldObject,Mission_Board_InitialSetup,resources.assets
-218679573,WorldObject,Mission_Board_MoneyBags_CutDownTrees,resources.assets
1075092646,WorldObject,Mission_Board_MoneyBags_SellDiningTable,resources.assets
-838113468,WorldObject,Mission_Board_MoneyBags_SellWood,resources.assets
834716676,WorldObject,Mission_Board_Nerds_Boombox,resources.assets
-515262449,WorldObject,Mission_Board_Nerds_GamingConsole,resources.assets
1712641711,WorldObject,Mission_Board_Nerds_MixingProcess,resources.assets
-1668025858,WorldObject,Mission_Board_Nerds_PC,resources.assets
-441298390,WorldObject,Mission_Board_Nerds_TournamentController,resources.assets
-1028064066,WorldObject,Mission_Board_Rascals_KidsPlane,resources.assets
-1581283779,WorldObject,Mission_Board_Rascals_KidsRockingHorse,resources.assets
397539837,WorldObject,Mission_Board_Rascals_KidsSword,resources.assets
412849912,WorldObject,Mission_Board_Rascals_KidsTrain,resources.assets
-1769658264,WorldObject,Mission_Board_Rascals_SellLucille,resources.assets
-1114400119,WorldObject,Mission_Board_Rascals_SellPlanks,resources.assets
1143133287,WorldObject,Mission_Board_Rascals_SellPlanks2,resources.assets
-98869290,WorldObject,Mission_Board_Rascals_SticksAndStones,resources.assets
-780875016,WorldObject,Mission_Board_Survivalists_DinnerForTwo,resources.assets
84309779,WorldObject,Mission_Board_Survivalists_FireBarrel,resources.assets
932948318,WorldObject,Mission_Board_Survivalists_Spikes,resources.assets
-423573011,WorldObject,Mission_Board_Survivalists_StorytellingFirewood,resources.assets
74068364,WorldObject,Mission_Board_Survivalists_TinFoil,resources.assets
142784908,WorldObject,Mission_Board_TryUnlock_CityAdmin_1,resources.assets
108239559,WorldObject,Mission_Board_TryUnlock_CityAdmin_2,resources.assets
1219522771,WorldObject,Mission_Board_TryUnlock_FitnessFreaks_1,resources.assets
-1296664839,WorldObject,Mission_Board_TryUnlock_Industry_1,resources.assets
1899088265,WorldObject,Mission_Board_TryUnlock_Industry_2,resources.assets
-107104439,WorldObject,Mission_Board_TryUnlock_Nerds_1,resources.assets
-1771967663,WorldObject,Mission_Board_TryUnlock_Rascals_1,resources.assets
319982825,WorldObject,Mission_Board_TryUnlock_Rascals_2,resources.assets
-181344340,WorldObject,Mission_Board_Unlock_CityAdmin_1,resources.assets
-1247555346,WorldObject,Mission_Board_Unlock_CityAdmin_2,resources.assets
-785693542,WorldObject,Mission_Board_Unlock_FitnessFreaks_1,resources.assets
1824568772,WorldObject,Mission_Board_Unlock_Industry_1,resources.assets
2029993445,WorldObject,Mission_Board_Unlock_Industry_2,resources.assets
497521361,WorldObject,Mission_Board_Unlock_Nerds_1,resources.assets
-761166216,WorldObject,Mission_Board_Unlock_Rascals_1,resources.assets
-1628684251,WorldObject,Mission_Board_Unlock_Rascals_2,resources.assets
-1952382138,WorldObject,Mission_Bridge_Cutscene,resources.assets
1452091158,WorldObject,Mission_Cannon_Sell,resources.assets
424204391,WorldObject,Mission_CaveBridge_00_RepairBridge,resources.assets
-2118941746,WorldObject,Mission_CaveBridge_HideHeatResistentShoesRecipe,resources.assets
-850320778,WorldObject,Mission_Cheat_AllRecipes,resources.assets
2137695998,WorldObject,Mission_Cheat_AllStats,resources.assets
-2008919504,WorldObject,Mission_Cheat_UnlockMissionBoardMissions,resources.assets
-1231045687,WorldObject,Mission_ChopChopLog_Firewood_Birch_Finished,resources.assets
1381199034,WorldObject,Mission_ChopChopLog_Firewood_Birch_Minigame,resources.assets
591186972,WorldObject,Mission_ChopChopLog_Firewood_Birch_Minigame_Bad,resources.assets
1095156048,WorldObject,Mission_ChopChopLog_Firewood_Birch_Minigame_Good,resources.assets
-1888133603,WorldObject,Mission_ChopChopLog_Firewood_Birch_Minigame_Normal,resources.assets
1851075967,WorldObject,Mission_ChopChopLog_Firewood_Birch_WhileActive,resources.assets
-533475248,WorldObject,Mission_CityUpgrade_BuildResidentialBuildings,resources.assets
1344463837,WorldObject,Mission_CityUpgrade_BuildTelevisionTower,resources.assets
-902785630,WorldObject,Mission_CityUpgrade_Hidden_TryUnlockResidentialBuildings,resources.assets
-1999817373,WorldObject,Mission_CityUpgrade_Hidden_TryUnlockTelevisionTower,resources.assets
2113619721,WorldObject,Mission_City_1_AcceptCityAdminMission,resources.assets
-1226118137,WorldObject,Mission_City_2_OpenInventory,resources.assets
-272687154,WorldObject,Mission_City_3_AcceptMission,resources.assets
1349415841,WorldObject,Mission_City_AdvertisementSigns,resources.assets
-1249003689,WorldObject,Mission_City_Banks,resources.assets
-1336005114,WorldObject,Mission_City_BotanicalGarden,resources.assets
-309879710,WorldObject,Mission_City_CityNameLetters,resources.assets
-713960229,WorldObject,Mission_City_HotAirBalloons,resources.assets
986894695,WorldObject,Mission_City_Hotels,resources.assets
1338588927,WorldObject,Mission_City_MainTower,resources.assets
-183702883,WorldObject,Mission_City_ResidentialBuildings,resources.assets
-707408758,WorldObject,Mission_City_TelevisionTower,resources.assets
-1422909243,WorldObject,Mission_ControlSprint,resources.assets
291155953,WorldObject,Mission_Cooking_Marshmallow_Finished,resources.assets
609891818,WorldObject,Mission_Cooking_Marshmallow_Minigame,resources.assets
537424670,WorldObject,Mission_Cooking_Marshmallow_Minigame_Bad,resources.assets
-580768986,WorldObject,Mission_Cooking_Marshmallow_Minigame_Good,resources.assets
-90167389,WorldObject,Mission_Cooking_Marshmallow_Minigame_Normal,resources.assets
-1141954547,WorldObject,Mission_Cooking_Marshmallow_WhileActive,resources.assets
1935408998,WorldObject,Mission_Crafter_Beehouse_01_SetUp,resources.assets
1827923315,WorldObject,Mission_Crafter_Beehouse_02_Check,resources.assets
313143139,WorldObject,Mission_Crafter_BlueprintTable_01_SetUp,resources.assets
478638498,WorldObject,Mission_Crafter_BlueprintTable_02_Check,resources.assets
-1602739195,WorldObject,Mission_Crafter_BoberCarvingCrafter_01_SetUp,resources.assets
-199766078,WorldObject,Mission_Crafter_BoberCarvingCrafter_02_Check,resources.assets
-1538739843,WorldObject,Mission_Crafter_Bridge_01_SetUp,resources.assets
1288870929,WorldObject,Mission_Crafter_Bridge_02_Check,resources.assets
1889946693,WorldObject,Mission_Crafter_CityCrafter_01_SetUp,resources.assets
934304177,WorldObject,Mission_Crafter_CityCrafter_02_Check,resources.assets
954800943,WorldObject,Mission_Crafter_DronePlatform_01_SetUp,resources.assets
-1767560617,WorldObject,Mission_Crafter_DronePlatform_02_Check,resources.assets
-1042869763,WorldObject,Mission_Crafter_Furnace,resources.assets
-710684107,WorldObject,Mission_Crafter_FurnitureCrafter_01_SetUp,resources.assets
-75801163,WorldObject,Mission_Crafter_FurnitureCrafter_02_Check,resources.assets
190546587,WorldObject,Mission_Crafter_GrindStoneWood_01_SetUp,resources.assets
1523427299,WorldObject,Mission_Crafter_GrindStoneWood_02_Check,resources.assets
-835102266,WorldObject,Mission_Crafter_SawHorse,resources.assets
135058226,WorldObject,Mission_Crafter_SawHorseComplete,resources.assets
-1281437937,WorldObject,Mission_Crafter_Sawhorse_01_SetUp,resources.assets
1683734633,WorldObject,Mission_Crafter_Sawhorse_02_Check,resources.assets
52236511,WorldObject,Mission_Crafter_WoodElevator_01_SetUp,resources.assets
1036810579,WorldObject,Mission_Crafter_WoodElevator_02_Check,resources.assets
1089577854,WorldObject,Mission_CutTree_IncreaseStrength,resources.assets
-1442759996,WorldObject,Mission_DEACTIVATEPlayer,resources.assets
-2097000391,WorldObject,Mission_DialogueStopAssault,resources.assets
-1930226826,WorldObject,Mission_DucksCult_01_InfoAboutLewis,resources.assets
-973584958,WorldObject,Mission_DucksCult_02_BringLuisBack,resources.assets
1738632714,WorldObject,Mission_DucksCult_03_PlaceLuisForRitual,resources.assets
1365221867,WorldObject,Mission_DucksCult_04_RitualTimer,resources.assets
-1670314918,WorldObject,Mission_DucksCult_05_LuisRevived,resources.assets
-1082058710,WorldObject,Mission_DucksCult_06_RepairChains,resources.assets
-1895735772,WorldObject,Mission_DucksCult_07_Jackpot,resources.assets
496641802,WorldObject,Mission_Ducks_00_KillPlayer,resources.assets
-1754323965,WorldObject,Mission_Ducks_00_TimerToRespawnTrigger,resources.assets
1267298590,WorldObject,Mission_Ducks_00_TimerToShotgun,resources.assets
-2094003284,WorldObject,Mission_Ducks_01_GoToWife,resources.assets
1424286877,WorldObject,Mission_Ducks_02_CollectMushrooms,resources.assets
-1066204743,WorldObject,Mission_Ducks_03_DeliverMushrooms01,resources.assets
-960148941,WorldObject,Mission_Ducks_04_MushroomsDelivered01,resources.assets
-1175402021,WorldObject,Mission_Ducks_05_GoToHusband,resources.assets
122207114,WorldObject,Mission_Ducks_06_CollectKeyGatherShrooms,resources.assets
171887291,WorldObject,Mission_Ducks_07_UnlockGateSpawnVoidTP,resources.assets
1079122304,WorldObject,Mission_Ducks_08_DeliverMushrooms02,resources.assets
1597395300,WorldObject,Mission_Ducks_09_MushroomsDelivered02,resources.assets
89216587,WorldObject,Mission_Ducks_10_HelpWithCooking,resources.assets
-1262287698,WorldObject,Mission_Ducks_11_PutMushroomsIntoPot,resources.assets
291286148,WorldObject,Mission_Ducks_12_TakeTheSoupSpoon,resources.assets
473602813,WorldObject,Mission_Ducks_13_DucksDinner,resources.assets
756217029,WorldObject,Mission_Ducks_14_DucksDinner01,resources.assets
299571325,WorldObject,Mission_Ducks_15_DucksDinner02,resources.assets
601667822,WorldObject,Mission_Ducks_16_DucksDinnerShotgun02,resources.assets
-1032076724,WorldObject,Mission_Ducks_16_DucksDinnerShotgun03,resources.assets
736591262,WorldObject,Mission_Ducks_16_DucksDinnerShotgunTableAnimation01,resources.assets
-1171633626,WorldObject,Mission_Ducks_17A_ENDDuckAtWindow,resources.assets
891221676,WorldObject,Mission_Ducks_17B_ENDShootWithShotgun,resources.assets
-1557025364,WorldObject,Mission_Ducks_17C_ENDKillandRestart,resources.assets
-952686791,WorldObject,Mission_Ducks_98_SpawnCandleFlamesAndPostPro,resources.assets
-793994529,WorldObject,Mission_Ducks_99_RemoveCandleFlamsAndPostPro,resources.assets
2105611604,WorldObject,Mission_END_TPPlayerToArea1,resources.assets
-1209509996,WorldObject,Mission_FindChessKing_00_Intro,resources.assets
1131790997,WorldObject,Mission_FindChessKing_01_FindTheKing,resources.assets
-747635281,WorldObject,Mission_FindChessKing_02_KingDialogue,resources.assets
2144426613,WorldObject,Mission_FindChessKing_03_TellTheQueen,resources.assets
-1450529525,WorldObject,Mission_FoundRubberduck,resources.assets
900517452,WorldObject,Mission_FoundRubberduck01,resources.assets
1051266624,WorldObject,Mission_FoundRubberduck02,resources.assets
1572377691,WorldObject,Mission_FoundRubberduck03,resources.assets
-21072281,WorldObject,Mission_FoundRubberduck04,resources.assets
1231800772,WorldObject,Mission_FoundRubberduck05,resources.assets
1683960079,WorldObject,Mission_FoundRubberduck06,resources.assets
1290390844,WorldObject,Mission_FoundRubberduck07,resources.assets
-1769902898,WorldObject,Mission_FoundRubberduck08,resources.assets
-108682559,WorldObject,Mission_FoundRubberduck09,resources.assets
-1845180143,WorldObject,Mission_FoundRubberduck10,resources.assets
-1378275121,WorldObject,Mission_FoundRubberduck11,resources.assets
-29742750,WorldObject,Mission_FoundRubberduck12,resources.assets
-2131311447,WorldObject,Mission_FoundRubberduck13,resources.assets
-384880699,WorldObject,Mission_Furniture_Stool,resources.assets
-698993489,WorldObject,Mission_Furnox01_InitializeStinkbombAttack,resources.assets
1931060,WorldObject,Mission_Furnox02_KillFurnoxDrone,resources.assets
-303915021,WorldObject,Mission_HamsterCave_00_Intro,resources.assets
-934735364,WorldObject,Mission_HamsterCave_01_ComeCloser,resources.assets
1763918810,WorldObject,Mission_HamsterCave_02_Pillow,resources.assets
-1581444550,WorldObject,Mission_HamsterCave_02_PillowBack,resources.assets
-1508772884,WorldObject,Mission_HamsterCave_03_BringPickleChocoMix,resources.assets
888247362,WorldObject,Mission_HamsterCave_03_PicklesBack,resources.assets
-1128567019,WorldObject,Mission_HamsterCave_04_FixThePipe,resources.assets
757144945,WorldObject,Mission_HamsterCave_05_BuildHamsterCage,resources.assets
116570262,WorldObject,Mission_HamsterDad,resources.assets
-1157080197,WorldObject,Mission_HamsterDadAngry,resources.assets
927150118,WorldObject,Mission_HamsterKillPlayer,resources.assets
-1593206220,WorldObject,Mission_HamsterNinjaAttack,resources.assets
1559645404,WorldObject,Mission_Hamstercave_06_CheckIfCageIsBuilt,resources.assets
-1693750222,WorldObject,Mission_HamstersInPipes,resources.assets
-1226261018,WorldObject,Mission_Hidden_00_ChickenMassacre,resources.assets
1268129191,WorldObject,Mission_Hidden_01_AxeAfterTutorialSkip,resources.assets
-248309444,WorldObject,Mission_Hidden_02_ExplorerAirdropReward,resources.assets
706814368,WorldObject,Mission_Hidden_02_ExplorerCoinsReward,resources.assets
-253079617,WorldObject,Mission_Hidden_03_WalkOnWater,resources.assets
1465042439,WorldObject,Mission_Hidden_04A_Beehouse01Spawned,resources.assets
-1227862034,WorldObject,Mission_Hidden_04B_Beehouse01FilledTimer,resources.assets
650800629,WorldObject,Mission_Hidden_04C_Beehouse01EmptyHit,resources.assets
-1064298784,WorldObject,Mission_Hidden_04_UnlockBeehouse,resources.assets
1641576534,WorldObject,Mission_Hidden_05_UnlockAppleWoodSawhorse_FullTrunk,resources.assets
342589710,WorldObject,Mission_Hidden_05_UnlockBirchWoodSawhorse_FullTrunk,resources.assets
1093266035,WorldObject,Mission_Hidden_05_UnlockElectroWoodSawhorse_FullTrunk,resources.assets
-9249414,WorldObject,Mission_Hidden_05_UnlockElectroWoodSawhorse_halfTrunk,resources.assets
-369632839,WorldObject,Mission_Hidden_05_UnlockMetalWoodSawhorse_FullTrunk,resources.assets
515281130,WorldObject,Mission_Hidden_05_UnlockMetalWoodSawhorse_halfTrunk,resources.assets
-592516473,WorldObject,Mission_Hidden_05_UnlockPalmWoodSawhorse_FullTrunk,resources.assets
1045665449,WorldObject,Mission_Hidden_05_UnlockPalmWoodSawhorse_halfTrunk,resources.assets
7110692,WorldObject,Mission_Hidden_05_UnlockStoneWoodSawhorse_FullTrunk,resources.assets
1414519515,WorldObject,Mission_Hidden_05_UnlockStoneWoodSawhorse_halfTrunk,resources.assets
-578182816,WorldObject,Mission_Hidden_05_UnlockWalnutWoodSawhorse_FullTrunk,resources.assets
1959911907,WorldObject,Mission_Hidden_05_UnlockWalnutWoodSawhorse_halfTrunk,resources.assets
-1221278800,WorldObject,Mission_Hidden_06_CaveBridge,resources.assets
471468358,WorldObject,Mission_Hidden_07_CaveBridgeClose,resources.assets
1353729129,WorldObject,Mission_Hidden_07_CaveBridgeLeverBlocker,resources.assets
-1274348112,WorldObject,Mission_Hidden_07_CaveBridgeOpen,resources.assets
1942006761,WorldObject,Mission_Hidden_08_WalkOnLava,resources.assets
-1084865497,WorldObject,Mission_Hidden_12_Hamstertech,resources.assets
245525106,WorldObject,Mission_Hidden_13_PillowBackDialogue,resources.assets
-1459812356,WorldObject,Mission_Hidden_14_PicklesBackDialogue,resources.assets
1303313435,WorldObject,Mission_Hidden_15_Carving,resources.assets
274216771,WorldObject,Mission_Hidden_15_RisingLava,resources.assets
-2013417890,WorldObject,Mission_Hidden_16_HouseBuiltAndWorcestershire02Spawned,resources.assets
-1797269221,WorldObject,Mission_Hidden_17_GoldenShower,resources.assets
222645453,WorldObject,Mission_Hidden_18A_FirstProteinShakeCollected,resources.assets
127497964,WorldObject,Mission_Hidden_18B_EndProteinShake,resources.assets
1114729590,WorldObject,Mission_Hidden_18_CheckIfProteinShakeCollected,resources.assets
-1584216227,WorldObject,Mission_Hidden_19_BrokenTPsatBase,resources.assets
-1985055363,WorldObject,Mission_Hidden_20A_TPsInWorldUI,resources.assets
-2134249240,WorldObject,Mission_Hidden_20B_TPsInWorldEND,resources.assets
-968154706,WorldObject,Mission_Hidden_20_TPsInWorld,resources.assets
1168181196,WorldObject,Mission_Hidden_21_UnlockFoodCookingStation,resources.assets
1490637123,WorldObject,Mission_Hidden_22A_EndGesturesIntroduction,resources.assets
1939678064,WorldObject,Mission_Hidden_22_GesturesIntroduction,resources.assets
-341162343,WorldObject,Mission_Hidden_23A_DelayAndUIIntroductionGestures,resources.assets
1979075902,WorldObject,Mission_Hidden_23_CheckIfGestureAtFurnox,resources.assets
-914784255,WorldObject,Mission_Hidden_24_RemoveTreesAtWorkHall,resources.assets
-609449646,WorldObject,Mission_Hidden_25A_ChopChopBlockntroduction,resources.assets
268821408,WorldObject,Mission_Hidden_25_CheckForChopChopBlockntroduction,resources.assets
-780541319,WorldObject,Mission_Hidden_25b_EndChopChopBlockntroduction,resources.assets
-714116163,WorldObject,Mission_Hidden_26A_EndInfluenceGainIntroduction,resources.assets
-603611488,WorldObject,Mission_Hidden_26_InfluenceGainIntroduction,resources.assets
1579353257,WorldObject,Mission_Hidden_AfterDinnerDeleteShootoutInside,resources.assets
48520413,WorldObject,Mission_Hidden_AfterShootoutCouple,resources.assets
-939316564,WorldObject,Mission_Hidden_ChesterMoney00,resources.assets
263204115,WorldObject,Mission_Hidden_ChesterMoney01,resources.assets
187261809,WorldObject,Mission_Hidden_ChesterMoney02,resources.assets
2096223778,WorldObject,Mission_Hidden_ChesterMoney03,resources.assets
-917880362,WorldObject,Mission_Hidden_ChesterMoney04,resources.assets
-252910209,WorldObject,Mission_Hidden_ChesterMoney05,resources.assets
26341154,WorldObject,Mission_Hidden_ChesterMoney06,resources.assets
-33333188,WorldObject,Mission_Hidden_ChesterMoney07,resources.assets
2047746033,WorldObject,Mission_Hidden_ChesterMoney08,resources.assets
1419875674,WorldObject,Mission_Hidden_ChesterMoney09,resources.assets
1742095129,WorldObject,Mission_Hidden_DuckAtWindow01,resources.assets
-1201334316,WorldObject,Mission_Hidden_DuckAtWindowShotgun,resources.assets
-398912343,WorldObject,Mission_Hidden_DucksAfterMushrooms,resources.assets
243669217,WorldObject,Mission_Hidden_GrindstoneMetal,resources.assets
-27782017,WorldObject,Mission_Hidden_HayPipeDestructible,resources.assets
-1520962212,WorldObject,Mission_Hidden_IntroductionDucks,resources.assets
-779258823,WorldObject,Mission_Hidden_ListenForHamsterAssault,resources.assets
1199827161,WorldObject,Mission_Hidden_WaitForElevatorBuild,resources.assets
8069953,WorldObject,Mission_HomeSweetHome_00_WalkToChester,resources.assets
1316138816,WorldObject,Mission_HomeSweetHome_01_MakeSomeMoola,resources.assets
149420783,WorldObject,Mission_HomeSweetHome_02_WalkToChester,resources.assets
-304872045,WorldObject,Mission_HomeSweetHome_03_AskForProperty,resources.assets
-1092535998,WorldObject,Mission_HomeSweetHome_04_WakeUp,resources.assets
-1649814039,WorldObject,Mission_HomeSweetHome_05_BuildMailbox,resources.assets
1157859487,WorldObject,Mission_HomeSweetHome_06_OpenMailboxPickUpLetter,resources.assets
-1341294845,WorldObject,Mission_HomeSweetHome_07_WalkToChester,resources.assets
-1472455779,WorldObject,Mission_HomeSweetHome_08_WalkToServant,resources.assets
-1759507869,WorldObject,Mission_HomeSweetHome_09_BuyTheProperty,resources.assets
-411812703,WorldObject,Mission_HomeSweetHome_10_ConstructFence,resources.assets
1066199433,WorldObject,Mission_HomeSweetHome_11_WalkToServant,resources.assets
-1835884664,WorldObject,Mission_HomeSweetHome_12_ShredFiles,resources.assets
744635685,WorldObject,Mission_HomeSweetHome_12_Wait,resources.assets
-1774666443,WorldObject,Mission_HomeSweetHome_13_WalkToServant1,resources.assets
-824191658,WorldObject,Mission_HomeSweetHome_13_WalkToServant2Wait,resources.assets
449988441,WorldObject,Mission_HomeSweetHome_14_RemoveTent,resources.assets
-375795108,WorldObject,Mission_HomeSweetHome_HIDDEN_Tent,resources.assets
418344510,WorldObject,Mission_Introduction_00_FactoryInWorld,resources.assets
-124489371,WorldObject,Mission_Introduction_00_OfficeMeshInWorld,resources.assets
95464506,WorldObject,Mission_LockHouseUpgradeSpawnSlot_CookingStation,resources.assets
-1778448582,WorldObject,Mission_LockHouseUpgradeSpawnSlot_Treadmill,resources.assets
-1316608708,WorldObject,Mission_LockHouseUpgradeSpawnSlot_WeightBench,resources.assets
565197856,WorldObject,Mission_LockHouseUpgradeSpawnSlot_WorkhallButtonContainerFurnitureCrafter,resources.assets
378129200,WorldObject,Mission_LockHouseUpgradeSpawnSlot_WorkhallButtonContainerSawMachine,resources.assets
-1828011125,WorldObject,Mission_LockHouseUpgradeSpawnSlot_WorkhallFoundation01,resources.assets
603260117,WorldObject,Mission_LockHouseUpgradeSpawnSlot_WorkhallFoundation02,resources.assets
-966137253,WorldObject,Mission_LockHouseUpgradeSpawnSlot_WorkhallFoundation03,resources.assets
1850265786,WorldObject,Mission_LockHouseUpgradeSpawnSlot_WorkhallFurnitureCrafter,resources.assets
560575333,WorldObject,Mission_LockHouseUpgradeSpawnSlot_WorkhallFurnitureCrafterContainer,resources.assets
971786920,WorldObject,Mission_LockHouseUpgradeSpawnSlot_WorkhallPipingIntake,resources.assets
1468405045,WorldObject,Mission_LockHouseUpgradeSpawnSlot_WorkhallRailings01,resources.assets
-315522378,WorldObject,Mission_LockHouseUpgradeSpawnSlot_WorkhallSawMachine,resources.assets
-2035359441,WorldObject,Mission_LockHouseUpgradeSpawnSlot_WorkhallSawMachineContainer,resources.assets
1274708779,WorldObject,Mission_MetalGrindstone_1_BuildMetalGrindstone,resources.assets
1565625456,WorldObject,Mission_MetalGrindstone_2_CraftANewAxe,resources.assets
-715732995,WorldObject,Mission_MinigameTimingTest,resources.assets
-1195437497,WorldObject,Mission_MinigameTimingTest_Good,resources.assets
-185375874,WorldObject,Mission_MinigameTimingTest_Normal,resources.assets
1801498822,WorldObject,Mission_MissionMailbox_1_TalkToChesterAboutMailbox,resources.assets
145636176,WorldObject,Mission_MissionMailbox_2_BuildBlueprintTable,resources.assets
1751038166,WorldObject,Mission_MissionMailbox_3_UnlockMailbox,resources.assets
447844019,WorldObject,Mission_MissionMailbox_4_CraftMailbox,resources.assets
1290869125,WorldObject,Mission_MissionMailbox_5_SetUpMailbox,resources.assets
978379246,WorldObject,Mission_MoveToWorkhallInventory,resources.assets
2006101817,WorldObject,Mission_OldWindmill_00_RemoveBrokenWings,resources.assets
-1525916395,WorldObject,Mission_OldWindmill_01_HideWingRecipe01,resources.assets
-1107135578,WorldObject,Mission_OldWindmill_01_HideWingRecipe02,resources.assets
2033668455,WorldObject,Mission_OldWindmill_01_HideWingRecipe03,resources.assets
-1492104922,WorldObject,Mission_OldWindmill_01_HideWingRecipe04,resources.assets
1075022590,WorldObject,Mission_OldWindmill_01_RepairWings,resources.assets
1920847676,WorldObject,Mission_OldWindmill_02_CleanUpWindmill,resources.assets
-299398285,WorldObject,Mission_OldWindmill_03_WhackWindmill01,resources.assets
540923185,WorldObject,Mission_OldWindmill_HIDDEN,resources.assets
515959889,WorldObject,Mission_OnPlayerDeath,resources.assets
-685798918,WorldObject,Mission_OnPlayerRespawn,resources.assets
1078174080,WorldObject,Mission_PipeIntakeEmptyObj,resources.assets
1690166,WorldObject,Mission_PipeIntakeWIthPicklesObj,resources.assets
1114390996,WorldObject,Mission_Sabotage_01_FactoryLettersDestroyed,resources.assets
-386979246,WorldObject,Mission_ShopDelivery_Start,resources.assets
325499214,WorldObject,Mission_SirWorcestershire_00_Cloud,resources.assets
556807837,WorldObject,Mission_SirWorcestershire_00_Intro,resources.assets
1148056838,WorldObject,Mission_SirWorcestershire_01_WalkToSir,resources.assets
1196399392,WorldObject,Mission_SirWorcestershire_02_DrinkingProblems,resources.assets
858785633,WorldObject,Mission_SirWorcestershire_03_WalkToSirSpawnFishCrafter,resources.assets
1589673217,WorldObject,Mission_SirWorcestershire_04_SpawnPlan,resources.assets
-1892560704,WorldObject,Mission_SirWorcestershire_05_WalkToSir,resources.assets
1002953178,WorldObject,Mission_SirWorcestershire_06_SmackOffTheBoard,resources.assets
-420661529,WorldObject,Mission_SirWorcestershire_07_AssembleNewBoard,resources.assets
-451900575,WorldObject,Mission_SirWorcestershire_08A_CheckForGrindstone,resources.assets
-155312970,WorldObject,Mission_SirWorcestershire_08_CutDownStoneTree,resources.assets
1944673897,WorldObject,Mission_SirWorcestershire_09A_NoGrindstoneDialogue,resources.assets
1754725791,WorldObject,Mission_SirWorcestershire_09B_WaitForGrindstone,resources.assets
-1645186583,WorldObject,Mission_SirWorcestershire_09_WalkToSir,resources.assets
-1045348483,WorldObject,Mission_SirWorcestershire_10A_CraftANewAxe,resources.assets
1086220506,WorldObject,Mission_SirWorcestershire_10_CraftANewAxe,resources.assets
-412512372,WorldObject,Mission_SirWorcestershire_11_WalkToSir,resources.assets
-1732032530,WorldObject,Mission_SirWorcestershire_12_SpawnTemporaryFish,resources.assets
1527760481,WorldObject,Mission_SirWorcestershire_13_TimerAfterHouseBuilt,resources.assets
-1022605998,WorldObject,Mission_SirWorcestershire_14_SpawnWorcestershireMoveMission,resources.assets
-1303237028,WorldObject,Mission_SirWorcestershire_15_MovableWorcestershireItem,resources.assets
19616433,WorldObject,Mission_SpawnAutoButtonVisualsAndTrigger,resources.assets
-2043400250,WorldObject,Mission_ToolUpgrade_01_WoodAxe03,resources.assets
2070147712,WorldObject,Mission_ToolUpgrade_01_WoodAxe04,resources.assets
-421538352,WorldObject,Mission_ToolUpgrade_02_StoneAxe01,resources.assets
-1262903577,WorldObject,Mission_ToolUpgrade_02_StoneAxe02,resources.assets
1668750585,WorldObject,Mission_ToolUpgrade_02_StoneAxe03,resources.assets
1432283264,WorldObject,Mission_ToolUpgrade_02_StoneAxe04,resources.assets
-1343713461,WorldObject,Mission_ToolUpgrade_03_MetalAxe01,resources.assets
1834560515,WorldObject,Mission_ToolUpgrade_03_MetalAxe02,resources.assets
-422635611,WorldObject,Mission_ToolUpgrade_03_MetalAxe03,resources.assets
-949711445,WorldObject,Mission_ToolUpgrade_03_MetalAxe04,resources.assets
2089271359,WorldObject,Mission_Treadmill_MoveSpeed1_Finished,resources.assets
-1745267375,WorldObject,Mission_Treadmill_MoveSpeed1_Minigame,resources.assets
-970979444,WorldObject,Mission_Treadmill_MoveSpeed1_Minigame_Bad,resources.assets
-2091312935,WorldObject,Mission_Treadmill_MoveSpeed1_Minigame_Good,resources.assets
-478418210,WorldObject,Mission_Treadmill_MoveSpeed1_Minigame_Normal,resources.assets
-1836559473,WorldObject,Mission_Treadmill_MoveSpeed1_WhileActive,resources.assets
1841733311,WorldObject,Mission_Treadmill_MoveSpeed2_Finished,resources.assets
-503150308,WorldObject,Mission_Treadmill_MoveSpeed2_Minigame,resources.assets
-1714389283,WorldObject,Mission_Treadmill_MoveSpeed2_Minigame_Bad,resources.assets
-1513025072,WorldObject,Mission_Treadmill_MoveSpeed2_Minigame_Good,resources.assets
152671166,WorldObject,Mission_Treadmill_MoveSpeed2_Minigame_Normal,resources.assets
1086612013,WorldObject,Mission_Treadmill_MoveSpeed2_WhileActive,resources.assets
-1562594081,WorldObject,Mission_Treadmill_MoveSpeed3_Finished,resources.assets
-175360434,WorldObject,Mission_Treadmill_MoveSpeed3_Minigame,resources.assets
-1966665648,WorldObject,Mission_Treadmill_MoveSpeed3_Minigame_Bad,resources.assets
1895359033,WorldObject,Mission_Treadmill_MoveSpeed3_Minigame_Good,resources.assets
1608832220,WorldObject,Mission_Treadmill_MoveSpeed3_Minigame_Normal,resources.assets
-1599542400,WorldObject,Mission_Treadmill_MoveSpeed3_WhileActive,resources.assets
-1541076347,WorldObject,Mission_Treadmill_Stamina1_Finished,resources.assets
-1029297136,WorldObject,Mission_Treadmill_Stamina1_Minigame,resources.assets
-1564821960,WorldObject,Mission_Treadmill_Stamina1_Minigame_Bad,resources.assets
-1057268390,WorldObject,Mission_Treadmill_Stamina1_Minigame_Good,resources.assets
-568599042,WorldObject,Mission_Treadmill_Stamina1_Minigame_Normal,resources.assets
-238294999,WorldObject,Mission_Treadmill_Stamina1_WhileActive,resources.assets
-1814597654,WorldObject,Mission_Treadmill_Stamina2_Finished,resources.assets
-2051482432,WorldObject,Mission_Treadmill_Stamina2_Minigame,resources.assets
901171929,WorldObject,Mission_Treadmill_Stamina2_Minigame_Bad,resources.assets
1788970,WorldObject,Mission_Treadmill_Stamina2_Minigame_Good,resources.assets
-2009147926,WorldObject,Mission_Treadmill_Stamina2_Minigame_Normal,resources.assets
2127655752,WorldObject,Mission_Treadmill_Stamina2_WhileActive,resources.assets
-395255034,WorldObject,Mission_Treadmill_Stamina3_Finished,resources.assets
-1219971383,WorldObject,Mission_Treadmill_Stamina3_Minigame,resources.assets
1754210756,WorldObject,Mission_Treadmill_Stamina3_Minigame_Bad,resources.assets
-718265375,WorldObject,Mission_Treadmill_Stamina3_Minigame_Good,resources.assets
837634249,WorldObject,Mission_Treadmill_Stamina3_Minigame_Normal,resources.assets
277420137,WorldObject,Mission_Treadmill_Stamina3_WhileActive,resources.assets
546196568,WorldObject,Mission_TurtleSabotage_00_BuildChair,resources.assets
1015333566,WorldObject,Mission_TurtleSabotage_00_Manhole,resources.assets
1683084466,WorldObject,Mission_TurtleSabotage_00_SpawnTurtle,resources.assets
-142727290,WorldObject,Mission_TurtleSabotage_00_UpgradeCheck,resources.assets
1935334465,WorldObject,Mission_TurtleSabotage_01_TurtleHelpDialogue,resources.assets
83996496,WorldObject,Mission_TurtleSabotage_02A_TurtleWaitForUpgradeCrafted,resources.assets
820105999,WorldObject,Mission_TurtleSabotage_02_FreeTheTurtle,resources.assets
733810712,WorldObject,Mission_TurtleSabotage_03_SpawnTurtleAtManhole,resources.assets
-2027378891,WorldObject,Mission_TurtleSabotage_04_TurtleAtManholeGotUpgradeDialogue01,resources.assets
1872375022,WorldObject,Mission_TurtleSabotage_05_TurtleJumpIntoManhole,resources.assets
-313265579,WorldObject,Mission_TurtleSabotage_06A_TurtleSwimOverUpgrade01,resources.assets
-232422051,WorldObject,Mission_TurtleSabotage_07A_TurtleSwimBackUpgrade01,resources.assets
450908717,WorldObject,Mission_TutorialSkipped,resources.assets
-964558397,WorldObject,Mission_TutorialSkipped_DestroyFences,resources.assets
-790835767,WorldObject,Mission_TutorialSkipped_GetAxe,resources.assets
1541427673,WorldObject,Mission_TutorialSkipped_HiddenChesterGiveGrindStone,resources.assets
-1052881117,WorldObject,Mission_TutorialSkipped_HiddenChesterUnlockMailbox,resources.assets
517676497,WorldObject,Mission_TutorialSkipped_RepairBridge,resources.assets
525181408,WorldObject,Mission_TutorialSkipped_RepairDronePlatform,resources.assets
-1799045428,WorldObject,Mission_TutorialSkipped_SellSomething,resources.assets
1434367849,WorldObject,Mission_TutorialSkipped_SetUpPC,resources.assets
-1612853585,WorldObject,Mission_TutorialSkipped_SetUpSawhorse,resources.assets
1272609358,WorldObject,Mission_TutorialSkipped_SetUpWorkbench,resources.assets
1188494174,WorldObject,Mission_TutorialSkipped_SpawnObjects,resources.assets
-1151942452,WorldObject,Mission_TutorialSkipped_UnlockBaseRecipes,resources.assets
-821232668,WorldObject,Mission_Tutorial_00_TheLanding,resources.assets
1795036687,WorldObject,Mission_Tutorial_01_Intro,resources.assets
-1470864078,WorldObject,Mission_Tutorial_02a_SpawnAxe,resources.assets
1374759257,WorldObject,Mission_Tutorial_02b_CollectAxe,resources.assets
1454418691,WorldObject,Mission_Tutorial_02c_WalkToChester,resources.assets
-579224839,WorldObject,Mission_Tutorial_03_GetItemsForSawhorse,resources.assets
1827932647,WorldObject,Mission_Tutorial_03_WalkToChester,resources.assets
1353841735,WorldObject,Mission_Tutorial_04_BuildSawhorse,resources.assets
-1253129677,WorldObject,Mission_Tutorial_04_WalkToChester,resources.assets
-259734302,WorldObject,Mission_Tutorial_05_1_CollectBirchTrunks,resources.assets
-337865682,WorldObject,Mission_Tutorial_05_2_WalkToChester,resources.assets
1280117544,WorldObject,Mission_Tutorial_06_1_CraftResourcesForDroneplatform,resources.assets
1768595251,WorldObject,Mission_Tutorial_06_2_RepairDronePlatform,resources.assets
-650672773,WorldObject,Mission_Tutorial_06_3_SellStuff,resources.assets
400507214,WorldObject,Mission_Tutorial_06_4_WalkToChester,resources.assets
-1037335435,WorldObject,Mission_Tutorial_07_1_CraftResourcesForWorkbench,resources.assets
-1308952800,WorldObject,Mission_Tutorial_07_2_BuildWorkbench,resources.assets
108703119,WorldObject,Mission_Tutorial_07_3_CraftFurniture,resources.assets
-1454458992,WorldObject,Mission_Tutorial_07_4_SellFurniture,resources.assets
326656774,WorldObject,Mission_Tutorial_07_5_WalkToChester,resources.assets
902739202,WorldObject,Mission_Tutorial_08_1_TalkToChesterAboutGrindStone,resources.assets
-1978998372,WorldObject,Mission_Tutorial_08_2_CollectGrindStone,resources.assets
1159927988,WorldObject,Mission_Tutorial_08_3_BuildGrindStone,resources.assets
-182701500,WorldObject,Mission_Tutorial_08_4_UpgradeAxe,resources.assets
-1500520710,WorldObject,Mission_Tutorial_08_5_WalkToChester,resources.assets
743240328,WorldObject,Mission_Tutorial_09_1_ScoutTheBridge,resources.assets
276219994,WorldObject,Mission_Tutorial_09_2_WalkToChester,resources.assets
365205519,WorldObject,Mission_Tutorial_10_1_CraftPC,resources.assets
-369706796,WorldObject,Mission_Tutorial_10_2_CraftTable,resources.assets
952953747,WorldObject,Mission_Tutorial_10_3_BuildPCAtSlot,resources.assets
1982803324,WorldObject,Mission_Tutorial_10_4_ActivatePCAndMakeOrder,resources.assets
1652212311,WorldObject,Mission_Tutorial_10_5_GoToDropOffWaitForOrder,resources.assets
-1974743848,WorldObject,Mission_Tutorial_10_6_RepairTheBridge,resources.assets
-2107556170,WorldObject,Mission_Tutorial_10_7_WalkToChester,resources.assets
-706989783,WorldObject,Mission_Tutorial_11_1_ScoutCliffs,resources.assets
1833358995,WorldObject,Mission_Tutorial_11_2_WalkToChester,resources.assets
-1051902812,WorldObject,Mission_Tutorial_Finished,resources.assets
884590309,WorldObject,Mission_Unlock,resources.assets
-492036416,WorldObject,Mission_UnlockCogwheel,resources.assets
-1242910468,WorldObject,Mission_UnlockFurniture_AdvancedFurniture,resources.assets
-940798566,WorldObject,Mission_UnlockFurniture_Beehouse,resources.assets
1023964358,WorldObject,Mission_UnlockFurniture_HouseUtensils,resources.assets
876970344,WorldObject,Mission_UnlockFurniture_LogFurniture,resources.assets
78321151,WorldObject,Mission_UnlockFurniture_NerdStuff,resources.assets
-2081328052,WorldObject,Mission_UnlockFurniture_SimpleFurniture,resources.assets
433944536,WorldObject,Mission_UnlockFurniture_Toys,resources.assets
-851650778,WorldObject,Mission_UnlockFurniture_Weights,resources.assets
-1052199997,WorldObject,Mission_UnlockHeatResistentShoes,resources.assets
-1059300465,WorldObject,Mission_WeightBench_Strength1_Finished,resources.assets
-767949755,WorldObject,Mission_WeightBench_Strength1_Minigame,resources.assets
-1478508331,WorldObject,Mission_WeightBench_Strength1_Minigame_Bad,resources.assets
-2137689167,WorldObject,Mission_WeightBench_Strength1_Minigame_Good,resources.assets
1085575948,WorldObject,Mission_WeightBench_Strength1_Minigame_Normal,resources.assets
-126224647,WorldObject,Mission_WeightBench_Strength1_WhileActive,resources.assets
938664838,WorldObject,Mission_WeightBench_Strength2_Finished,resources.assets
404151859,WorldObject,Mission_WeightBench_Strength2_Minigame,resources.assets
1650114728,WorldObject,Mission_WeightBench_Strength2_Minigame_Bad,resources.assets
1355237077,WorldObject,Mission_WeightBench_Strength2_Minigame_Good,resources.assets
1498779581,WorldObject,Mission_WeightBench_Strength2_Minigame_Normal,resources.assets
-1554792998,WorldObject,Mission_WeightBench_Strength2_WhileActive,resources.assets
-464933234,WorldObject,Mission_WeightBench_Strength3_Finished,resources.assets
239869874,WorldObject,Mission_WeightBench_Strength3_Minigame,resources.assets
-366921872,WorldObject,Mission_WeightBench_Strength3_Minigame_Bad,resources.assets
-494638900,WorldObject,Mission_WeightBench_Strength3_Minigame_Good,resources.assets
1260626395,WorldObject,Mission_WeightBench_Strength3_Minigame_Normal,resources.assets
-658647606,WorldObject,Mission_WeightBench_Strength3_WhileActive,resources.assets
-2032298816,WorldObject,Mission_WishlistURL,resources.assets
-1006307645,WorldObject,Mission_WoodElevatorBroken_HIDDEN,resources.assets
195238311,WorldObject,Mission_WoodElevator_RepairWoodElevator,resources.assets
-1661412993,WorldObject,Mission_WoodGrindstone_1_TalkToChesterAboutGrindStone,resources.assets
775056708,WorldObject,Mission_WoodGrindstone_2_CollectGrindStone,resources.assets
-1393125502,WorldObject,Mission_WoodGrindstone_3_BuildGrindStone,resources.assets
-1399146460,WorldObject,Mission_WoodGrindstone_4_UpgradeAxe,resources.assets
1461053520,WorldObject,Mission_Workhall_AutoFurnace_01_SetUp,resources.assets
-2089126634,WorldObject,Mission_Workhall_AutoFurnace_02_Check,resources.assets
-1380669516,WorldObject,Mission_Workhall_ButtonContainerFurnitureCrafter_01_SetUp,resources.assets
708725482,WorldObject,Mission_Workhall_ButtonContainerFurnitureCrafter_02_Check,resources.assets
-17430056,WorldObject,Mission_Workhall_ButtonContainerSawMachine_01_SetUp,resources.assets
-295654773,WorldObject,Mission_Workhall_ButtonContainerSawMachine_02_Check,resources.assets
2146094581,WorldObject,Mission_Workhall_ContainerFurnitureCrafter_01_SetUp,resources.assets
2000750933,WorldObject,Mission_Workhall_ContainerFurnitureCrafter_02_Check,resources.assets
237462101,WorldObject,Mission_Workhall_ContainerSawMachine_01_SetUp,resources.assets
-1210216153,WorldObject,Mission_Workhall_ContainerSawMachine_02_Check,resources.assets
-1084834260,WorldObject,Mission_Workhall_Foundation01_01_SetUp,resources.assets
-1133946549,WorldObject,Mission_Workhall_Foundation01_02_Check,resources.assets
-2038906064,WorldObject,Mission_Workhall_Foundation02_01_SetUp,resources.assets
130340210,WorldObject,Mission_Workhall_Foundation02_02_Check,resources.assets
1787469511,WorldObject,Mission_Workhall_Foundation03_01_SetUp,resources.assets
-462059734,WorldObject,Mission_Workhall_Foundation03_02_Check,resources.assets
38309622,WorldObject,Mission_Workhall_FurnitureCrafter_01_SetUp,resources.assets
1721839033,WorldObject,Mission_Workhall_FurnitureCrafter_02_Check,resources.assets
640070000,WorldObject,Mission_Workhall_PipingIntake_01_SetUp,resources.assets
-748253584,WorldObject,Mission_Workhall_PipingIntake_02_Check,resources.assets
-1013729753,WorldObject,Mission_Workhall_Railing04_01_SetUP,resources.assets
1196319799,WorldObject,Mission_Workhall_Railing04_02_Check,resources.assets
-420534898,WorldObject,Mission_Workhall_SawMachine_01_SetUp,resources.assets
811441422,WorldObject,Mission_Workhall_SawMachine_02_Check,resources.assets
-985145710,WorldObject,Mission_buildable_Furnace_01_SetUp,resources.assets
-2106606844,WorldObject,Mission_buildable_Furnace_02_Check,resources.assets
-70778306,WorldObject,Mission_buildable_Treadmill_01_SetUp,resources.assets
-1901996463,WorldObject,Mission_buildable_Treadmill_02_Check,resources.assets
-806812067,WorldObject,OLDMinigameCraftingTestPrefab,resources.assets
1211451698,WorldObject,P_BirchBush_01_Snow,resources.assets
-1811054236,WorldObject,P_BirchBush_01_Summer,resources.assets
-1554293251,WorldObject,P_BirchBush_02_Snow,resources.assets
1860785923,WorldObject,P_BirchBush_02_Summer,resources.assets
-241984827,WorldObject,P_BirchBush_02_Workhall,resources.assets
-443918322,WorldObject,P_BirchBush_05_Snow,resources.assets
-1527043172,WorldObject,P_BirchBush_05_Summer,resources.assets
33349094,WorldObject,P_BirchBush_05_Workhall,resources.assets
-590952751,WorldObject,P_DeadBush_01,resources.assets
-236932031,WorldObject,P_DeadBush_02,resources.assets
371857150,WorldObject,Stone_Part4,resources.assets
389032781,WorldObject,Teleporter_Close_Base,resources.assets
-908661079,WorldObject,Teleporter_Closed,resources.assets
709785408,WorldObject,Teleporter_Open_Base,resources.assets
-105883214,WorldObject,Teleporter_Opened,resources.assets
-1267005033,WorldObject,Tree,resources.assets
-1917622537,WorldObject,Trigger_AfterDinnerDeleteShootoutInside,resources.assets
512192713,WorldObject,Trigger_CaveBridgeDiscovered,resources.assets
696113498,WorldObject,Trigger_CultIntroduction,resources.assets
302554228,WorldObject,Trigger_DMGPlayerInHouse,resources.assets
-1384123748,WorldObject,Trigger_DuckHouseTooEarly,resources.assets
1322450798,WorldObject,Trigger_DuckHouseTooEarly01,resources.assets
-750945025,WorldObject,Trigger_DuckHouseTooEarly02,resources.assets
-1315218794,WorldObject,Trigger_ENDNoLongerWelcomeDIalogue,resources.assets
1044117351,WorldObject,Trigger_EnterDungeon,resources.assets
-253096128,WorldObject,Trigger_ExitDungeon,resources.assets
-1114108073,WorldObject,Trigger_FindChessKingMission,resources.assets
21812348,WorldObject,Trigger_GenovatechLabDiscovered,resources.assets
1619092605,WorldObject,Trigger_HamsterDialoguePickles,resources.assets
1401216178,WorldObject,Trigger_HamsterDialoguePillows,resources.assets
1279103047,WorldObject,Trigger_HamsterIntro,resources.assets
1344905461,WorldObject,Trigger_HouseMission,resources.assets
124350149,WorldObject,Trigger_HouseMissionChester,resources.assets
-75636895,WorldObject,Trigger_HouseMission_SpawnFiles,resources.assets
-1151671344,WorldObject,Trigger_KillPlayer,resources.assets
949145595,WorldObject,Trigger_KillPlayerInHouse,resources.assets
305218397,WorldObject,Trigger_LocationDiscovered,resources.assets
-1218703197,WorldObject,Trigger_LocationDiscovered_CaveArea,resources.assets
-2070629101,WorldObject,Trigger_LocationDiscovered_ElectroTree,resources.assets
195331431,WorldObject,Trigger_LocationDiscovered_HamsterHome,resources.assets
-1265365997,WorldObject,Trigger_LocationDiscovered_MetalTree,resources.assets
1199492807,WorldObject,Trigger_LocationDiscovered_WalnutTree,resources.assets
-912303501,WorldObject,Trigger_MaleDuckAfterMushrooms,resources.assets
-1640048588,WorldObject,Trigger_MaleDuckIntroduction,resources.assets
1914355436,WorldObject,Trigger_OldWindmillDiscovered,resources.assets
351277308,WorldObject,Trigger_ShedMonologue,resources.assets
-208254285,WorldObject,Trigger_SirWorcestershireMission,resources.assets
-1873569067,WorldObject,Trigger_Straw,resources.assets
-1534401177,WorldObject,Trigger_TentDestroyable,resources.assets
1431812280,WorldObject,Trigger_Turtle,resources.assets
213334152,WorldObject,Trigger_collectBlueprint_Base,resources.assets
-1519521221,WorldObject,Trigger_collectBlueprint_Furnace,resources.assets
711503328,WorldObject,Trigger_collectBlueprint_LavaShoes,resources.assets
1691294390,WorldObject,_Mission_Tutorial_05_1_TalkToChesterAboutGrindStone,resources.assets
-698128995,WorldObject,_Mission_Tutorial_05_2_CollectGrindStone,resources.assets
739986806,WorldObject,_Mission_Tutorial_05_3_BuildGrindStone,resources.assets
-289239258,WorldObject,_Mission_Tutorial_05_ActivatePCAndMakeOrder,resources.assets
1612574531,WorldObject,_Mission_Tutorial_06_CraftFurniture,resources.assets
-1530444277,WorldObject,_Mission_Tutorial_06_WalkToChester,resources.assets
-688596697,WorldObject,_Mission_Tutorial_08_SellStuff,resources.assets
-887927715,WorldObject,_Mission_Tutorial_08_WalkToChester,resources.assets
783630321,WorldObject,_Mission_Tutorial_09_WalkToChester,resources.assets
202364925,WorldObject,_Mission_Tutorial_10_1_CraftPC,resources.assets
310029510,WorldObject,_Mission_Tutorial_10_2_CraftTable,resources.assets
28358241,WorldObject,_Mission_Tutorial_10_3_BuildPCAtSlot,resources.assets
-732059340,WorldObject,_Mission_Tutorial_10_WalkToChester,resources.assets
660709497,WorldObject,_Mission_Tutorial_12_GoToDropOffWaitForKit,resources.assets
-1037350612,WorldObject,_Mission_Tutorial_13_AssembleSawhorse,resources.assets
-1016738954,WorldObject,_Mission_Tutorial_13_WalkToChester,resources.assets
344459797,WorldObject,_Mission_Tutorial_14_ScoutTheBridge,resources.assets
-929824339,WorldObject,_Mission_Tutorial_14b_WalkToChester,resources.assets
-629073485,WorldObject,_Mission_Tutorial_15_CraftPlanksAndBeams,resources.assets
-1830009688,WorldObject,_Mission_Tutorial_16_RepairTheBridge,resources.assets
-1953534695,WorldObject,_Mission_Tutorial_16_WalkToChester,resources.assets
-1033307438,WorldObject,a_shippingCrateBelt01,resources.assets
277554551,WorldObject,p_Animal_BeaverInBase,resources.assets
-757763988,WorldObject,p_Animal_BeaverWalkToTunnel01,resources.assets
699600237,WorldObject,p_Animal_BeaverWalkToWork01,resources.assets
-1889491606,WorldObject,p_Animal_Chicken01,resources.assets
1214283936,WorldObject,p_Animal_Chicken01_Respawner,resources.assets
-1893096035,WorldObject,p_Animal_Chicken02,resources.assets
-228117535,WorldObject,p_Animal_Chicken02_Respawner,resources.assets
-1505913980,WorldObject,p_Animal_ChickenKing01,resources.assets
-1882444904,WorldObject,p_Animal_Crab02,resources.assets
-90741807,WorldObject,p_Animal_DuckFemale_Respawner,resources.assets
-770412441,WorldObject,p_Animal_DuckMale_Respawner,resources.assets
332390103,WorldObject,p_Animal_DuckOnWaterFemale,resources.assets
899807848,WorldObject,p_Animal_DuckOnWaterMale,resources.assets
-1089799723,WorldObject,p_Animal_Hamster01,resources.assets
-1570274485,WorldObject,p_AutoFurnace,resources.assets
629867994,WorldObject,p_BirchTrunkSplit_Beam_01,resources.assets
-1941849114,WorldObject,p_BirchTrunkSplit_Beam_02,resources.assets
808497951,WorldObject,p_BirchTrunkSplit_Beam_03,resources.assets
1219419346,WorldObject,p_BirchTrunkSplit_Beam_04,resources.assets
-187891384,WorldObject,p_BirchTrunkSplit_Beam_05,resources.assets
563736277,WorldObject,p_BirchTrunkSplit_Beam_06,resources.assets
167092505,WorldObject,p_BlockerDoors,resources.assets
2056653995,WorldObject,p_BlockerShedDoor,resources.assets
-1003815509,WorldObject,p_BlueprintTable01,resources.assets
-1656963957,WorldObject,p_BoberCarvingCrafter01,resources.assets
753394294,WorldObject,p_BoberWorkplaceCrafter,resources.assets
546311559,WorldObject,p_BridgeAnimated01,resources.assets
-256060950,WorldObject,p_BridgePart01A,resources.assets
-1575866855,WorldObject,p_BridgePart01B,resources.assets
655199659,WorldObject,p_BridgePart02A,resources.assets
-223273373,WorldObject,p_BridgePart02B,resources.assets
1331765306,WorldObject,p_BridgePart03A,resources.assets
172467789,WorldObject,p_BridgePart03B,resources.assets
-231482125,WorldObject,p_BridgePart04A,resources.assets
-544148090,WorldObject,p_BridgePart04B,resources.assets
-2030184637,WorldObject,p_Bush_Dead01_Respawner,resources.assets
-561467073,WorldObject,p_Bush_Dead02_Respawner,resources.assets
-781525088,WorldObject,p_Bush_Snow01_Respawner,resources.assets
1854415783,WorldObject,p_Bush_Snow02_Respawner,resources.assets
-1445022119,WorldObject,p_Bush_Snow05_Respawner,resources.assets
532597242,WorldObject,p_Bush_Summer01_Respawner,resources.assets
313038824,WorldObject,p_Bush_Summer02_Respawner,resources.assets
-1097598624,WorldObject,p_Bush_Summer05_Respawner,resources.assets
1880742579,WorldObject,p_Bush_Workhall02_Respawner,resources.assets
353146401,WorldObject,p_Bush_Workhall05_Respawner,resources.assets
-14529659,WorldObject,p_Campfire01,resources.assets
80565913,WorldObject,p_CampingChairAtCliff01,resources.assets
947925184,WorldObject,p_Chest01,resources.assets
-423670200,WorldObject,p_ChesterCrate01,resources.assets
523482761,WorldObject,p_ChopChopLog,resources.assets
1348565305,WorldObject,p_ChopChopLogOLD,resources.assets
128439727,WorldObject,p_CityCrafter,resources.assets
1887006014,WorldObject,p_CoffeemachineButton,resources.assets
-1644011315,WorldObject,p_CoffeemachineButtonAdditional,resources.assets
-1698120601,WorldObject,p_CoffeemachineButtonAdditional Variant,resources.assets
-1885524210,WorldObject,p_CoffeemachineButtonDummy,resources.assets
-1232521983,WorldObject,p_CookingStation01,resources.assets
1010570458,WorldObject,p_Document01,resources.assets
525990785,WorldObject,p_Document02,resources.assets
-94460243,WorldObject,p_Document03,resources.assets
577117177,WorldObject,p_Document04,resources.assets
-646930187,WorldObject,p_DocumentStamp,resources.assets
1302208677,WorldObject,p_Dome_Animated,resources.assets
358759850,WorldObject,p_DoorTeleporterBase,resources.assets
2036829517,WorldObject,p_DroneFlightToCity,resources.assets
938815297,WorldObject,p_DroneFlightToPlatform,resources.assets
1570433182,WorldObject,p_DronePlatform,resources.assets
1286766720,WorldObject,p_DronePlatformPart00,resources.assets
457238314,WorldObject,p_DronePlatformPart03,resources.assets
-1850087359,WorldObject,p_DuckCabinDoor01,resources.assets
-1018458561,WorldObject,p_DuckCabinDoor02,resources.assets
1013340380,WorldObject,p_DuckCabinDoor03Close,resources.assets
-1308546922,WorldObject,p_DucksMushroomCutCrafter,resources.assets
-2001626170,WorldObject,p_FilesMarkerandArrow,resources.assets
-1255342439,WorldObject,p_FishCrafter01,resources.assets
1754616202,WorldObject,p_Furnace01,resources.assets
1115681656,WorldObject,p_FurnitureCrafter01,resources.assets
1500495565,WorldObject,p_FurnitureCrafter03,resources.assets
-328641571,WorldObject,p_FurnoxDrone_Flight,resources.assets
-1948159491,WorldObject,p_FurnoxStinkBomb01,resources.assets
-1493290263,WorldObject,p_GateClosed,resources.assets
1556965282,WorldObject,p_GateOpen,resources.assets
-1498505492,WorldObject,p_GrindStone_Metal,resources.assets
735755766,WorldObject,p_GrindStone_Stone,resources.assets
424571070,WorldObject,p_GrindStone_Wood,resources.assets
1355164165,WorldObject,p_HamsterCage01,resources.assets
1181711410,WorldObject,p_HamsterFeedingTube,resources.assets
-537984765,WorldObject,p_HamsterHouse01,resources.assets
1592008125,WorldObject,p_HamsterHouse01_Holo,resources.assets
-86595200,WorldObject,p_HamsterHouseFence01,resources.assets
2014536390,WorldObject,p_HamsterHouseFence01_Holo,resources.assets
-167688,WorldObject,p_HamsterHouseFence02,resources.assets
-2110485368,WorldObject,p_HamsterHouseFence02_Holo,resources.assets
-2017054715,WorldObject,p_HamsterHouseFence03,resources.assets
620735563,WorldObject,p_HamsterHouseFence03_Holo,resources.assets
-1610561523,WorldObject,p_HamsterHouseFence04,resources.assets
1977362179,WorldObject,p_HamsterHouseFence04_Holo,resources.assets
312985810,WorldObject,p_HamsterHouseFence05,resources.assets
-118852348,WorldObject,p_HamsterHouseFence05_Holo,resources.assets
-767292839,WorldObject,p_HamsterHouseFence06,resources.assets
-1982208153,WorldObject,p_HamsterHouseFence06_Holo,resources.assets
-525416373,WorldObject,p_HamsterHouseFence07,resources.assets
1354681268,WorldObject,p_HamsterHouseFence07_Holo,resources.assets
-974510900,WorldObject,p_HamsterHouseFence08,resources.assets
1269153942,WorldObject,p_HamsterHouseFence08_Holo,resources.assets
-461927560,WorldObject,p_HamsterHouseFence09,resources.assets
-1437920124,WorldObject,p_HamsterHouseFence09_Holo,resources.assets
554739307,WorldObject,p_HamsterHouseFence10,resources.assets
-83084796,WorldObject,p_HamsterHouseFence10_Holo,resources.assets
-973358303,WorldObject,p_HouseDoor01,resources.assets
343280550,WorldObject,p_HouseDoor01Holo,resources.assets
-1908347432,WorldObject,p_HouseDoor01NeutralInside,resources.assets
-2123492130,WorldObject,p_HouseDoor01OpenInside,resources.assets
-553166706,WorldObject,p_HouseDoor01OpenInsideClose,resources.assets
-226987891,WorldObject,p_HouseDoor02,resources.assets
-1333214133,WorldObject,p_HouseDoor02Holo,resources.assets
1067071299,WorldObject,p_HouseDoor02NeutralInside,resources.assets
-1981241899,WorldObject,p_HouseDoor02OpenInside,resources.assets
-1117386925,WorldObject,p_HouseDoor02OpenInsideClose,resources.assets
225790030,WorldObject,p_HouseFoundation01,resources.assets
1592342289,WorldObject,p_HouseFoundation01Holo,resources.assets
-140409726,WorldObject,p_HouseFoundation02Holo,resources.assets
-1045161362,WorldObject,p_HouseFoundation03Holo,resources.assets
1851458707,WorldObject,p_HouseFramework01,resources.assets
-273815225,WorldObject,p_HouseFramework01Holo,resources.assets
-568685128,WorldObject,p_HouseFramework02Holo,resources.assets
826562965,WorldObject,p_HouseFramework03Holo,resources.assets
-1885220199,WorldObject,p_HouseFramework04Holo,resources.assets
-352313496,WorldObject,p_HouseFramework05Holo,resources.assets
2133228536,WorldObject,p_HouseFramework06Holo,resources.assets
748688553,WorldObject,p_HousePlanks01,resources.assets
766694522,WorldObject,p_HousePlanks01Holo,resources.assets
-494482047,WorldObject,p_HousePlanks02,resources.assets
-772846584,WorldObject,p_HousePlanks02Holo,resources.assets
1554262920,WorldObject,p_HousePlanks03,resources.assets
354020050,WorldObject,p_HousePlanks03Holo,resources.assets
-834034550,WorldObject,p_HousePlanks04,resources.assets
-687831775,WorldObject,p_HousePlanks04Holo,resources.assets
-1196057942,WorldObject,p_HousePlanks05,resources.assets
-1783750742,WorldObject,p_HousePlanks05Holo,resources.assets
-274342035,WorldObject,p_HousePlanks06,resources.assets
-636904071,WorldObject,p_HousePlanks06Holo,resources.assets
1315637303,WorldObject,p_HousePlanks07,resources.assets
-2032358684,WorldObject,p_HousePlanks07Holo,resources.assets
-1590174165,WorldObject,p_HousePlanks08,resources.assets
-853506722,WorldObject,p_HousePlanks08Holo,resources.assets
1004569872,WorldObject,p_HousePlanks09,resources.assets
-1300437432,WorldObject,p_HousePlanks09Holo,resources.assets
-1109384352,WorldObject,p_HousePlanks10,resources.assets
1187648228,WorldObject,p_HousePlanks10Holo,resources.assets
-899059060,WorldObject,p_HousePlanks11,resources.assets
161045685,WorldObject,p_HousePlanks11Holo,resources.assets
1632442282,WorldObject,p_HousePlanks12,resources.assets
1418939256,WorldObject,p_HousePlanks12Holo,resources.assets
2144823915,WorldObject,p_HouseRailing01,resources.assets
-1611744196,WorldObject,p_HouseRailing01Holo,resources.assets
-808213718,WorldObject,p_HouseRailing02,resources.assets
-655021645,WorldObject,p_HouseRailing02Holo,resources.assets
600349942,WorldObject,p_HouseRailing03,resources.assets
-2085838823,WorldObject,p_HouseRailing03Holo,resources.assets
38147798,WorldObject,p_HouseRailing04,resources.assets
-470229788,WorldObject,p_HouseRailing04Holo,resources.assets
671661214,WorldObject,p_HouseRailing05,resources.assets
523960060,WorldObject,p_HouseRailing05Holo,resources.assets
-1493889953,WorldObject,p_HouseRailing06,resources.assets
-1584587190,WorldObject,p_HouseRailing06Holo,resources.assets
-2087576390,WorldObject,p_HouseRailing07,resources.assets
980040207,WorldObject,p_HouseRailing07Holo,resources.assets
-1883374129,WorldObject,p_HouseRailing08,resources.assets
-1436800128,WorldObject,p_HouseRailing08Holo,resources.assets
1630534155,WorldObject,p_HouseRailing09,resources.assets
1791071389,WorldObject,p_HouseRailing09Holo,resources.assets
1467996395,WorldObject,p_HouseRailing10,resources.assets
1450698262,WorldObject,p_HouseRailing10Holo,resources.assets
1437747957,WorldObject,p_HouseRailing11,resources.assets
1790167984,WorldObject,p_HouseRailing11Holo,resources.assets
332574436,WorldObject,p_HouseRailing12,resources.assets
-1592648614,WorldObject,p_HouseRailing12Holo,resources.assets
844560343,WorldObject,p_HouseRoof01,resources.assets
-1540845540,WorldObject,p_HouseRoof01Holo,resources.assets
-312513783,WorldObject,p_HouseRoof02,resources.assets
1602211523,WorldObject,p_HouseRoof02Holo,resources.assets
17027090,WorldObject,p_HouseRoof03,resources.assets
-814929862,WorldObject,p_HouseRoof03Holo,resources.assets
1258587548,WorldObject,p_HouseRoof04,resources.assets
-1401656468,WorldObject,p_HouseRoof04Holo,resources.assets
1881793578,WorldObject,p_HouseRoof05,resources.assets
332968766,WorldObject,p_HouseRoof05Holo,resources.assets
741767505,WorldObject,p_HouseRoof06,resources.assets
1383708647,WorldObject,p_HouseRoof06Holo,resources.assets
51908220,WorldObject,p_HouseRoof07,resources.assets
-2007941832,WorldObject,p_HouseRoof07Holo,resources.assets
1578579002,WorldObject,p_HouseRoof08,resources.assets
-537433851,WorldObject,p_HouseRoof08Holo,resources.assets
-1576064186,WorldObject,p_HouseRoof09,resources.assets
-44802541,WorldObject,p_HouseRoof09Holo,resources.assets
2087715592,WorldObject,p_HouseSideTent01,resources.assets
598691584,WorldObject,p_HouseSideTent01Holo,resources.assets
-529995142,WorldObject,p_HouseSign01,resources.assets
-1824768538,WorldObject,p_HouseSign01Holo,resources.assets
-1197962284,WorldObject,p_HouseStairs01,resources.assets
-1958357460,WorldObject,p_HouseStairs01Holo01,resources.assets
1710619006,WorldObject,p_HouseStairs01Holo02,resources.assets
-1142976939,WorldObject,p_HouseStairs01Holo03,resources.assets
835192979,WorldObject,p_HouseStairs02,resources.assets
1155164522,WorldObject,p_HouseStairs02Holo01,resources.assets
-1816213603,WorldObject,p_HouseStairs02Holo02,resources.assets
-1797014684,WorldObject,p_HouseStairs02Holo03,resources.assets
1909262154,WorldObject,p_HouseWall01,resources.assets
622212585,WorldObject,p_HouseWall01Holo01,resources.assets
-1913910399,WorldObject,p_HouseWall01Holo02,resources.assets
783854248,WorldObject,p_HouseWall02,resources.assets
-1803789468,WorldObject,p_HouseWall02Holo01,resources.assets
1613096362,WorldObject,p_HouseWall02Holo02,resources.assets
1221126832,WorldObject,p_HouseWall03,resources.assets
-1581888602,WorldObject,p_HouseWall03Holo01,resources.assets
-1800111392,WorldObject,p_HouseWall03Holo02,resources.assets
678256791,WorldObject,p_HouseWall04,resources.assets
-610877615,WorldObject,p_HouseWall04Holo01,resources.assets
872981693,WorldObject,p_HouseWall04Holo02,resources.assets
1085947453,WorldObject,p_HouseWall05,resources.assets
1129467774,WorldObject,p_HouseWall05Holo01,resources.assets
-171742659,WorldObject,p_HouseWall05Holo02,resources.assets
-574559211,WorldObject,p_HouseWall06,resources.assets
-826183176,WorldObject,p_HouseWall06Holo01,resources.assets
-898171446,WorldObject,p_HouseWall06Holo02,resources.assets
1172672219,WorldObject,p_HouseWall07,resources.assets
372457946,WorldObject,p_HouseWall07Holo01,resources.assets
-1647420594,WorldObject,p_HouseWall07Holo02,resources.assets
41702318,WorldObject,p_HouseWall08,resources.assets
-546044405,WorldObject,p_HouseWall08Holo01,resources.assets
-1164250186,WorldObject,p_HouseWall08Holo02,resources.assets
-269119467,WorldObject,p_HouseWall09,resources.assets
1868482956,WorldObject,p_HouseWall09Holo01,resources.assets
1916635283,WorldObject,p_HouseWall09Holo02,resources.assets
-1415058550,WorldObject,p_HouseWall10,resources.assets
1577787301,WorldObject,p_HouseWall10Holo01,resources.assets
-1803327173,WorldObject,p_HouseWall10Holo02,resources.assets
-1221764047,WorldObject,p_HouseWindow01,resources.assets
290033863,WorldObject,p_HouseWindow01Holo,resources.assets
25761971,WorldObject,p_HouseWindow02,resources.assets
-215083843,WorldObject,p_HouseWindow02Holo,resources.assets
246243533,WorldObject,p_HouseWindow03,resources.assets
-1682585923,WorldObject,p_HouseWindow03Holo,resources.assets
-467477632,WorldObject,p_HouseWindow04,resources.assets
1251287068,WorldObject,p_HouseWindow04Holo,resources.assets
-1423764046,WorldObject,p_HouseWindow05,resources.assets
-1399502099,WorldObject,p_HouseWindow05Holo,resources.assets
225753976,WorldObject,p_InventoryCannon,resources.assets
-1931740931,WorldObject,p_InventoryWorkingHall,resources.assets
-13529417,WorldObject,p_ItemCrafterInventoryCrate,resources.assets
2036421636,WorldObject,p_KillzoneTruck,resources.assets
-88952914,WorldObject,p_KillzoneTruck_Return,resources.assets
1500652770,WorldObject,p_KillzoneTruck_ShippingCrate,resources.assets
1787832107,WorldObject,p_MailboxClose,resources.assets
-920833687,WorldObject,p_MailboxOpen,resources.assets
820964902,WorldObject,p_MailboxStart,resources.assets
1912280284,WorldObject,p_MapObject_dronePlatform_destroyed,resources.assets
659970840,WorldObject,p_MarioCrate01,resources.assets
-1271313809,WorldObject,p_PC,resources.assets
109919444,WorldObject,p_PCBootUp,resources.assets
-1026585043,WorldObject,p_PickleIntakeRedButton,resources.assets
-104432210,WorldObject,p_PickleIntakeRedButton Variant,resources.assets
-999383195,WorldObject,p_PicklesChocolate,resources.assets
-1646377070,WorldObject,p_Player,resources.assets
-2073920632,WorldObject,p_PlayerImpact,resources.assets
984722338,WorldObject,p_RubbleBarrier01,resources.assets
-657909801,WorldObject,p_RubbleBarrier02,resources.assets
1068530271,WorldObject,p_Sawhorse,resources.assets
-373376051,WorldObject,p_SawhorseRework,resources.assets
1400850329,WorldObject,p_SellingDroneDropoff,resources.assets
1009914772,WorldObject,p_SellingDroneDropoffBlocker,resources.assets
391986090,WorldObject,p_SellingDroneDropoffInventory,resources.assets
-102755213,WorldObject,p_ShippingCrate01,resources.assets
-1393975620,WorldObject,p_ShippingCrateFull,resources.assets
-584936388,WorldObject,p_ShopSpawnOrders,resources.assets
78058985,WorldObject,p_SirWorcestershireResearch01,resources.assets
2070485984,WorldObject,p_Slot_AutoFurnace,resources.assets
328468799,WorldObject,p_Slot_Beehouse,resources.assets
546736802,WorldObject,p_Slot_BlueprintTable01,resources.assets
138142421,WorldObject,p_Slot_BoberWorkbench,resources.assets
-882924830,WorldObject,p_Slot_CampingChair,resources.assets
-1051301062,WorldObject,p_Slot_CityCrafter01,resources.assets
-1597200171,WorldObject,p_Slot_CookingStation01,resources.assets
1878557137,WorldObject,p_Slot_Fence,resources.assets
734250226,WorldObject,p_Slot_Furnace,resources.assets
77633658,WorldObject,p_Slot_FurnitureCrafter01,resources.assets
-145432396,WorldObject,p_Slot_GrindStone01Wood,resources.assets
652180228,WorldObject,p_Slot_GrindStone02Stone,resources.assets
-975310245,WorldObject,p_Slot_GrindStone03Metal,resources.assets
-1227273829,WorldObject,p_Slot_HouseFoundation,resources.assets
-648427896,WorldObject,p_Slot_HouseFramework,resources.assets
-1143724738,WorldObject,p_Slot_HousePlanks,resources.assets
1356252198,WorldObject,p_Slot_HouseRailings,resources.assets
1849461945,WorldObject,p_Slot_HouseRoof,resources.assets
1944951620,WorldObject,p_Slot_HouseSideTent,resources.assets
-175231733,WorldObject,p_Slot_HouseSign,resources.assets
1705259012,WorldObject,p_Slot_HouseStairs,resources.assets
1647086830,WorldObject,p_Slot_HouseWalls,resources.assets
-1409902705,WorldObject,p_Slot_HouseWindowsAndDoors,resources.assets
-982095882,WorldObject,p_Slot_Mailbox,resources.assets
78288316,WorldObject,p_Slot_MoneyDrawer,resources.assets
-1659964218,WorldObject,p_Slot_PC,resources.assets
-688716411,WorldObject,p_Slot_Sawhorse,resources.assets
-1651394490,WorldObject,p_Slot_Treadmill,resources.assets
-246480193,WorldObject,p_Slot_WeightBench,resources.assets
-1117639057,WorldObject,p_Slot_WoodElevator01,resources.assets
-2024492001,WorldObject,p_Slot_WorcestershireInHouse,resources.assets
-1616003996,WorldObject,p_Slot_WorkhallButtonContainerFurnitureCrafter,resources.assets
-1187387917,WorldObject,p_Slot_WorkhallButtonContainerSawMachine,resources.assets
-206466485,WorldObject,p_Slot_WorkhallFoundation01,resources.assets
1072586491,WorldObject,p_Slot_WorkhallFoundation02,resources.assets
-1535695922,WorldObject,p_Slot_WorkhallFoundation03,resources.assets
396004635,WorldObject,p_Slot_WorkhallFurnitureCrafter,resources.assets
-938030213,WorldObject,p_Slot_WorkhallFurnitureCrafterContainer,resources.assets
885713566,WorldObject,p_Slot_WorkhallPipingIntake,resources.assets
2047308818,WorldObject,p_Slot_WorkhallRailings01,resources.assets
1152304647,WorldObject,p_Slot_WorkhallSawMachine,resources.assets
454632414,WorldObject,p_Slot_WorkhallSawMachineContainer,resources.assets
32209366,WorldObject,p_Slot_brokenTeleporter,resources.assets
-379569771,WorldObject,p_Slot_brokenTeleporter_Area2,resources.assets
1820586841,WorldObject,p_Slot_brokenTeleporter_Area4,resources.assets
1540248871,WorldObject,p_Slot_brokenTeleporter_Area5,resources.assets
-1018587769,WorldObject,p_Slot_brokenTeleporter_Cave,resources.assets
-1079348751,WorldObject,p_Slot_dronePlatform_destroyed,resources.assets
580451016,WorldObject,p_Slot_hamsterhouse,resources.assets
-916142732,WorldObject,p_Stump_Apple_01,resources.assets
-541743482,WorldObject,p_Stump_Apple_01_Workhall,resources.assets
-2053916416,WorldObject,p_Stump_Apple_02,resources.assets
574348120,WorldObject,p_Stump_Apple_02_FallingLeaves,resources.assets
-1425207135,WorldObject,p_Stump_Apple_02_Workhall,resources.assets
1367229943,WorldObject,p_Stump_Apple_03,resources.assets
-1162690902,WorldObject,p_Stump_Apple_03_FallingLeaves,resources.assets
48844952,WorldObject,p_Stump_Apple_03_Workhall,resources.assets
195781235,WorldObject,p_Stump_Birch_01,resources.assets
560703652,WorldObject,p_Stump_Birch_01_Cabin,resources.assets
-1851826974,WorldObject,p_Stump_Birch_02,resources.assets
1710424121,WorldObject,p_Stump_Birch_02_FallingLeaves,resources.assets
1564430665,WorldObject,p_Stump_Birch_02_Workhall,resources.assets
1342035488,WorldObject,p_Stump_Birch_03,resources.assets
-1063094340,WorldObject,p_Stump_Birch_03_Workhall,resources.assets
-1399033819,WorldObject,p_Stump_Birch_04,resources.assets
470721294,WorldObject,p_Stump_Birch_04_FallingLeaves,resources.assets
1743955912,WorldObject,p_Stump_Birch_04_Workhall,resources.assets
1205880996,WorldObject,p_Stump_Birch_07,resources.assets
-964418569,WorldObject,p_Stump_Birch_07_Cabin,resources.assets
-1308354149,WorldObject,p_Stump_Crystal_01,resources.assets
2102082584,WorldObject,p_Stump_Crystal_02,resources.assets
-45771221,WorldObject,p_Stump_Crystal_03,resources.assets
-1776132591,WorldObject,p_Stump_Dead_01,resources.assets
1339377816,WorldObject,p_Stump_Dead_02,resources.assets
1826757873,WorldObject,p_Stump_Dead_03,resources.assets
-1752296921,WorldObject,p_Stump_Metal_01,resources.assets
-1922342795,WorldObject,p_Stump_Metal_02,resources.assets
1746914195,WorldObject,p_Stump_Metal_03,resources.assets
463280074,WorldObject,p_Stump_Palm_01,resources.assets
-979151939,WorldObject,p_Stump_Rock_01,resources.assets
-1457620422,WorldObject,p_Stump_WalnutMushroom_01,resources.assets
1607817635,WorldObject,p_Stump_Walnut_01,resources.assets
1281511942,WorldObject,p_Stump_Walnut_02,resources.assets
1579124908,WorldObject,p_Stump_Walnut_03,resources.assets
378988094,WorldObject,p_TP_Area2ToBase,resources.assets
1586823352,WorldObject,p_TP_Area3ToBase,resources.assets
1534954745,WorldObject,p_TP_Area4ToBase,resources.assets
257129915,WorldObject,p_TP_Area5ToBase,resources.assets
789462028,WorldObject,p_TP_BaseToArea2,resources.assets
-342134475,WorldObject,p_TP_BaseToArea3,resources.assets
175849872,WorldObject,p_TP_BaseToArea4,resources.assets
-100665990,WorldObject,p_TP_BaseToArea5,resources.assets
2033513648,WorldObject,p_TeleportPlayerIntoBox,resources.assets
555951458,WorldObject,p_Treadmill,resources.assets
2145113691,WorldObject,p_Tree_Apple01_Respawner,resources.assets
-1575443478,WorldObject,p_Tree_Apple01_Workhall_Respawner,resources.assets
1252485336,WorldObject,p_Tree_Apple02_FallingLeaves_Respawner,resources.assets
653805909,WorldObject,p_Tree_Apple02_Respawner,resources.assets
1891173210,WorldObject,p_Tree_Apple02_Workhall_Respawner,resources.assets
-1035833069,WorldObject,p_Tree_Apple03_FallingLeaves_Respawner,resources.assets
-2106065550,WorldObject,p_Tree_Apple03_Respawner,resources.assets
1983659992,WorldObject,p_Tree_Apple03_Workhall_Respawner,resources.assets
42617885,WorldObject,p_Tree_Apple_01,resources.assets
-1622833909,WorldObject,p_Tree_Apple_01_Workhall,resources.assets
-156887277,WorldObject,p_Tree_Apple_02,resources.assets
446141343,WorldObject,p_Tree_Apple_02_FallingLeaves,resources.assets
13979364,WorldObject,p_Tree_Apple_02_Workhall,resources.assets
1073200838,WorldObject,p_Tree_Apple_03,resources.assets
-1631128459,WorldObject,p_Tree_Apple_03_FallingLeaves,resources.assets
1610243179,WorldObject,p_Tree_Apple_03_Workhall,resources.assets
-1813985410,WorldObject,p_Tree_Birch01_Cabin_Respawner,resources.assets
856525045,WorldObject,p_Tree_Birch01_Respawner,resources.assets
1717208592,WorldObject,p_Tree_Birch02_FallingLeaves_Respawner,resources.assets
-1033499183,WorldObject,p_Tree_Birch02_Respawner,resources.assets
1831454898,WorldObject,p_Tree_Birch02_Workhall_Respawner,resources.assets
788298898,WorldObject,p_Tree_Birch03_Respawner,resources.assets
1822118806,WorldObject,p_Tree_Birch03_Workhall_Respawner,resources.assets
-1289240419,WorldObject,p_Tree_Birch04_FallingLeaves_Respawner,resources.assets
-801552946,WorldObject,p_Tree_Birch04_Respawner,resources.assets
-692132643,WorldObject,p_Tree_Birch04_Workhall_Respawner,resources.assets
-2085211885,WorldObject,p_Tree_Birch07_Cabin_Respawner,resources.assets
-1009944560,WorldObject,p_Tree_Birch07_Respawner,resources.assets
-760104094,WorldObject,p_Tree_Birch_01,resources.assets
-249142208,WorldObject,p_Tree_Birch_01_Cabin,resources.assets
-2021437395,WorldObject,p_Tree_Birch_02,resources.assets
547085361,WorldObject,p_Tree_Birch_02_FallingLeaves,resources.assets
-1785090678,WorldObject,p_Tree_Birch_02_Workhall,resources.assets
-531013114,WorldObject,p_Tree_Birch_03,resources.assets
-93893241,WorldObject,p_Tree_Birch_03_Workhall,resources.assets
2025673331,WorldObject,p_Tree_Birch_04,resources.assets
-1281305193,WorldObject,p_Tree_Birch_04_Bees,resources.assets
-769018917,WorldObject,p_Tree_Birch_04_FallingLeaves,resources.assets
-1888796597,WorldObject,p_Tree_Birch_04_Workhall,resources.assets
647396312,WorldObject,p_Tree_Birch_07,resources.assets
-1946943349,WorldObject,p_Tree_Birch_07_Cabin,resources.assets
399521715,WorldObject,p_Tree_Birch_SelfDestruct,resources.assets
-1632565028,WorldObject,p_Tree_Birch_SelfDestruct_Respawner,resources.assets
-2141708210,WorldObject,p_Tree_Crystal01_Respawner,resources.assets
1179585600,WorldObject,p_Tree_Crystal02_Respawner,resources.assets
-364933681,WorldObject,p_Tree_Crystal03_Respawner,resources.assets
-1198108542,WorldObject,p_Tree_Crystal_01,resources.assets
671965601,WorldObject,p_Tree_Crystal_02,resources.assets
1880671016,WorldObject,p_Tree_Crystal_03,resources.assets
-244941335,WorldObject,p_Tree_Crystal_04,resources.assets
1953618433,WorldObject,p_Tree_Dead01_Respawner,resources.assets
2131591822,WorldObject,p_Tree_Dead02_Respawner,resources.assets
1119255463,WorldObject,p_Tree_Dead03_Respawner,resources.assets
-2032988415,WorldObject,p_Tree_Electronic_01,resources.assets
-1929027677,WorldObject,p_Tree_Electronic_02,resources.assets
1581602964,WorldObject,p_Tree_Electronic_03,resources.assets
1587542927,WorldObject,p_Tree_Metal01_Respawner,resources.assets
-978531469,WorldObject,p_Tree_Metal02_Respawner,resources.assets
-717556718,WorldObject,p_Tree_Metal03_Respawner,resources.assets
819155891,WorldObject,p_Tree_Metal_01,resources.assets
-583729562,WorldObject,p_Tree_Metal_02,resources.assets
1040059545,WorldObject,p_Tree_Metal_03,resources.assets
1388861774,WorldObject,p_Tree_Palm01_Respawner,resources.assets
-1971686540,WorldObject,p_Tree_Palm_01,resources.assets
625776111,WorldObject,p_Tree_Rock01_Respawner,resources.assets
156423321,WorldObject,p_Tree_Stone_01,resources.assets
-1268600615,WorldObject,p_Tree_Walnut01_Respawner,resources.assets
-803477995,WorldObject,p_Tree_Walnut02_Respawner,resources.assets
721635184,WorldObject,p_Tree_Walnut03_Respawner,resources.assets
60072834,WorldObject,p_Tree_WalnutMushroom01_Respawner,resources.assets
-622447233,WorldObject,p_Tree_Walnut_01,resources.assets
1555406683,WorldObject,p_Tree_Walnut_01_Mushroom,resources.assets
-1554507169,WorldObject,p_Tree_Walnut_02,resources.assets
-997990960,WorldObject,p_Tree_Walnut_03,resources.assets
-1316069181,WorldObject,p_Trigger_ItemsTOCanonInventory,resources.assets
-2098235770,WorldObject,p_Trigger_ItemsTOworkhallInventory,resources.assets
-1700775627,WorldObject,p_Trigger_KillFurnoxDrone,resources.assets
441440578,WorldObject,p_Trigger_TruckDestination,resources.assets
-1993273805,WorldObject,p_TrunkSplit_Apple01_A,resources.assets
1142505497,WorldObject,p_TrunkSplit_Apple01_B,resources.assets
1911801964,WorldObject,p_TrunkSplit_Apple02_A,resources.assets
143662076,WorldObject,p_TrunkSplit_Apple02_B,resources.assets
-2112547052,WorldObject,p_TrunkSplit_Apple03_A,resources.assets
1464010285,WorldObject,p_TrunkSplit_Apple03_B,resources.assets
-327585437,WorldObject,p_TrunkSplit_Birch01_A,resources.assets
-2040959261,WorldObject,p_TrunkSplit_Birch01_B,resources.assets
342484354,WorldObject,p_TrunkSplit_Birch02_A,resources.assets
1091210743,WorldObject,p_TrunkSplit_Birch02_B,resources.assets
1003453801,WorldObject,p_TrunkSplit_Birch03_A,resources.assets
1230300771,WorldObject,p_TrunkSplit_Birch03_B,resources.assets
-1581245409,WorldObject,p_TrunkSplit_Birch04_A,resources.assets
1809679276,WorldObject,p_TrunkSplit_Birch04_B,resources.assets
-783670168,WorldObject,p_TrunkSplit_Birch07_A,resources.assets
-1012626283,WorldObject,p_TrunkSplit_Birch07_B,resources.assets
433176936,WorldObject,p_TrunkSplit_Dead01_A,resources.assets
1316072840,WorldObject,p_TrunkSplit_Dead01_B,resources.assets
786939954,WorldObject,p_TrunkSplit_Dead02_A,resources.assets
1999700570,WorldObject,p_TrunkSplit_Dead02_B,resources.assets
468927390,WorldObject,p_TrunkSplit_Dead03_A,resources.assets
-823085556,WorldObject,p_TrunkSplit_Dead03_B,resources.assets
1095106693,WorldObject,p_TrunkSplit_Metal01_A,resources.assets
-133123957,WorldObject,p_TrunkSplit_Metal01_B,resources.assets
1606969904,WorldObject,p_TrunkSplit_Metal02_A,resources.assets
391331149,WorldObject,p_TrunkSplit_Metal02_B,resources.assets
382796210,WorldObject,p_TrunkSplit_Metal03_A,resources.assets
-141033719,WorldObject,p_TrunkSplit_Metal03_B,resources.assets
1134472460,WorldObject,p_TrunkSplit_Palm01_A,resources.assets
-600285036,WorldObject,p_TrunkSplit_Palm01_B,resources.assets
-2000669169,WorldObject,p_TrunkSplit_Rock01_A,resources.assets
197913474,WorldObject,p_TrunkSplit_Rock01_B,resources.assets
1599530376,WorldObject,p_TrunkSplit_Walnut01_A,resources.assets
1413746897,WorldObject,p_TrunkSplit_Walnut01_B,resources.assets
576298057,WorldObject,p_TrunkSplit_Walnut02_A,resources.assets
-571129781,WorldObject,p_TrunkSplit_Walnut02_B,resources.assets
-481969805,WorldObject,p_TrunkSplit_Walnut03_A,resources.assets
1045457980,WorldObject,p_TrunkSplit_Walnut03_B,resources.assets
-1381540792,WorldObject,p_Trunk_Apple_01,resources.assets
1481807055,WorldObject,p_Trunk_Apple_02,resources.assets
744020070,WorldObject,p_Trunk_Apple_03,resources.assets
1097955318,WorldObject,p_Trunk_Birch_01,resources.assets
-1278349432,WorldObject,p_Trunk_Birch_02,resources.assets
-1493329952,WorldObject,p_Trunk_Birch_03,resources.assets
-1380969499,WorldObject,p_Trunk_Birch_04,resources.assets
-429187805,WorldObject,p_Trunk_Birch_07,resources.assets
1595551299,WorldObject,p_Trunk_Crystal_01,resources.assets
-1117031547,WorldObject,p_Trunk_Dead_01,resources.assets
1126175312,WorldObject,p_Trunk_Dead_02,resources.assets
703754680,WorldObject,p_Trunk_Dead_03,resources.assets
-1249763566,WorldObject,p_Trunk_Metal_01,resources.assets
300439714,WorldObject,p_Trunk_Metal_02,resources.assets
-2001036927,WorldObject,p_Trunk_Metal_03,resources.assets
601251919,WorldObject,p_Trunk_Palm_01,resources.assets
401795022,WorldObject,p_Trunk_Rock_01,resources.assets
-1345732415,WorldObject,p_Trunk_Walnut_01,resources.assets
2050933507,WorldObject,p_Trunk_Walnut_02,resources.assets
1492004223,WorldObject,p_Trunk_Walnut_03,resources.assets
1448791249,WorldObject,p_TunnelBarrier01,resources.assets
-2130049544,WorldObject,p_TurtleStuckBush01,resources.assets
551165002,WorldObject,p_WaterColliders,resources.assets
-1004317036,WorldObject,p_WeightBench,resources.assets
-466430906,WorldObject,p_WindmillCrafter01,resources.assets
-770337593,WorldObject,p_WoodElevator,resources.assets
420327638,WorldObject,p_WoodElevatorBroken,resources.assets
-478401505,WorldObject,p_adSignBroken01,resources.assets
1165863844,WorldObject,p_adSignBroken02,resources.assets
1626769785,WorldObject,p_adSignBroken03,resources.assets
-938317172,WorldObject,p_adSignBroken04,resources.assets
-366631330,WorldObject,p_adSignFurnox01,resources.assets
1164008166,WorldObject,p_adSignFurnox02,resources.assets
622206311,WorldObject,p_adSignFurnox03,resources.assets
699768204,WorldObject,p_adSignFurnox04,resources.assets
2032292067,WorldObject,p_adSignPlayer01,resources.assets
1959884845,WorldObject,p_adSignPlayer02,resources.assets
1658965575,WorldObject,p_adSignPlayer03,resources.assets
-2079714482,WorldObject,p_adSignPlayer04,resources.assets
1940002981,WorldObject,p_animal_WorcestershireBoard,resources.assets
1382484385,WorldObject,p_animal_WorcestershireDummy,resources.assets
772615479,WorldObject,p_animal_WorcestershireWithStraw,resources.assets
-148143538,WorldObject,p_animal_WorcestershireWithStrawSmack,resources.assets
-1328229358,WorldObject,p_animal_WorcestershireWithoutStraw,resources.assets
-1418781747,WorldObject,p_animal_beehive,resources.assets
394238808,WorldObject,p_animal_chessKing,resources.assets
1883403596,WorldObject,p_animal_chessKing1,resources.assets
283393581,WorldObject,p_animal_chessQueen,resources.assets
1033233385,WorldObject,p_animal_hamsterMum01,resources.assets
547633362,WorldObject,p_automaticSawhorse01,resources.assets
563427518,WorldObject,p_beeHouse01,resources.assets
945166667,WorldObject,p_beeHouseCanvas01,resources.assets
-1244373258,WorldObject,p_beeHouseExtractHoney01,resources.assets
1539058000,WorldObject,p_bridge_destroyed,resources.assets
-2008143399,WorldObject,p_bridge_repaired,resources.assets
1419773051,WorldObject,p_build_GrindStone_Part06Stone,resources.assets
1761774390,WorldObject,p_build_GrindStone_Part07Metal,resources.assets
1975297532,WorldObject,p_build_campingChair01_Part00,resources.assets
-690498717,WorldObject,p_build_furnitureCrafter01_Part00,resources.assets
792123142,WorldObject,p_buildable_Beehouse_Part01,resources.assets
568126672,WorldObject,p_buildable_Beehouse_Part01_BP,resources.assets
1561450150,WorldObject,p_buildable_Beehouse_Part02,resources.assets
-2081637064,WorldObject,p_buildable_Beehouse_Part02_BP,resources.assets
-386605917,WorldObject,p_buildable_Beehouse_Part03,resources.assets
-1491591648,WorldObject,p_buildable_Beehouse_Part03_BP,resources.assets
-937152658,WorldObject,p_buildable_Beehouse_Part04,resources.assets
1786743673,WorldObject,p_buildable_Beehouse_Part04_BP,resources.assets
1794743267,WorldObject,p_buildable_Beehouse_Part05,resources.assets
1417784024,WorldObject,p_buildable_Beehouse_Part05_BP,resources.assets
2101338243,WorldObject,p_buildable_Beehouse_Part06,resources.assets
-341262280,WorldObject,p_buildable_Beehouse_Part06_BP,resources.assets
-1461041348,WorldObject,p_buildable_BlueprintTable_Part01,resources.assets
1621846438,WorldObject,p_buildable_BlueprintTable_Part01_BP,resources.assets
1730925557,WorldObject,p_buildable_BlueprintTable_Part02,resources.assets
1705617088,WorldObject,p_buildable_BlueprintTable_Part02_BP,resources.assets
-227710406,WorldObject,p_buildable_BlueprintTable_Part03,resources.assets
-2132096396,WorldObject,p_buildable_BlueprintTable_Part03_BP,resources.assets
-1942866880,WorldObject,p_buildable_BlueprintTable_Part04,resources.assets
876351389,WorldObject,p_buildable_BlueprintTable_Part04_BP,resources.assets
-1473879093,WorldObject,p_buildable_BlueprintTable_Part05,resources.assets
1368399172,WorldObject,p_buildable_BlueprintTable_Part05_BP,resources.assets
-851342642,WorldObject,p_buildable_BlueprintTable_Part06,resources.assets
-1187273429,WorldObject,p_buildable_BlueprintTable_Part06_BP,resources.assets
-1155662139,WorldObject,p_buildable_BlueprintTable_Part07,resources.assets
2033343531,WorldObject,p_buildable_BlueprintTable_Part07_BP,resources.assets
532982199,WorldObject,p_buildable_BoberCarvingCrafter_Part01,resources.assets
1196258014,WorldObject,p_buildable_BoberCarvingCrafter_Part01_BP,resources.assets
-1393197923,WorldObject,p_buildable_BoberCarvingCrafter_Part02,resources.assets
2062974629,WorldObject,p_buildable_BoberCarvingCrafter_Part02_BP,resources.assets
-509549794,WorldObject,p_buildable_BoberCarvingCrafter_Part03,resources.assets
-151655,WorldObject,p_buildable_BoberCarvingCrafter_Part03_BP,resources.assets
-1291247267,WorldObject,p_buildable_BoberCarvingCrafter_Part04,resources.assets
-354545301,WorldObject,p_buildable_BoberCarvingCrafter_Part04_BP,resources.assets
117661670,WorldObject,p_buildable_BoberCarvingCrafter_Part05,resources.assets
-312020427,WorldObject,p_buildable_BoberCarvingCrafter_Part05_BP,resources.assets
-1556967516,WorldObject,p_buildable_BoberCarvingCrafter_Part06,resources.assets
-188330538,WorldObject,p_buildable_BoberCarvingCrafter_Part06_BP,resources.assets
-1641932413,WorldObject,p_buildable_BoberCarvingCrafter_Part07,resources.assets
-1489527211,WorldObject,p_buildable_BoberCarvingCrafter_Part07_BP,resources.assets
528794629,WorldObject,p_buildable_BoberCarvingCrafter_Part08,resources.assets
-1823124507,WorldObject,p_buildable_BoberCarvingCrafter_Part08_BP,resources.assets
-270002204,WorldObject,p_buildable_BoberCarvingCrafter_Part09,resources.assets
1211403430,WorldObject,p_buildable_BoberCarvingCrafter_Part09_BP,resources.assets
-1712293241,WorldObject,p_buildable_Bridge_Part01,resources.assets
15462059,WorldObject,p_buildable_Bridge_Part01_BP,resources.assets
-232154624,WorldObject,p_buildable_Bridge_Part02,resources.assets
-372359143,WorldObject,p_buildable_Bridge_Part02_BP,resources.assets
-681199808,WorldObject,p_buildable_Bridge_Part03,resources.assets
-1193517262,WorldObject,p_buildable_Bridge_Part03_BP,resources.assets
-950450635,WorldObject,p_buildable_Bridge_Part04,resources.assets
972489118,WorldObject,p_buildable_Bridge_Part04_BP,resources.assets
426842713,WorldObject,p_buildable_CityCrafter_Part01,resources.assets
1557046720,WorldObject,p_buildable_CityCrafter_Part01_BP,resources.assets
-1750658496,WorldObject,p_buildable_CityCrafter_Part02,resources.assets
-1857632852,WorldObject,p_buildable_CityCrafter_Part02_BP,resources.assets
-1594677348,WorldObject,p_buildable_CityCrafter_Part03,resources.assets
2050816202,WorldObject,p_buildable_CityCrafter_Part03_BP,resources.assets
349877575,WorldObject,p_buildable_CityCrafter_Part04,resources.assets
497366414,WorldObject,p_buildable_CityCrafter_Part04_BP,resources.assets
438397750,WorldObject,p_buildable_CityCrafter_Part05,resources.assets
66390533,WorldObject,p_buildable_CityCrafter_Part05_BP,resources.assets
-79493765,WorldObject,p_buildable_DronePlatformPart01,resources.assets
-1243644022,WorldObject,p_buildable_DronePlatformPart01_BP,resources.assets
-1458115550,WorldObject,p_buildable_DronePlatformPart02,resources.assets
448522306,WorldObject,p_buildable_DronePlatformPart02_BP,resources.assets
1411001141,WorldObject,p_buildable_DronePlatformPart03,resources.assets
-1526519586,WorldObject,p_buildable_DronePlatformPart03_BP,resources.assets
925832566,WorldObject,p_buildable_DronePlatformPart04,resources.assets
778621418,WorldObject,p_buildable_DronePlatformPart04_BP,resources.assets
731092458,WorldObject,p_buildable_Furnace01,resources.assets
-124622439,WorldObject,p_buildable_Furnace01_BP,resources.assets
-656346896,WorldObject,p_buildable_Furnace02,resources.assets
-1782395930,WorldObject,p_buildable_Furnace02_BP,resources.assets
-1596033722,WorldObject,p_buildable_Furnace03,resources.assets
732103319,WorldObject,p_buildable_Furnace03_BP,resources.assets
1857788255,WorldObject,p_buildable_Furnace04,resources.assets
1813269925,WorldObject,p_buildable_Furnace04_BP,resources.assets
86908112,WorldObject,p_buildable_Furnace05,resources.assets
724867766,WorldObject,p_buildable_Furnace05_BP,resources.assets
888090776,WorldObject,p_buildable_Furnace06,resources.assets
1327048337,WorldObject,p_buildable_Furnace06_BP,resources.assets
224293442,WorldObject,p_buildable_Furnace07,resources.assets
1899948044,WorldObject,p_buildable_Furnace07_BP,resources.assets
-49613921,WorldObject,p_buildable_FurnitureCrafter_Part01,resources.assets
1782694604,WorldObject,p_buildable_FurnitureCrafter_Part01_BP,resources.assets
-2073269312,WorldObject,p_buildable_FurnitureCrafter_Part02,resources.assets
75766577,WorldObject,p_buildable_FurnitureCrafter_Part02_BP,resources.assets
1769575818,WorldObject,p_buildable_FurnitureCrafter_Part03,resources.assets
-679554754,WorldObject,p_buildable_FurnitureCrafter_Part03_BP,resources.assets
1199946257,WorldObject,p_buildable_FurnitureCrafter_Part04,resources.assets
1770339162,WorldObject,p_buildable_FurnitureCrafter_Part04_BP,resources.assets
-274336472,WorldObject,p_buildable_FurnitureCrafter_Part05,resources.assets
-1928832564,WorldObject,p_buildable_FurnitureCrafter_Part05_BP,resources.assets
-734197319,WorldObject,p_buildable_FurnitureCrafter_Part06,resources.assets
999462384,WorldObject,p_buildable_FurnitureCrafter_Part06_BP,resources.assets
1399780640,WorldObject,p_buildable_FurnitureCrafter_Part07,resources.assets
-120112165,WorldObject,p_buildable_FurnitureCrafter_Part07_BP,resources.assets
387530847,WorldObject,p_buildable_FurnitureCrafter_Part08,resources.assets
1452439327,WorldObject,p_buildable_FurnitureCrafter_Part08_BP,resources.assets
1306931838,WorldObject,p_buildable_GrindStoneWood_Part01,resources.assets
-123216522,WorldObject,p_buildable_GrindStoneWood_Part01_BP,resources.assets
-1910835323,WorldObject,p_buildable_GrindStoneWood_Part02,resources.assets
-937734223,WorldObject,p_buildable_GrindStoneWood_Part02_BP,resources.assets
1186673747,WorldObject,p_buildable_GrindStoneWood_Part03,resources.assets
-1073939827,WorldObject,p_buildable_GrindStoneWood_Part03_BP,resources.assets
-1603979789,WorldObject,p_buildable_GrindStoneWood_Part04,resources.assets
-1885419664,WorldObject,p_buildable_GrindStoneWood_Part04_BP,resources.assets
-593917097,WorldObject,p_buildable_GrindStoneWood_Part05,resources.assets
-579512460,WorldObject,p_buildable_GrindStoneWood_Part05_BP,resources.assets
-1857396009,WorldObject,p_buildable_GrindStoneWood_Part06,resources.assets
-11781551,WorldObject,p_buildable_GrindStoneWood_Part06_BP,resources.assets
153976577,WorldObject,p_buildable_GrindStoneWood_Part07,resources.assets
898231913,WorldObject,p_buildable_GrindStoneWood_Part07_BP,resources.assets
-1496868163,WorldObject,p_buildable_Sawhorse_Part01,resources.assets
-266698620,WorldObject,p_buildable_Sawhorse_Part01_BP,resources.assets
1258770460,WorldObject,p_buildable_Sawhorse_Part02,resources.assets
455976828,WorldObject,p_buildable_Sawhorse_Part02_BP,resources.assets
-215454801,WorldObject,p_buildable_Sawhorse_Part03,resources.assets
-1415258104,WorldObject,p_buildable_Sawhorse_Part03_BP,resources.assets
-414285811,WorldObject,p_buildable_Sawhorse_Part04,resources.assets
1507972365,WorldObject,p_buildable_Sawhorse_Part04_BP,resources.assets
-695694498,WorldObject,p_buildable_Sawhorse_Part05,resources.assets
-1496561086,WorldObject,p_buildable_Sawhorse_Part05_BP,resources.assets
-239742106,WorldObject,p_buildable_Treadmill01,resources.assets
-754835951,WorldObject,p_buildable_Treadmill01_BP,resources.assets
1322717947,WorldObject,p_buildable_Treadmill02,resources.assets
-1911265832,WorldObject,p_buildable_Treadmill02_BP,resources.assets
730096052,WorldObject,p_buildable_Treadmill03,resources.assets
-1465728084,WorldObject,p_buildable_Treadmill03_BP,resources.assets
1604861059,WorldObject,p_buildable_Treadmill04,resources.assets
1238161358,WorldObject,p_buildable_Treadmill04_BP,resources.assets
265398711,WorldObject,p_buildable_Treadmill05,resources.assets
1521701961,WorldObject,p_buildable_Treadmill05_BP,resources.assets
-56212631,WorldObject,p_buildable_Treadmill06,resources.assets
2035008388,WorldObject,p_buildable_Treadmill06_BP,resources.assets
1774049307,WorldObject,p_buildable_Treadmill07,resources.assets
1609171693,WorldObject,p_buildable_Treadmill07_BP,resources.assets
1075086017,WorldObject,p_buildable_WoodElevator_Part01,resources.assets
-412498543,WorldObject,p_buildable_WoodElevator_Part01_BP,resources.assets
1149465322,WorldObject,p_buildable_WoodElevator_Part02,resources.assets
-1391158951,WorldObject,p_buildable_WoodElevator_Part02_BP,resources.assets
1870642368,WorldObject,p_buildable_WoodElevator_Part03,resources.assets
2083794910,WorldObject,p_buildable_WoodElevator_Part03_BP,resources.assets
1110182731,WorldObject,p_buildable_WoodElevator_Part04,resources.assets
-21895197,WorldObject,p_buildable_WoodElevator_Part04_BP,resources.assets
-1889786789,WorldObject,p_buildable_WoodElevator_Part05,resources.assets
-1133093664,WorldObject,p_buildable_WoodElevator_Part05_BP,resources.assets
308792680,WorldObject,p_buildable_WoodElevator_Part06,resources.assets
1277375145,WorldObject,p_buildable_WoodElevator_Part06_BP,resources.assets
-1873289461,WorldObject,p_buildable_WoodElevator_Part07,resources.assets
-1335626140,WorldObject,p_buildable_WoodElevator_Part07_BP,resources.assets
-695518326,WorldObject,p_buildable_WoodElevator_Part08,resources.assets
-886850748,WorldObject,p_buildable_WoodElevator_Part08_BP,resources.assets
-224772866,WorldObject,p_buildable_WoodElevator_Part09,resources.assets
171796176,WorldObject,p_buildable_WoodElevator_Part09_BP,resources.assets
-886923636,WorldObject,p_buildable_WoodElevator_Part10,resources.assets
-1797094179,WorldObject,p_buildable_WoodElevator_Part10_BP,resources.assets
721760897,WorldObject,p_buildable_WoodElevator_Part11,resources.assets
1412013182,WorldObject,p_buildable_WoodElevator_Part11_BP,resources.assets
438581169,WorldObject,p_button_TEMP,resources.assets
-1210014875,WorldObject,p_button_TriggerINVtoCanon,resources.assets
-748615804,WorldObject,p_button_TriggerINVtoCanon Variant,resources.assets
520831041,WorldObject,p_button_TriggerINVtoWorkhall,resources.assets
1946366646,WorldObject,p_button_TriggerINVtoWorkhall Variant,resources.assets
-1657408702,WorldObject,p_cabin_DuckHouse,resources.assets
333147227,WorldObject,p_cabin_smallShack01,resources.assets
-243801767,WorldObject,p_cabin_windowClose01,resources.assets
1909234655,WorldObject,p_cabin_windowOpen01,resources.assets
-1438795053,WorldObject,p_caveBridge01,resources.assets
-37896082,WorldObject,p_caveBridgeClose01,resources.assets
-1683220440,WorldObject,p_caveBridgeOpen01,resources.assets
-1743258598,WorldObject,p_city_MainTower,resources.assets
839447470,WorldObject,p_city_adSigns01,resources.assets
-1451230844,WorldObject,p_city_banks01,resources.assets
-1146073611,WorldObject,p_city_botanicalGarden01,resources.assets
1314302555,WorldObject,p_city_hotels01,resources.assets
-1936832287,WorldObject,p_city_residentialBuildings01,resources.assets
-144106899,WorldObject,p_city_televisionTower01,resources.assets
-382439981,WorldObject,p_city_woodenhollyLetters,resources.assets
1140105676,WorldObject,p_coffeemachine01,resources.assets
-1249937645,WorldObject,p_coffeemachineBroken,resources.assets
432844200,WorldObject,p_cogwheelBroken01,resources.assets
140591013,WorldObject,p_collider_BlinkingButtonCol,resources.assets
1999179608,WorldObject,p_collider_RedButton,resources.assets
-605318054,WorldObject,p_collider_RedButton Variant,resources.assets
-149135272,WorldObject,p_crafter_DuckSauce,resources.assets
924137084,WorldObject,p_crafter_FirstUpgrade,resources.assets
-2067508016,WorldObject,p_crafter_GiveCutMushrooms,resources.assets
161973608,WorldObject,p_crafter_LewisInPlace,resources.assets
-1226559724,WorldObject,p_crafter_PickleMixIntake,resources.assets
698872268,WorldObject,p_crafter_TakePickles,resources.assets
1957445775,WorldObject,p_crafter_TakePillows,resources.assets
642423019,WorldObject,p_crafter_VoidGate,resources.assets
1077846172,WorldObject,p_duckDoormat,resources.assets
767240725,WorldObject,p_duckDoormatAfterHit,resources.assets
782995800,WorldObject,p_duckDoormatHittable,resources.assets
706623071,WorldObject,p_duckPot01,resources.assets
244134680,WorldObject,p_duckPotWithSauce01,resources.assets
1338877169,WorldObject,p_env_BunkerDoor01,resources.assets
2090388348,WorldObject,p_floatingLewis,resources.assets
-1303191658,WorldObject,p_furnitureCrafter01_BeaverHatch01,resources.assets
-866081814,WorldObject,p_furnitureCrafter01_BeaverHatch01 Variant,resources.assets
-681716263,WorldObject,p_furnitureCrafter01_HatchWithoutBeaver01,resources.assets
-478624185,WorldObject,p_furnitureCrafter01_HatchWithoutBeaver01 Variant,resources.assets
893116895,WorldObject,p_furnitureCrafter01_InitialHatchWithoutBeaver01,resources.assets
-2014616249,WorldObject,p_hayPipe01,resources.assets
-613509221,WorldObject,p_hayPipe01Solid,resources.assets
-641310437,WorldObject,p_landingImpact01,resources.assets
268376519,WorldObject,p_leverBlocker01,resources.assets
-897963459,WorldObject,p_manhole,resources.assets
1311165334,WorldObject,p_mushroom01ClusterA,resources.assets
-526069568,WorldObject,p_mushroom01ClusterCutA,resources.assets
173663168,WorldObject,p_mushroom02ClusterA,resources.assets
1323588577,WorldObject,p_mushroom02ClusterB,resources.assets
1723728374,WorldObject,p_mushroom02ClusterCutA,resources.assets
-1140594126,WorldObject,p_mushroom02ClusterCutB,resources.assets
-732294604,WorldObject,p_mushroom03ClusterA,resources.assets
-9759886,WorldObject,p_mushroom03ClusterB,resources.assets
441003171,WorldObject,p_mushroom03ClusterCutA,resources.assets
1886208589,WorldObject,p_mushroom03ClusterCutB,resources.assets
2009569111,WorldObject,p_mushroom04ClusterA,resources.assets
1967344955,WorldObject,p_mushroom04ClusterB,resources.assets
-1696276467,WorldObject,p_mushroom04ClusterCutA,resources.assets
-1985209018,WorldObject,p_mushroom04ClusterCutB,resources.assets
227296550,WorldObject,p_mushroomPile01,resources.assets
343434812,WorldObject,p_mushroomPile02,resources.assets
254423281,WorldObject,p_officeDoc01,resources.assets
1961304372,WorldObject,p_officeDoc02,resources.assets
-269368834,WorldObject,p_officeDoc03 (3),resources.assets
795798309,WorldObject,p_officeDoc04,resources.assets
-880275594,WorldObject,p_officeDocStack01,resources.assets
2096229293,WorldObject,p_officeDocStack02,resources.assets
1516274556,WorldObject,p_officeDocStack03,resources.assets
735890230,WorldObject,p_officeDocStack04 (5),resources.assets
969092990,WorldObject,p_pickleMixAtIntake,resources.assets
1301544614,WorldObject,p_prop_AirdropCrate01,resources.assets
33928254,WorldObject,p_prop_Drawer01,resources.assets
770824969,WorldObject,p_prop_DrawerClosed01,resources.assets
1731109950,WorldObject,p_prop_Fence01,resources.assets
1551714411,WorldObject,p_prop_Fence02,resources.assets
-578152069,WorldObject,p_prop_Fence03,resources.assets
-106243017,WorldObject,p_prop_FenceBlueprintHolo01,resources.assets
1656616098,WorldObject,p_prop_FenceBlueprintHolo02,resources.assets
1030167592,WorldObject,p_prop_FenceBlueprintHolo03,resources.assets
-1282398135,WorldObject,p_prop_FenceOld01,resources.assets
856330882,WorldObject,p_prop_FenceOld02,resources.assets
971673205,WorldObject,p_prop_FenceOld03,resources.assets
999909620,WorldObject,p_prop_FenceOld04,resources.assets
-48388151,WorldObject,p_prop_FenceOld05,resources.assets
604191823,WorldObject,p_prop_FenceOld06,resources.assets
1296758050,WorldObject,p_prop_FencePlayerBuilt04,resources.assets
1282236137,WorldObject,p_prop_Files01,resources.assets
-623582898,WorldObject,p_prop_Files02 (7),resources.assets
-1332638562,WorldObject,p_prop_Files03 (2),resources.assets
2095462601,WorldObject,p_prop_TutorialFiles01,resources.assets
-1991427067,WorldObject,p_prop_backpackDestructible01,resources.assets
-462430857,WorldObject,p_prop_campingBottleDestructible01,resources.assets
1128884430,WorldObject,p_prop_campingChairDestructible01,resources.assets
-70216923,WorldObject,p_prop_campingLampOff01,resources.assets
-610648112,WorldObject,p_prop_canon01,resources.assets
-724437477,WorldObject,p_prop_canon02,resources.assets
20791873,WorldObject,p_prop_caveLeverBroken01,resources.assets
589055535,WorldObject,p_prop_caveLeverClose01,resources.assets
299102041,WorldObject,p_prop_caveLeverOpen01,resources.assets
-1001259551,WorldObject,p_prop_caveLeverRepaired01,resources.assets
-215889955,WorldObject,p_prop_caveLeverState01,resources.assets
-45605619,WorldObject,p_prop_caveLeverStateBlueprint01,resources.assets
-1942268151,WorldObject,p_prop_notebook01,resources.assets
1656734045,WorldObject,p_prop_notebookWithArrow01,resources.assets
1432745961,WorldObject,p_prop_pillow02,resources.assets
-166042687,WorldObject,p_prop_tentDestructible01,resources.assets
1031207528,WorldObject,p_prop_toiletpaperRoll01,resources.assets
1807607149,WorldObject,p_prop_toiletpaperRoll02,resources.assets
-1793941311,WorldObject,p_prop_toiletpaperRoll03,resources.assets
-1122582071,WorldObject,p_prop_toiletpaperRoll04,resources.assets
-166394722,WorldObject,p_prop_toiletpaperRoll05,resources.assets
-1324450729,WorldObject,p_prop_toiletpaperRoll06,resources.assets
-1615417423,WorldObject,p_prop_toiletpaperRoll07,resources.assets
-1663696639,WorldObject,p_prop_toiletpaperRoll08,resources.assets
1715920774,WorldObject,p_prop_toiletpaperRoll09,resources.assets
-431265983,WorldObject,p_prop_toiletpaperRoll10,resources.assets
1117919607,WorldObject,p_prop_vespaScooterDestructible01,resources.assets
-1526553682,WorldObject,p_shippingCrateBelt,resources.assets
-1201606933,WorldObject,p_shippingCrateTop,resources.assets
-1574291349,WorldObject,p_teleporter,resources.assets
930654073,WorldObject,p_teleporterCultists,resources.assets
-1200261240,WorldObject,p_teleporterSnowArea,resources.assets
284193477,WorldObject,p_teleporterVoid (2),resources.assets
2116211043,WorldObject,p_teleporterVoidToArea4 (2),resources.assets
-1616606335,WorldObject,p_teleporter_Area1_Manhole,resources.assets
1808193294,WorldObject,p_teleporter_Area2_DoorbellCollider,resources.assets
-427863510,WorldObject,p_teleporter_Area2_Part00,resources.assets
87705051,WorldObject,p_teleporter_Area2_Part01,resources.assets
-1001352222,WorldObject,p_teleporter_Area2_Part02,resources.assets
337688343,WorldObject,p_teleporter_Area2_Part03,resources.assets
-1799353584,WorldObject,p_teleporter_Area2_Part04,resources.assets
374244491,WorldObject,p_teleporter_Area2_Part05,resources.assets
290032034,WorldObject,p_teleporter_Area3_DoorbellCollider,resources.assets
1154339436,WorldObject,p_teleporter_Area4_DoorbellCollider,resources.assets
-615265462,WorldObject,p_teleporter_Area4_Part00,resources.assets
-2040209058,WorldObject,p_teleporter_Area4_Part01,resources.assets
-1806777154,WorldObject,p_teleporter_Area4_Part02,resources.assets
628456625,WorldObject,p_teleporter_Area4_Part03,resources.assets
1172970381,WorldObject,p_teleporter_Area4_Part04,resources.assets
1337703928,WorldObject,p_teleporter_Area4_Part05,resources.assets
-1195488370,WorldObject,p_teleporter_Area5_DoorbellCollider,resources.assets
-219357125,WorldObject,p_teleporter_Area5_Part00,resources.assets
1427056279,WorldObject,p_teleporter_Area5_Part01,resources.assets
-1165391959,WorldObject,p_teleporter_Area5_Part02,resources.assets
-695209144,WorldObject,p_teleporter_Area5_Part03,resources.assets
-1895968149,WorldObject,p_teleporter_Area5_Part04,resources.assets
-921911915,WorldObject,p_teleporter_Area5_Part05,resources.assets
792141886,WorldObject,p_teleporter_Cave_Part00,resources.assets
222600649,WorldObject,p_teleporter_Cave_Part01,resources.assets
2100443589,WorldObject,p_teleporter_Cave_Part02,resources.assets
-1221812443,WorldObject,p_teleporter_Cave_Part03,resources.assets
-29274810,WorldObject,p_teleporter_Cave_Part04,resources.assets
-142565759,WorldObject,p_teleporter_Cave_Part05,resources.assets
852305038,WorldObject,p_teleporter_Explorer,resources.assets
-1259496904,WorldObject,p_teleporter_TutorialOffice,resources.assets
2048320511,WorldObject,p_toiletHouse02,resources.assets
128675272,WorldObject,p_toiletHouse03,resources.assets
33468534,WorldObject,p_trigger_AircraftAirdrop01,resources.assets
-1190165743,WorldObject,p_trigger_AircraftAirdrop02,resources.assets
1366693474,WorldObject,p_trigger_AircraftAirdrop03,resources.assets
-1933468780,WorldObject,p_trigger_CollectFiles,resources.assets
-1288339359,WorldObject,p_trigger_ControlSpace,resources.assets
371206692,WorldObject,p_trigger_ControlSprint,resources.assets
-1694552080,WorldObject,p_trigger_DroneDropOff,resources.assets
1778111931,WorldObject,p_trigger_Explorer ,resources.assets
378163360,WorldObject,p_trigger_KillPlayerInBox,resources.assets
-1749063857,WorldObject,p_trigger_RemoveDropOffStartMission,resources.assets
453246027,WorldObject,p_trigger_SpawnDroneWIthCrate,resources.assets
-1274998575,WorldObject,p_trigger_closePaletteHatch,resources.assets
-1997006423,WorldObject,p_trigger_deleteDroneAtPlatformStartNewDrone,resources.assets
-507509939,WorldObject,p_trigger_deleteDroneAtStartPositionStartMission01,resources.assets
-602097678,WorldObject,p_trojanHorse01,resources.assets
616736103,WorldObject,p_trojanHorse02,resources.assets
826703997,WorldObject,p_vehicle_Aircraft01,resources.assets
1013750854,WorldObject,p_vehicle_AircraftAirdrop01,resources.assets
102572561,WorldObject,p_vehicle_AircraftAirdrop02,resources.assets
-1202139638,WorldObject,p_vehicle_AircraftAirdrop03,resources.assets
1690859214,WorldObject,p_vehicle_DeliveryDrone01,resources.assets
-1677576338,WorldObject,p_vehicle_DeliveryDrone02,resources.assets
1412855348,WorldObject,p_vehicle_DeliveryTruck,resources.assets
536261423,WorldObject,p_vehicle_DeliveryTruck,resources.assets
1055090453,WorldObject,p_vehicle_DeliveryTruckFurnox,resources.assets
-620087729,WorldObject,p_vehicle_DeliveryTruckReturn,resources.assets
-2022007183,WorldObject,p_vehicle_DeliveryTruck_CityFluff,resources.assets
-1544401437,WorldObject,p_vehicle_DeliveryTruck_Spawn,resources.assets
-1507348843,WorldObject,p_windmill01,resources.assets
1078189909,WorldObject,p_windmillBroken01,resources.assets
-719944819,WorldObject,p_windmillBrokenDestructible01,resources.assets
596133370,WorldObject,p_windmillBrokenDestructible02,resources.assets
13529345,WorldObject,p_windmillBrokenDestructibleClean01,resources.assets
544602905,WorldObject,p_windmillBrokenDestructiblePart01,resources.assets
886484538,WorldObject,p_windmillBrokenDestructiblePart02,resources.assets
1088669798,WorldObject,p_windmillBrokenDestructiblePart03,resources.assets
-392049904,WorldObject,p_windmillBrokenDestructiblePart04,resources.assets
-977997614,WorldObject,p_windmillBrokenDestructiblePart05,resources.assets
1864243839,WorldObject,p_windmillBrokenDestructiblePart06,resources.assets
-2014681941,WorldObject,p_windmillBrokenDestructiblePart07,resources.assets
-1599483703,WorldObject,p_windmillBrokenDestructiblePart08,resources.assets
1559884137,WorldObject,p_windmillBrokenDestructiblePart09,resources.assets
2049699096,WorldObject,p_windmillBrokenWing01,resources.assets
1446705790,WorldObject,p_windmillBrokenWing02,resources.assets
-1198247599,WorldObject,p_windmillBrokenWing03,resources.assets
1523715415,WorldObject,p_windmillBrokenWing04,resources.assets
446015824,WorldObject,p_wishlistButton,resources.assets
-361130468,WorldObject,p_wishlistButton Variant,resources.assets
-1805986503,WorldObject,p_workhall_AutoFurnace01,resources.assets
1990021738,WorldObject,p_workhall_AutoFurnace010,resources.assets
301525833,WorldObject,p_workhall_AutoFurnace010_BP,resources.assets
465525274,WorldObject,p_workhall_AutoFurnace01_BP,resources.assets
-82519214,WorldObject,p_workhall_AutoFurnace02,resources.assets
-370297494,WorldObject,p_workhall_AutoFurnace02_BP,resources.assets
1915597695,WorldObject,p_workhall_AutoFurnace03,resources.assets
-884014729,WorldObject,p_workhall_AutoFurnace03_BP,resources.assets
1143254316,WorldObject,p_workhall_AutoFurnace04,resources.assets
219054921,WorldObject,p_workhall_AutoFurnace04_BP,resources.assets
1726860862,WorldObject,p_workhall_AutoFurnace05,resources.assets
-702704256,WorldObject,p_workhall_AutoFurnace05_BP,resources.assets
867723085,WorldObject,p_workhall_AutoFurnace06,resources.assets
-135365674,WorldObject,p_workhall_AutoFurnace06_BP,resources.assets
640064661,WorldObject,p_workhall_AutoFurnace07,resources.assets
1979819651,WorldObject,p_workhall_AutoFurnace07_BP,resources.assets
1428150216,WorldObject,p_workhall_AutoFurnace08,resources.assets
-907850340,WorldObject,p_workhall_AutoFurnace08_BP,resources.assets
793798584,WorldObject,p_workhall_AutoFurnace09,resources.assets
-1256718272,WorldObject,p_workhall_AutoFurnace09_BP,resources.assets
761322320,WorldObject,p_workhall_ButtonContainer_FurnitureCrafter01,resources.assets
-1646273285,WorldObject,p_workhall_ButtonContainer_FurnitureCrafter01_BP,resources.assets
546059979,WorldObject,p_workhall_ButtonContainer_FurnitureCrafter02,resources.assets
-837702383,WorldObject,p_workhall_ButtonContainer_FurnitureCrafter02_BP,resources.assets
91800251,WorldObject,p_workhall_ButtonContainer_SawMachine01,resources.assets
1111429542,WorldObject,p_workhall_ButtonContainer_SawMachine01_BP,resources.assets
-457591014,WorldObject,p_workhall_ButtonContainer_SawMachine02,resources.assets
1632812219,WorldObject,p_workhall_ButtonContainer_SawMachine02_BP,resources.assets
-298381658,WorldObject,p_workhall_ContainerFurnitureCrafter01,resources.assets
718837823,WorldObject,p_workhall_ContainerFurnitureCrafter01_BP,resources.assets
-782046390,WorldObject,p_workhall_ContainerFurnitureCrafter02,resources.assets
-398340930,WorldObject,p_workhall_ContainerFurnitureCrafter02_BP,resources.assets
362551031,WorldObject,p_workhall_ContainerFurnitureCrafter03,resources.assets
1811485946,WorldObject,p_workhall_ContainerFurnitureCrafter03_BP,resources.assets
-1124721353,WorldObject,p_workhall_ContainerFurnitureCrafter04,resources.assets
-2042899811,WorldObject,p_workhall_ContainerFurnitureCrafter04_BP,resources.assets
-770439916,WorldObject,p_workhall_ContainerFurnitureCrafter05,resources.assets
-629956805,WorldObject,p_workhall_ContainerFurnitureCrafter05_BP,resources.assets
-338646177,WorldObject,p_workhall_ContainerSawMachine01,resources.assets
47493668,WorldObject,p_workhall_ContainerSawMachine01_BP,resources.assets
680907497,WorldObject,p_workhall_ContainerSawMachine02,resources.assets
-1756551680,WorldObject,p_workhall_ContainerSawMachine02_BP,resources.assets
1074313560,WorldObject,p_workhall_ContainerSawMachine03,resources.assets
-1343417972,WorldObject,p_workhall_ContainerSawMachine03_BP,resources.assets
90514550,WorldObject,p_workhall_ContainerSawMachine04,resources.assets
-204389701,WorldObject,p_workhall_ContainerSawMachine04_BP,resources.assets
-1364571081,WorldObject,p_workhall_ContainerSawMachine05,resources.assets
351151654,WorldObject,p_workhall_ContainerSawMachine05_BP,resources.assets
1355997340,WorldObject,p_workhall_Foundation01,resources.assets
-1602165927,WorldObject,p_workhall_Foundation01_BP,resources.assets
-1819250988,WorldObject,p_workhall_FoundationBeamA (1),resources.assets
1520181706,WorldObject,p_workhall_FoundationBeamA_BP,resources.assets
-1866100809,WorldObject,p_workhall_FoundationBeamB,resources.assets
1352528634,WorldObject,p_workhall_FoundationBeamB_BP,resources.assets
-2796764,WorldObject,p_workhall_FoundationBeamC (1),resources.assets
875663158,WorldObject,p_workhall_FoundationBeamC_BP,resources.assets
-966572514,WorldObject,p_workhall_FoundationBeamD,resources.assets
-1831262641,WorldObject,p_workhall_FoundationBeamD_BP,resources.assets
1060189487,WorldObject,p_workhall_FoundationBeamE (1),resources.assets
58823149,WorldObject,p_workhall_FoundationBeamE_BP,resources.assets
505828963,WorldObject,p_workhall_FoundationBeamF,resources.assets
-967858728,WorldObject,p_workhall_FoundationBeamF_BP,resources.assets
599478874,WorldObject,p_workhall_FoundationBeamG,resources.assets
-1922114077,WorldObject,p_workhall_FoundationBeamG_BP,resources.assets
-812762276,WorldObject,p_workhall_FoundationBeamH,resources.assets
-114312143,WorldObject,p_workhall_FoundationBeamH_BP,resources.assets
-123073557,WorldObject,p_workhall_FoundationMarkings,resources.assets
1482426755,WorldObject,p_workhall_FurnitureCrafter01,resources.assets
-625882755,WorldObject,p_workhall_FurnitureCrafter01_BP,resources.assets
1011691441,WorldObject,p_workhall_FurnitureCrafter02,resources.assets
-1128383815,WorldObject,p_workhall_FurnitureCrafter02_BP,resources.assets
919652491,WorldObject,p_workhall_FurnitureCrafter03,resources.assets
1844739344,WorldObject,p_workhall_FurnitureCrafter03_BP,resources.assets
-1445688862,WorldObject,p_workhall_FurnitureCrafter04,resources.assets
1225525489,WorldObject,p_workhall_FurnitureCrafter04_BP,resources.assets
-233111549,WorldObject,p_workhall_FurnitureCrafter05,resources.assets
48440161,WorldObject,p_workhall_FurnitureCrafter05_BP,resources.assets
-415240883,WorldObject,p_workhall_FurnitureCrafter06,resources.assets
1009954223,WorldObject,p_workhall_FurnitureCrafter06_BP,resources.assets
-816548772,WorldObject,p_workhall_FurnitureCrafter07,resources.assets
-1044389075,WorldObject,p_workhall_FurnitureCrafter07_BP,resources.assets
-2134548336,WorldObject,p_workhall_FurnitureCrafter08,resources.assets
754978383,WorldObject,p_workhall_FurnitureCrafter08_BP,resources.assets
-2094552490,WorldObject,p_workhall_FurnitureCrafter09,resources.assets
1435475904,WorldObject,p_workhall_FurnitureCrafter09_BP,resources.assets
-1044087522,WorldObject,p_workhall_Part01,resources.assets
-2066751493,WorldObject,p_workhall_Part01_BP,resources.assets
-456769844,WorldObject,p_workhall_Part02,resources.assets
1540499768,WorldObject,p_workhall_Part02_BP,resources.assets
1432135699,WorldObject,p_workhall_Part03,resources.assets
-650915405,WorldObject,p_workhall_Part03_BP,resources.assets
282759283,WorldObject,p_workhall_Part04,resources.assets
676817418,WorldObject,p_workhall_Part04_BP,resources.assets
1479016174,WorldObject,p_workhall_Part05,resources.assets
69149211,WorldObject,p_workhall_Part05_BP,resources.assets
1217398352,WorldObject,p_workhall_Part06,resources.assets
-1542962739,WorldObject,p_workhall_Part06_BP,resources.assets
1671974580,WorldObject,p_workhall_Part07,resources.assets
-1698935799,WorldObject,p_workhall_Part07_BP,resources.assets
1187533951,WorldObject,p_workhall_Part08,resources.assets
-1035270653,WorldObject,p_workhall_Part08_BP,resources.assets
1636087649,WorldObject,p_workhall_Part09,resources.assets
1001539249,WorldObject,p_workhall_Part09_BP,resources.assets
1541987408,WorldObject,p_workhall_Part10,resources.assets
-1021117776,WorldObject,p_workhall_Part10_BP,resources.assets
736023366,WorldObject,p_workhall_Part11,resources.assets
-733090279,WorldObject,p_workhall_Part11_BP,resources.assets
555195356,WorldObject,p_workhall_Part12,resources.assets
2042859443,WorldObject,p_workhall_Part12_BP,resources.assets
437435852,WorldObject,p_workhall_Part13,resources.assets
-136139076,WorldObject,p_workhall_Part13_BP,resources.assets
-1325200761,WorldObject,p_workhall_Part14,resources.assets
2051162705,WorldObject,p_workhall_Part14_BP,resources.assets
2095199559,WorldObject,p_workhall_Part15,resources.assets
-1127162282,WorldObject,p_workhall_Part15_BP,resources.assets
-1066997340,WorldObject,p_workhall_Part16,resources.assets
-1170715296,WorldObject,p_workhall_Part16_BP,resources.assets
-315807065,WorldObject,p_workhall_Part17,resources.assets
-1643397641,WorldObject,p_workhall_Part17_BP,resources.assets
1898179782,WorldObject,p_workhall_Part18,resources.assets
-114349302,WorldObject,p_workhall_Part18_BP,resources.assets
720654864,WorldObject,p_workhall_Part19,resources.assets
567013438,WorldObject,p_workhall_Part19_BP,resources.assets
-1389851229,WorldObject,p_workhall_Part20,resources.assets
-475956176,WorldObject,p_workhall_Part20_BP,resources.assets
-266811274,WorldObject,p_workhall_PipingIntake01,resources.assets
882628832,WorldObject,p_workhall_PipingIntake01_BP,resources.assets
1184958178,WorldObject,p_workhall_PipingIntake02,resources.assets
-435886153,WorldObject,p_workhall_PipingIntake02_BP,resources.assets
-926906372,WorldObject,p_workhall_PipingIntake03,resources.assets
950664924,WorldObject,p_workhall_PipingIntake03_BP,resources.assets
1434793132,WorldObject,p_workhall_PipingIntake04,resources.assets
1642074664,WorldObject,p_workhall_PipingIntake04_BP,resources.assets
327509565,WorldObject,p_workhall_PipingIntake05,resources.assets
-2039076342,WorldObject,p_workhall_PipingIntake05_BP,resources.assets
670525335,WorldObject,p_workhall_PipingIntake06,resources.assets
214110593,WorldObject,p_workhall_PipingIntake06_BP,resources.assets
1637564917,WorldObject,p_workhall_Railing01,resources.assets
-507970363,WorldObject,p_workhall_Railing01_BP,resources.assets
-1589188665,WorldObject,p_workhall_Railing02,resources.assets
-2031022588,WorldObject,p_workhall_Railing02_BP,resources.assets
-868316970,WorldObject,p_workhall_Railing03,resources.assets
1705798175,WorldObject,p_workhall_Railing03_BP,resources.assets
523194935,WorldObject,p_workhall_Railing04,resources.assets
-73865070,WorldObject,p_workhall_Railing04_BP,resources.assets
1499158703,WorldObject,p_workhall_Railing05,resources.assets
1831336546,WorldObject,p_workhall_Railing05_BP,resources.assets
-116088153,WorldObject,p_workhall_Railing06,resources.assets
1268539693,WorldObject,p_workhall_Railing06_BP,resources.assets
-680367370,WorldObject,p_workhall_Railing07,resources.assets
-1120468036,WorldObject,p_workhall_Railing07_BP,resources.assets
-1672679139,WorldObject,p_workhall_Railing08,resources.assets
1226784888,WorldObject,p_workhall_Railing08_BP,resources.assets
134769573,WorldObject,p_workhall_Railing09,resources.assets
1518382640,WorldObject,p_workhall_Railing09_BP,resources.assets
-682523648,WorldObject,p_workhall_Railing10,resources.assets
-1886955138,WorldObject,p_workhall_Railing10_BP,resources.assets
-1063480368,WorldObject,p_workhall_Railing11,resources.assets
-738621988,WorldObject,p_workhall_Railing11_BP,resources.assets
-1291449874,WorldObject,p_workhall_Railing12,resources.assets
-1541573925,WorldObject,p_workhall_Railing12_BP,resources.assets
-1181877153,WorldObject,p_workhall_Railing13,resources.assets
-1658156724,WorldObject,p_workhall_Railing13_BP,resources.assets
-325571862,WorldObject,p_workhall_Railing14,resources.assets
1261410614,WorldObject,p_workhall_Railing14_BP,resources.assets
-21035122,WorldObject,p_workhall_Railing15,resources.assets
1258614441,WorldObject,p_workhall_Railing15_BP,resources.assets
-1361759045,WorldObject,p_workhall_Railing16,resources.assets
-1110719629,WorldObject,p_workhall_Railing16_BP,resources.assets
-1364427509,WorldObject,p_workhall_Railing17,resources.assets
-1811079777,WorldObject,p_workhall_Railing17_BP,resources.assets
-1658376899,WorldObject,p_workhall_Railing18,resources.assets
-1690267726,WorldObject,p_workhall_Railing18_BP,resources.assets
-892743328,WorldObject,p_workhall_Railing19,resources.assets
2130508494,WorldObject,p_workhall_Railing19_BP,resources.assets
-1237897481,WorldObject,p_workhall_Railing20,resources.assets
2024648028,WorldObject,p_workhall_Railing20_BP,resources.assets
1023966154,WorldObject,p_workhall_Railing21,resources.assets
-1124858110,WorldObject,p_workhall_Railing21_BP,resources.assets
-1225351719,WorldObject,p_workhall_Railing22,resources.assets
-466965120,WorldObject,p_workhall_Railing22_BP,resources.assets
-2047409757,WorldObject,p_workhall_Railing23,resources.assets
486432489,WorldObject,p_workhall_Railing23_BP,resources.assets
-1777366422,WorldObject,p_workhall_Railing24,resources.assets
-1783239351,WorldObject,p_workhall_Railing24_BP,resources.assets
1073864269,WorldObject,p_workhall_Railing25,resources.assets
-328097856,WorldObject,p_workhall_Railing25_BP,resources.assets
-2124780323,WorldObject,p_workhall_Railing26,resources.assets
1951615690,WorldObject,p_workhall_Railing26_BP,resources.assets
1522395431,WorldObject,p_workhall_Railing27,resources.assets
304269796,WorldObject,p_workhall_Railing27_BP,resources.assets
2012047132,WorldObject,p_workhall_Sawmachine01,resources.assets
1065986620,WorldObject,p_workhall_Sawmachine01_BP,resources.assets
-929793120,WorldObject,p_workhall_Sawmachine02,resources.assets
-1457504302,WorldObject,p_workhall_Sawmachine02_BP,resources.assets
423183263,WorldObject,p_workhall_Sawmachine03,resources.assets
-2021090078,WorldObject,p_workhall_Sawmachine03_BP,resources.assets
1433196232,WorldObject,p_workhall_Sawmachine04,resources.assets
-185627181,WorldObject,p_workhall_Sawmachine04_BP,resources.assets
-297746439,WorldObject,p_workhall_Sawmachine05,resources.assets
-1044540828,WorldObject,p_workhall_Sawmachine05_BP,resources.assets
1364213864,WorldObject,p_workhall_Sawmachine06,resources.assets
1534579434,WorldObject,p_workhall_Sawmachine06_BP,resources.assets
-2033294246,WorldObject,p_workhall_Sawmachine07,resources.assets
-1486334857,WorldObject,p_workhall_Sawmachine07_BP,resources.assets
