scene,assetID,x,y,z,flag,under_worldobject,active,name
level2,0,1015.9,158.86,133.0,0,0,1,Killzone Hell (1)
level2,0,383.48,82.26,87.5,0,0,1,Killzone (1)
level2,0,127.4,53.81,189.1,0,0,1,Killzone (5)
level2,0,1015.2,158.86,265.3,0,0,1,Killzone Hell
level2,0,397.5,96.4,321.8,0,0,1,Killzone (2)
level2,0,993.73,231.783,214.669,0,0,1,Killzone HellLavaFall (1)
level2,0,102.5,111.393,-8.1,0,0,1,Killzone (4)
level2,0,6.5,111.393,436.5,0,0,1,Killzone (17)
level2,0,364.5,146.5,407.9,0,0,1,Killzone (14)
level2,0,274.27,102.394,423.99,0,0,1,Killzone
level2,0,320.4,96.4,239.2,0,0,1,Killzone
level2,0,234.4,130.4,436.1,0,0,1,Killzone (15)
level2,0,435.64,82.38,135.64,0,0,1,Killzone (3)
level2,0,215.71,77.68,367.0,0,0,1,Killzone WormHole01
level2,0,164.5,53.81,154.1,0,0,1,Killzone (7)
level2,0,-407.91,-467.2,-120.337,0,0,1,DungeonKillzone
level2,0,5.8,111.393,285.6,0,0,1,Killzone (13)
level2,0,341.7,96.4,310.3,0,0,1,Killzone (1)
level2,0,48.2,111.393,57.2,0,0,1,Killzone (3)
level2,0,484.9,186.1,116.1,0,0,1,Killzone (7)
level2,0,169.7,53.81,425.2,0,0,1,Killzone (3)
level2,0,248.4,117.8,-13.3,0,0,1,Killzone (5)
level2,0,586.9,182.6,119.7,0,0,1,Killzone (18)
level2,0,216.6,53.81,239.0,0,0,1,Killzone (1)
level2,0,271.44,98.0,261.35,0,0,1,Killzone DeliveryArea
level2,0,289.134,98.279,214.923,0,0,1,Killzone Elevator
level2,0,124.9,133.9,446.3,0,0,1,Killzone (16)
level2,0,397.1,82.26,122.6,0,0,1,Killzone
level2,0,545.4,140.6,428.9,0,0,1,Killzone (10)
level2,0,232.0,53.81,130.3,0,0,1,Killzone
level2,0,25.9,53.81,154.1,0,0,1,Killzone (8)
level2,0,402.3,183.2,406.3,0,0,1,Killzone (20)
level2,0,631.0,182.6,216.6,0,0,1,Killzone (8)
level2,0,393.7,133.3,22.1,0,0,1,Killzone (6)
level2,0,532.229,185.659,292.742,0,0,1,IceWaterKillzone
level2,0,545.4,140.6,428.9,0,0,1,Killzone (11)
level2,0,1003.72,219.88,199.53,0,0,1,Killzone HellLavaFall
level2,0,421.99,82.38,143.31,0,0,1,Killzone (2)
level2,0,308.406,51.653,361.97,0,0,1,Killzone
level2,0,620.1,181.4,345.0,0,0,1,Killzone (9)
level2,0,549.6,186.1,116.2,0,0,1,Killzone (19)
level2,0,345.885,57.887,399.87,0,0,1,Killzone
level2,0,463.36,82.38,128.34,0,0,1,Killzone (4)
level2,0,24.8,111.393,163.5,0,0,1,Killzone (12)
level2,0,166.1,53.81,217.5,0,0,1,Killzone (4)
level2,0,337.16,44.35,378.64,0,0,1,KillzoneLavaLake
level2,0,905.1,158.86,290.6,0,0,1,Killzone Hell (3)
level2,0,892.7,158.86,168.9,0,0,1,Killzone Hell (2)
level2,0,96.2,53.81,184.6,0,0,1,Killzone (6)
level2,-1369158848,275.532,114.813,148.804,1,0,1,Item_ChocolateCream (2)
level2,600870784,-946.508,-674.505,-89.987,1,0,1,p_duckCultist02
level2,1780265180,-477.47,-345.33,-27.023,1,0,1,p_prop_campfireOn
level2,1780265180,264.257,113.532,130.924,1,0,1,p_prop_campfireOn (1)
level2,-1369158848,273.764,116.394,150.931,1,0,1,Item_ChocolateCream
level2,-1369158848,273.603,116.582,151.196,1,0,1,Item_ChocolateCream (1)
level3,-973358303,260.22,99.98,230.77,1,0,0,p_HouseDoor01 (1)
level3,-880275594,120.226,111.381,96.293,1,0,1,p_officeDocStack01 (41)
level3,696117654,289.858,101.49,280.182,1,0,0,Item_Furniture_Regular_Hamsterhouse01
level3,-1198247599,370.575,105.36,227.83,1,0,1,p_windmillBrokenWing03
level3,-1574291349,207.03,99.1,213.46,1,0,0,p_teleporter_Corrupted
level3,-880275594,119.298,112.144,96.859,1,0,1,p_officeDocStack01 (56)
level3,-347741753,261.12,101.56,240.65,1,0,0,Item_Furniture_Special_SirWorcestershireCastleBoard03
level3,-2137834890,251.298,100.421,251.908,1,0,0,Item_CanonPipe
level3,-1079348751,244.65,100.14,275.37,1,0,1,p_Slot_dronePlatform_destroyed
level3,20791873,290.908,81.006,373.86,1,0,1,p_prop_caveLeverBroken01
level3,77633658,259.61,99.983,249.26,1,0,1,p_Slot_FurnitureCrafter01
level3,-1659964218,266.97,100.043,240.691,1,0,1,p_Slot_PC
level3,-1971686540,425.62,100.57,312.92,1,0,1,p_Tree_Palm_01 (1)
level3,-1971686540,435.06,100.57,354.85,1,0,1,p_Tree_Palm_01
level3,-1971686540,450.3,100.64,361.43,1,0,1,p_Tree_Palm_01
level3,42617885,261.956,100.22,290.123,1,0,1,p_Tree_Apple_01
level3,-1971686540,418.0,100.57,311.83,1,0,1,p_Tree_Palm_01 (2)
level3,-1971686540,428.13,100.57,364.01,1,0,1,p_Tree_Palm_01
level3,-1971686540,453.042,100.602,356.658,1,0,1,p_Tree_Palm_01
level3,-1971686540,426.92,100.57,384.69,1,0,1,p_Tree_Palm_01
level3,-1971686540,456.94,100.16,366.86,1,0,1,p_Tree_Palm_01
level3,-1971686540,449.54,100.62,355.01,1,0,1,p_Tree_Palm_01
level3,-1971686540,430.88,100.57,352.53,1,0,1,p_Tree_Palm_01
level3,-1971686540,459.05,100.57,373.44,1,0,1,p_Tree_Palm_01
level3,-1971686540,205.03,99.035,237.5,1,0,0,p_Tree_Palm_01
level3,-1971686540,426.96,100.57,364.09,1,0,1,p_Tree_Palm_01
level3,42617885,276.487,100.319,282.375,1,0,1,p_Tree_Apple_01
level3,42617885,291.2,101.29,288.5,1,0,1,p_Tree_Apple_01
level3,-1971686540,447.97,100.54,378.64,1,0,1,p_Tree_Palm_01
level3,42617885,272.64,100.238,252.37,1,0,1,p_Tree_Apple_01
level3,-1971686540,414.013,100.043,393.909,1,0,1,p_Tree_Palm_01
level3,-1971686540,422.3,100.57,387.45,1,0,1,p_Tree_Palm_01
level3,-1971686540,453.57,100.54,377.03,1,0,1,p_Tree_Palm_01
level3,42617885,290.661,100.483,284.808,1,0,1,p_Tree_Apple_01
level3,1382484385,338.17,102.325,315.51,1,0,1,p_animal_WorcestershireDummy
level3,735890230,122.475,110.148,86.308,1,0,1,p_officeDocStack04 (4)
level3,-1265365997,381.86,49.175,367.43,1,0,1,Trigger_LocationDiscovered_MetalTree
level3,432844200,289.995,82.083,375.563,1,0,1,p_cogwheelBroken01
level3,254423281,125.38,111.179,93.256,1,0,1,p_officeDoc01
level3,-880275594,119.344,111.906,96.848,1,0,1,p_officeDocStack01 (48)
level3,-251110231,238.139,107.112,224.94,1,0,0,p_factoryVentilator01 (3)
level3,-590952751,278.91,113.701,157.003,1,0,1,P_DeadBush_01 (11)
level3,-590952751,303.275,112.177,186.919,1,0,1,P_DeadBush_01
level3,-590952751,302.107,112.316,192.843,1,0,1,P_DeadBush_01
level3,-590952751,-523.864,-321.424,-52.438,1,0,1,P_DeadBush_01
level3,-590952751,-438.701,-320.254,-115.418,1,0,1,P_DeadBush_01
level3,-590952751,295.939,116.234,158.192,1,0,1,P_DeadBush_01
level3,-590952751,311.294,120.084,138.24,1,0,1,P_DeadBush_01
level3,-590952751,305.566,112.524,168.512,1,0,1,P_DeadBush_01
level3,-590952751,135.926,77.564,122.814,1,0,1,P_DeadBush_01
level3,-590952751,274.62,114.26,165.03,1,0,1,P_DeadBush_01 (7)
level3,-590952751,136.889,76.712,128.895,1,0,1,P_DeadBush_01
level3,-590952751,274.29,112.66,193.11,1,0,1,P_DeadBush_01
level3,-590952751,300.74,118.306,143.851,1,0,1,P_DeadBush_01
level3,-590952751,294.151,122.791,143.187,1,0,1,P_DeadBush_01
level3,-590952751,292.548,112.64,195.159,1,0,1,P_DeadBush_01
level3,-590952751,-311.27,-314.65,-253.8,1,0,1,P_DeadBush_01 (2)
level3,-590952751,309.968,112.27,183.239,1,0,1,P_DeadBush_01
level3,-590952751,120.786,77.306,134.477,1,0,1,P_DeadBush_01
level3,-590952751,271.175,112.964,158.733,1,0,1,P_DeadBush_01 (10)
level3,-590952751,301.19,116.18,152.56,1,0,1,P_DeadBush_01
level3,-590952751,274.021,112.505,191.607,1,0,1,P_DeadBush_01
level3,-590952751,282.13,112.526,180.72,1,0,1,P_DeadBush_01
level3,-590952751,298.723,112.455,195.758,1,0,1,P_DeadBush_01
level3,-590952751,-285.94,-314.56,-246.82,1,0,1,P_DeadBush_01 (4)
level3,-590952751,300.383,112.241,188.063,1,0,1,P_DeadBush_01
level3,-590952751,-306.15,-307.2,-272.48,1,0,1,P_DeadBush_01 (6)
level3,-590952751,305.476,112.983,170.792,1,0,1,P_DeadBush_01
level3,-590952751,-480.305,-331.836,-115.519,1,0,1,P_DeadBush_01
level3,-590952751,-434.808,-320.571,-115.639,1,0,1,P_DeadBush_01
level3,-590952751,292.132,122.766,142.085,1,0,1,P_DeadBush_01
level3,-590952751,265.41,112.895,196.2,1,0,1,P_DeadBush_01
level3,-590952751,303.843,125.252,113.631,1,0,1,P_DeadBush_01
level3,-590952751,266.94,113.48,167.53,1,0,1,P_DeadBush_01 (9)
level3,-590952751,-298.74,-306.65,-270.23,1,0,1,P_DeadBush_01 (5)
level3,-590952751,-529.503,-398.099,-283.71,1,0,1,P_DeadBush_01
level3,-590952751,-533.588,-321.281,-52.604,1,0,1,P_DeadBush_01
level3,-590952751,275.702,112.317,190.708,1,0,1,P_DeadBush_01
level3,-590952751,291.608,122.688,121.193,1,0,1,P_DeadBush_01
level3,-590952751,303.591,112.721,199.315,1,0,1,P_DeadBush_01
level3,-590952751,303.48,112.983,171.747,1,0,1,P_DeadBush_01
level3,-590952751,312.663,120.089,127.413,1,0,1,P_DeadBush_01
level3,-590952751,307.563,112.984,170.044,1,0,1,P_DeadBush_01
level3,-590952751,292.282,122.688,140.285,1,0,1,P_DeadBush_01
level3,-590952751,274.64,112.96,175.44,1,0,1,P_DeadBush_01 (6)
level3,-590952751,298.755,117.461,145.822,1,0,1,P_DeadBush_01
level3,-590952751,308.282,112.879,172.65,1,0,1,P_DeadBush_01
level3,-590952751,-370.734,-277.96,-3.991,1,0,1,P_DeadBush_01 (1)
level3,-590952751,304.937,112.983,172.853,1,0,1,P_DeadBush_01
level3,-590952751,280.53,122.791,146.28,1,0,1,P_DeadBush_01 (2)
level3,-590952751,307.483,112.371,183.222,1,0,1,P_DeadBush_01
level3,-590952751,-296.698,-314.052,-248.267,1,0,1,P_DeadBush_01 (3)
level3,-590952751,276.09,114.19,166.35,1,0,1,P_DeadBush_01 (8)
level3,-590952751,131.452,77.358,131.49,1,0,1,P_DeadBush_01
level3,-590952751,301.315,112.214,187.819,1,0,1,P_DeadBush_01
level3,-590952751,297.573,116.425,156.564,1,0,1,P_DeadBush_01
level3,-590952751,291.106,112.41,197.923,1,0,1,P_DeadBush_01
level3,-590952751,299.643,116.456,155.794,1,0,1,P_DeadBush_01
level3,-590952751,279.92,122.99,143.65,1,0,1,P_DeadBush_01 (4)
level3,-590952751,294.76,122.789,139.407,1,0,1,P_DeadBush_01
level3,-590952751,-419.029,-320.294,-76.853,1,0,1,P_DeadBush_01
level3,-590952751,296.32,116.414,156.64,1,0,1,P_DeadBush_01 (5)
level3,-590952751,138.34,76.938,125.808,1,0,1,P_DeadBush_01
level3,-590952751,282.35,122.99,147.39,1,0,1,P_DeadBush_01 (3)
level3,-590952751,283.575,112.899,179.645,1,0,1,P_DeadBush_01 (1)
level3,-590952751,296.977,117.748,146.689,1,0,1,P_DeadBush_01
level3,-590952751,-516.745,-316.033,-125.085,1,0,1,P_DeadBush_01
level3,2038222590,555.514,187.268,271.128,1,0,0,Item_Furniture_Regular_RockingChair
level3,-85989622,265.746,101.139,247.894,1,0,0,Item_FishBaitIceWater
level3,-1833113400,251.42,101.06,244.16,1,0,0,Item_CabinDoor01
level3,-1158110579,517.283,204.708,225.053,1,0,0,Item_Battery
level3,1010793747,264.439,101.118,248.413,1,0,0,Item_FishBaitLava
level3,-1158110579,259.785,100.906,245.935,1,0,0,Item_Battery
level3,1854614582,253.483,100.376,243.465,1,0,0,Item_PaintBucket
level3,1977241027,253.483,100.376,243.465,1,0,0,Item_Doorbell
level3,600270922,255.37,100.72,244.15,1,0,0,Item_ScotchIronStag
level3,1331658425,253.483,100.376,243.465,1,0,0,Item_PackageOfGlass01
level3,283248871,256.51,100.51,240.36,1,0,0,Item_PalletOfRoofPlates01
level3,-411375347,251.05,100.93,244.03,1,0,0,Item_CabinWindow01
level3,-697651068,265.027,101.07,247.399,1,0,0,Item_FishBaitFreshwater
level3,-530076875,516.06,204.914,225.275,1,0,0,Item_ElectronicParts
level3,374858114,256.54,101.045,242.92,1,0,0,Item_PileOfNails
level3,-530076875,253.483,100.376,243.465,1,0,0,Item_ElectronicParts
level3,1732007779,251.58,100.93,247.115,1,0,0,Item_CampingChair
level3,2045389401,259.785,100.092,247.537,1,0,0,Item_Lightbulb
level3,873729925,253.483,100.376,243.465,1,0,0,Item_EggGolden (1)
level3,-2058586755,258.553,100.064,246.738,1,0,0,Item_Cable
level3,751874440,265.167,101.329,248.462,1,0,0,Item_FishBaitSaltwater
level3,-2069558327,253.483,100.376,243.465,1,0,0,Item_BoxOfLetters
level3,401042254,259.358,100.54,245.046,1,0,0,Item_ViseWorkbench
level3,301149673,252.79,100.61,244.915,1,0,0,Item_Tech_Mailbox
level3,873729925,253.483,100.376,243.465,1,0,0,Item_EggGolden
level3,-251110231,553.705,187.186,272.805,1,0,0,Item_Furniture_Hamstertech_Ventilator
level3,-820309185,253.483,100.376,243.465,1,0,0,Item_PackageOfRoofTiles01
level3,-611642507,253.144,100.38,245.318,1,0,0,Item_Tech_MailboxHolder
level3,-1067167545,252.55,101.08,246.07,1,0,0,Item_Axe_Wood_Tier2 1
level3,-447808554,265.954,100.562,250.712,1,0,0,Item_Seed_Porridge
level3,-208254285,337.63,97.95,307.2,1,0,1,Trigger_SirWorcestershireMission
level3,1279103047,387.64,70.28,363.23,1,0,1,Trigger_HamsterIntro
level3,-880275594,132.221,112.918,94.097,1,0,1,p_officeDocStack01 (6)
level3,2116211043,-477.248,-341.03,-15.13,1,0,1,p_teleporterVoidToArea4 (2)
level3,-1850087359,274.906,113.98,152.935,1,0,1,p_DuckCabinDoor01
level3,-1554293251,459.397,191.275,251.15,1,0,1,P_BirchBush_02_Snow
level3,-1554293251,457.03,145.028,146.424,1,0,1,P_BirchBush_02_Snow
level3,-1554293251,519.14,186.891,340.95,1,0,1,P_BirchBush_02_Snow (6)
level3,-1554293251,468.053,204.28,227.79,1,0,1,P_BirchBush_02_Snow (3)
level3,-1554293251,440.249,178.203,274.317,1,0,1,P_BirchBush_02_Snow
level3,-1554293251,520.103,186.891,325.063,1,0,1,P_BirchBush_02_Snow
level3,-1554293251,564.482,186.802,332.783,1,0,1,P_BirchBush_02_Snow
level3,-1554293251,463.215,202.96,216.215,1,0,1,P_BirchBush_02_Snow (2)
level3,-1554293251,510.726,240.159,217.84,1,0,1,P_BirchBush_02_Snow (4)
level3,-1554293251,500.0,238.9,230.56,1,0,1,P_BirchBush_02_Snow (5)
level3,-1554293251,429.652,151.329,224.156,1,0,1,P_BirchBush_02_Snow
level3,-1554293251,459.397,203.23,228.11,1,0,1,P_BirchBush_02_Snow (1)
level3,-1554293251,427.558,159.759,246.36,1,0,1,P_BirchBush_02_Snow
level3,-1554293251,447.183,186.651,272.663,1,0,1,P_BirchBush_02_Snow
level3,-1554293251,547.75,186.991,349.345,1,0,1,P_BirchBush_02_Snow
level3,-1554293251,574.897,187.102,312.628,1,0,1,P_BirchBush_02_Snow
level3,-1554293251,449.052,186.651,228.218,1,0,1,P_BirchBush_02_Snow
level3,-1554293251,501.71,186.94,274.04,1,0,1,P_BirchBush_02_Snow
level3,-1554293251,451.794,184.634,257.404,1,0,1,P_BirchBush_02_Snow
level3,-1554293251,418.85,152.83,212.22,1,0,1,P_BirchBush_02_Snow
level3,-1554293251,441.99,186.651,224.26,1,0,1,P_BirchBush_02_Snow
level3,2096229293,131.38,112.23,92.995,1,0,1,p_officeDocStack02 (3)
level3,-443918322,416.604,152.884,209.513,1,0,1,P_BirchBush_05_Snow
level3,-1646377070,126.299,110.218,101.912,1,0,1,Player
level3,1961304372,127.694,110.161,94.672,1,0,1,p_officeDoc02
level3,-1218703197,284.47,102.303,316.79,1,0,1,Trigger_LocationDiscovered_CaveArea
level3,735890230,132.061,110.145,95.249,1,0,1,p_officeDocStack04 (2)
level3,-880275594,132.221,113.216,94.097,1,0,1,p_officeDocStack01 (8)
level3,-602097678,331.484,54.248,399.682,1,0,1,p_trojanHorse01 (5)
level3,-602097678,406.26,92.847,155.376,1,0,1,p_trojanHorse01 (2)
level3,616736103,224.39,84.6,389.87,1,0,1,p_trojanHorse02 (2)
level3,616736103,256.296,109.093,203.807,1,0,1,p_trojanHorse02 (3)
level3,-602097678,384.117,120.756,224.157,1,0,1,p_trojanHorse01
level3,616736103,362.056,127.841,292.15,1,0,1,p_trojanHorse02
level3,-602097678,320.056,60.67,380.631,1,0,1,p_trojanHorse01 (4)
level3,-602097678,354.044,45.603,395.24,1,0,1,p_trojanHorse01 (3)
level3,616736103,463.776,107.203,382.77,1,0,1,p_trojanHorse02
level3,-602097678,594.214,202.188,196.969,1,0,1,p_trojanHorse01 (1)
level3,616736103,297.507,109.787,167.053,1,0,1,p_trojanHorse02 (1)
level3,1264177835,267.159,100.562,251.655,1,0,0,Item_Seed_Pumpkin
level3,-880275594,120.238,111.139,96.344,1,0,1,p_officeDocStack01 (39)
level3,1925776252,0.0,0.0,0.0,1,0,1,Mission_Area4_TP_CheckIfBuild
level3,-880275594,119.347,111.531,96.851,1,0,1,p_officeDocStack01 (45)
level3,-2070629101,283.06,116.22,190.34,1,0,1,Trigger_LocationDiscovered_ElectroTree
level3,1199492807,328.83,102.819,231.823,1,0,1,Trigger_LocationDiscovered_WalnutTree
level3,-243801767,263.1,103.133,233.055,1,0,0,p_cabin_windowClose01 (1)
level3,-1117639057,290.809,101.103,221.35,1,0,1,p_Slot_WoodElevator01
level3,-880275594,122.693,111.422,95.988,1,0,1,p_officeDocStack01 (27)
level3,819343075,253.483,100.376,243.465,1,0,0,Item_ScrewPack01
level3,-880275594,119.347,111.426,96.851,1,0,1,p_officeDocStack01 (44)
level3,1164008166,270.34,103.21,310.98,1,0,1,p_adSignFurnox02
level3,-14529659,258.12,100.008,244.16,1,0,1,p_Campfire01
level3,523482761,270.25,100.0,243.32,1,0,1,p_ChopChopLog
level3,-1493290263,334.8,100.68,154.91,1,0,1,p_GateClosed
level3,-880275594,120.164,110.851,97.843,1,0,1,p_officeDocStack01 (55)
level3,-880275594,122.349,111.382,96.282,1,0,1,p_officeDocStack01 (25)
level3,-1026585043,294.355,101.745,282.772,1,0,1,p_collider_PickleIntakeRedButton
level3,254423281,134.051,112.239,96.108,1,0,1,p_officeDoc01 (3)
level3,-269368834,125.137,110.163,100.724,1,0,1,p_officeDoc03 (1)
level3,1211451698,511.683,186.98,353.938,1,0,1,P_BirchBush_01_Snow
level3,1211451698,456.516,191.217,248.447,1,0,1,P_BirchBush_01_Snow
level3,1211451698,465.29,187.13,272.44,1,0,1,P_BirchBush_01_Snow
level3,1211451698,427.575,159.267,244.988,1,0,1,P_BirchBush_01_Snow
level3,1211451698,436.88,163.929,190.963,1,0,1,P_BirchBush_01_Snow
level3,1211451698,429.646,164.785,258.101,1,0,1,P_BirchBush_01_Snow
level3,1211451698,424.746,152.866,204.454,1,0,1,P_BirchBush_01_Snow
level3,1211451698,450.66,185.92,260.96,1,0,1,P_BirchBush_01_Snow
level3,1211451698,417.28,157.52,263.54,1,0,1,P_BirchBush_01_Snow
level3,1211451698,517.644,187.335,322.924,1,0,1,P_BirchBush_01_Snow
level3,1211451698,583.88,190.39,300.52,1,0,1,P_BirchBush_01_Snow
level3,1211451698,530.386,187.566,378.998,1,0,1,P_BirchBush_01_Snow
level3,1211451698,494.805,187.25,272.792,1,0,1,P_BirchBush_01_Snow
level3,1211451698,514.118,190.365,336.481,1,0,1,P_BirchBush_01_Snow
level3,1211451698,462.459,145.798,150.488,1,0,1,P_BirchBush_01_Snow
level3,1211451698,445.356,145.269,208.194,1,0,1,P_BirchBush_01_Snow
level3,1211451698,542.438,187.146,358.952,1,0,1,P_BirchBush_01_Snow
level3,1211451698,515.318,190.526,333.573,1,0,1,P_BirchBush_01_Snow
level3,1211451698,498.86,187.43,271.62,1,0,1,P_BirchBush_01_Snow
level3,-880275594,132.221,112.64,94.137,1,0,1,p_officeDocStack01 (4)
level3,254423281,122.357,111.159,95.801,1,0,1,p_officeDoc01
level3,-880275594,119.344,111.782,96.848,1,0,1,p_officeDocStack01 (47)
level3,-1063072968,267.851,100.562,250.768,1,0,0,Item_Seed_Bellpepper
level3,-314945012,420.95,130.2,276.98,1,0,1,p_Dome (1)
level3,2096229293,130.907,110.12,93.455,1,0,1,p_officeDocStack02 (2)
level3,-880275594,122.906,110.213,96.607,1,0,1,p_officeDocStack01 (35)
level3,-1850087359,268.858,113.863,153.829,1,0,1,p_DuckCabinDoor01
level3,-880275594,132.508,112.361,94.547,1,0,1,p_officeDocStack01 (13)
level3,-2000669169,252.071,100.69,240.475,1,0,0,p_TrunkSplit_Rock01_A
level3,-329438759,-477.38,-330.02,-75.13,1,0,1,p_holySlotMachine01
level3,-124489371,0.0,0.0,0.0,1,0,1,Mission_Introduction_00_OfficeMeshInWorld
level3,-880275594,120.128,110.229,97.851,1,0,1,p_officeDocStack01 (50)
level3,-251110231,240.233,107.112,224.94,1,0,0,p_factoryVentilator01 (2)
level3,-880275594,120.27,111.252,96.368,1,0,1,p_officeDocStack01 (40)
level3,-880275594,122.674,112.223,100.959,1,0,1,p_officeDocStack01 (62)
level3,-880275594,121.988,111.444,95.615,1,0,1,p_officeDocStack01 (22)
level3,254423281,121.93,111.251,95.712,1,0,1,p_officeDoc01 (1)
level3,540923185,0.0,0.0,0.0,1,0,1,Mission_OldWindmill_HIDDEN
level3,1311165334,294.804,82.589,360.915,1,0,1,Item_mushroomCluster01 (10)
level3,1311165334,294.74,98.68,311.01,1,0,1,Item_mushroomCluster01 (16)
level3,1311165334,353.18,54.09,396.05,1,0,1,Item_mushroomCluster01 (2)
level3,1311165334,326.47,48.4,361.6,1,0,1,Item_mushroomCluster01 (7)
level3,1311165334,319.615,67.262,386.848,1,0,1,Item_mushroomCluster01 (22)
level3,1311165334,298.52,77.19,381.26,1,0,1,Item_mushroomCluster01 (21)
level3,1311165334,376.305,74.081,378.996,1,0,1,Item_mushroomCluster01 (20)
level3,1311165334,276.07,83.007,379.29,1,0,1,Item_mushroomCluster01 (9)
level3,1311165334,320.485,75.96,406.355,1,0,1,Item_mushroomCluster01 (18)
level3,1311165334,291.349,100.053,319.814,1,0,1,Item_mushroomCluster01 (17)
level3,1311165334,370.017,75.853,359.378,1,0,1,Item_mushroomCluster01 (19)
level3,1311165334,359.939,50.363,369.191,1,0,1,Item_mushroomCluster01 (4)
level3,735890230,110.27,110.145,104.564,1,0,1,p_officeDocStack04 (5)
level3,-253079617,0.0,0.0,0.0,1,0,1,Mission_Hidden_03_WalkOnWater
level3,1211451698,420.337,153.03,201.309,1,0,1,P_BirchBush_01_Snow
level3,-366631330,270.48,103.75,299.75,1,0,1,p_adSignFurnox01
level3,57312918,248.339,101.121,239.963,1,0,0,a_animal_fish02
level3,-1885524210,104.987,111.659,106.122,1,0,1,p_CoffeemachineButtonDummy
level3,-253096128,-477.11,-342.43,-14.38,1,0,1,Trigger_ExitDungeon
level3,696113498,-477.077,-333.936,-57.64,1,0,1,Trigger_CultIntroduction
level3,-1384123748,277.55,116.24,158.61,1,0,1,Trigger_DuckHouseTooEarly
level3,-251110231,244.828,107.112,224.94,1,0,0,p_factoryVentilator01 (8)
level3,-926938235,123.229,111.134,93.298,1,0,1,Item_Furniture_Carving_WavingCat (1)
level3,325499214,0.0,0.0,0.0,1,0,1,Mission_SirWorcestershire_00_Cloud
level3,-880275594,119.312,111.141,96.909,1,0,1,p_officeDocStack01 (21)
level3,1555406683,365.814,104.602,235.501,1,0,1,p_Tree_Walnut_01_Mushroom (2)
level3,-622447233,344.552,101.373,192.314,1,0,1,p_Tree_Walnut_01
level3,1555406683,332.692,100.432,219.795,1,0,1,p_Tree_Walnut_01_Mushroom (3)
level3,-622447233,350.254,102.172,240.263,1,0,1,p_Tree_Walnut_01
level3,-622447233,352.926,100.025,254.402,1,0,1,p_Tree_Walnut_01
level3,-622447233,359.515,100.92,193.349,1,0,1,p_Tree_Walnut_01
level3,-622447233,332.49,100.0,261.13,1,0,1,p_Tree_Walnut_01
level3,-622447233,369.67,101.447,188.69,1,0,1,p_Tree_Walnut_01
level3,-1554507169,332.858,100.146,243.677,1,0,1,p_Tree_Walnut_02
level3,-1554507169,357.91,100.159,268.227,1,0,1,p_Tree_Walnut_02
level3,-1554507169,337.656,100.0,259.627,1,0,1,p_Tree_Walnut_02
level3,-1554507169,371.609,104.633,221.666,1,0,1,p_Tree_Walnut_02
level3,-1554507169,346.93,100.0,269.18,1,0,1,p_Tree_Walnut_02
level3,-1554507169,348.938,100.872,218.413,1,0,1,p_Tree_Walnut_02
level3,-1554507169,367.487,104.032,217.633,1,0,1,p_Tree_Walnut_02
level3,-1554507169,333.716,100.562,206.639,1,0,1,p_Tree_Walnut_02
level3,-1554507169,203.69,98.99,218.17,1,0,0,p_Tree_Walnut_02 (1)
level3,-1554507169,341.828,100.347,244.144,1,0,1,p_Tree_Walnut_02
level3,642423019,285.06,131.26,106.34,1,0,1,p_crafter_VoidGate
level3,-880275594,120.128,110.081,97.851,1,0,1,p_officeDocStack01 (43)
level3,-880275594,122.985,110.104,96.581,1,0,1,p_officeDocStack01 (34)
level3,-1554293251,418.621,153.161,206.557,1,0,1,P_BirchBush_02_Snow
level3,-880275594,121.978,111.563,95.651,1,0,1,p_officeDocStack01 (33)
level3,-880275594,120.187,110.471,97.884,1,0,1,p_officeDocStack01 (52)
level3,-880275594,131.885,112.232,93.905,1,0,1,p_officeDocStack01 (9)
level3,-1519521221,250.5,100.95,238.35,1,0,0,Trigger_collectBlueprint_Furnace (1)
level3,-1519521221,279.929,84.426,367.118,1,0,1,Trigger_collectBlueprint_Furnace
level3,-880275594,119.268,112.269,96.882,1,0,1,p_officeDocStack01 (57)
level3,2056653995,274.83,112.77,152.87,1,0,1,p_BlockerShedDoor
level3,-688716411,269.63,101.39,257.08,1,0,1,p_Slot_Sawhorse
level3,225753976,241.53,101.349,242.52,1,0,0,p_InventoryCannon
level3,1133761806,554.566,187.022,271.519,1,0,0,Item_Furniture_Carving_HandMetal01
level3,1133761806,553.58,187.022,271.519,1,0,0,Item_Furniture_Carving_HandMetal01 (1)
level3,-1678411528,246.732,100.97,250.222,1,0,0,Item_Balloons
level3,1488905137,233.51,100.65,230.26,1,0,0,Item_Tech_WoodPC
level3,1204161992,248.567,100.867,247.682,1,0,0,Item_Satellite
level3,-1331687397,554.087,186.651,270.372,1,0,0,Item_Furniture_Tech_Boombox01
level3,-968154706,0.0,0.0,0.0,1,0,1,Mission_Hidden_20_TPsInWorld
level3,947925184,493.405,91.617,124.838,1,0,1,p_Chest01
level3,-1064298784,0.0,0.0,0.0,1,0,1,Mission_Hidden_04_UnlockBeehouse
level3,2096229293,122.778,112.228,101.379,1,0,1,p_officeDocStack02 (6)
level3,-70216923,263.529,100.0,241.617,1,0,1,p_prop_campingLampOff01
level3,1880671016,416.177,148.786,222.644,1,0,1,p_Tree_Crystal_03
level3,1880671016,545.267,187.252,356.382,1,0,1,p_Tree_Crystal_03
level3,1880671016,523.775,187.27,361.955,1,0,1,p_Tree_Crystal_03
level3,1880671016,443.284,178.889,237.877,1,0,1,p_Tree_Crystal_03
level3,1880671016,519.77,186.898,318.3,1,0,1,p_Tree_Crystal_03
level3,1880671016,443.613,186.486,227.104,1,0,1,p_Tree_Crystal_03 (1)
level3,-249142208,261.208,100.0,230.157,1,0,1,p_Tree_Birch_01_Cabin
level3,852305038,291.429,63.62,285.16,1,0,1,p_teleporter_Explorer
level3,1539058000,316.452,99.96,235.6,1,0,1,p_bridge_destroyed
level3,-1584216227,0.0,0.0,0.0,1,0,1,Mission_Hidden_19_BrokenTPsatBase
level3,-880275594,122.375,110.109,97.057,1,0,1,p_officeDocStack01 (63)
level3,795798309,131.412,110.135,94.302,1,0,1,p_officeDoc04
level3,57312918,248.311,101.126,239.96,1,0,0,a_animal_fish02 (1)
level3,-1797269221,0.0,0.0,0.0,1,0,1,Mission_Hidden_17_GoldenShower
level3,659970840,376.31,112.18,185.84,1,0,1,p_MarioCrate01
level3,659970840,230.18,82.79,372.72,1,0,1,p_MarioCrate01
level3,659970840,541.73,200.45,317.69,1,0,1,p_MarioCrate01 (3)
level3,659970840,307.39,64.212,358.99,1,0,1,p_MarioCrate01 (1)
level3,659970840,-404.051,-322.341,-80.823,1,0,1,p_MarioCrate01 (2)
level3,-880275594,122.633,111.285,95.956,1,0,1,p_officeDocStack01 (26)
level3,433176936,250.681,100.75,241.229,1,0,0,p_TrunkSplit_Dead01_A
level3,-1993273805,252.656,100.79,242.277,1,0,0,p_TrunkSplit_Apple01_A
level3,-1378072372,248.54,101.55,236.87,1,0,0,p_TrunkSplit_Crystal01_A
level3,1095106693,249.915,100.71,241.821,1,0,0,p_TrunkSplit_Metal01_A
level3,-327585437,251.609,101.79,242.166,1,0,0,p_TrunkSplit_Birch01_A
level3,1523715415,370.575,105.36,227.83,1,0,1,p_windmillBrokenWing04
level3,-880275594,131.609,112.225,93.384,1,0,1,p_officeDocStack01 (10)
level3,-1888796597,246.701,100.0,213.635,1,0,1,p_Tree_Birch_04_Workhall (1)
level3,-1888796597,236.71,100.0,225.26,1,0,1,p_Tree_Birch_04_Workhall (3)
level3,-1888796597,264.87,100.0,216.37,1,0,1,p_Tree_Birch_04_Workhall
level3,-880275594,119.347,111.669,96.851,1,0,1,p_officeDocStack01 (46)
level3,1780265180,260.695,100.426,258.042,1,0,0,p_prop_campfireOn
level3,-880275594,122.669,111.907,95.947,1,0,1,p_officeDocStack01 (31)
level3,-880275594,132.901,112.239,94.9,1,0,1,p_officeDocStack01 (11)
level3,-897963459,258.25,100.212,271.669,1,0,1,p_manhole (1)
level3,735890230,127.119,110.145,101.187,1,0,1,p_officeDocStack04
level3,-880275594,121.956,111.318,95.646,1,0,1,p_officeDocStack01
level3,254423281,132.128,113.209,94.148,1,0,1,p_officeDoc01 (1)
level3,33215566,254.77,100.376,236.72,1,0,0,Item_AxeStone
level3,-685859587,253.483,100.376,243.465,1,0,0,Item_Axe_Wood
level3,1185295141,253.483,100.376,243.465,1,0,0,Item_Axe_Metal
level3,1995122607,254.863,100.35,240.782,1,0,0,Item_Axe_Crystal
level3,-880275594,132.186,112.225,94.195,1,0,1,p_officeDocStack01 (1)
level3,13979364,247.16,100.0,222.62,1,0,1,p_Tree_Apple_02_Workhall
level3,2100982440,265.22,100.62,250.94,1,0,0,Cheat_AllStats
level3,167092505,274.906,113.98,153.193,1,0,1,p_BlockerShedDoor
level3,1808193294,357.656,133.492,283.98,1,0,1,p_teleporter_Area2_DoorbellCollider
level3,944776493,-477.308,-330.941,-80.702,1,0,1,p_dungeonChainsOnlyVisuals
level3,-1933468780,0.0,0.0,0.0,1,0,1,p_trigger_CollectFiles
level3,-880275594,124.983,111.318,92.849,1,0,1,p_officeDocStack01
level3,2096229293,124.773,110.131,100.924,1,0,1,p_officeDocStack02 (1)
level3,1446705790,370.575,105.36,227.83,1,0,1,p_windmillBrokenWing02
level3,735890230,133.212,110.145,96.706,1,0,1,p_officeDocStack04 (3)
level3,-1622833909,259.05,100.09,208.79,1,0,1,p_Tree_Apple_01_Workhall (2)
level3,-1622833909,260.85,100.09,222.38,1,0,1,p_Tree_Apple_01_Workhall (1)
level3,-880275594,132.499,112.521,94.494,1,0,1,p_officeDocStack01 (14)
level3,254423281,128.227,111.159,100.536,1,0,1,p_officeDoc01
level3,-1460642940,0.0,0.0,0.0,1,0,1,Mission_Area5_TP_CheckIfBuild
level3,-1003815509,260.727,100.029,255.035,1,0,0,p_ResearchTable01
level3,-1288339359,130.421,110.112,95.252,1,0,1,p_trigger_ControlSpace
level3,622206311,279.14,103.212,336.46,1,0,1,p_adSignFurnox03
level3,-1811054236,394.544,119.921,209.905,1,0,1,P_BirchBush_01_Summer (2)
level3,-1811054236,346.981,100.623,308.584,1,0,1,P_BirchBush_01_Summer
level3,-1811054236,349.623,112.847,132.876,1,0,1,P_BirchBush_01_Summer
level3,-1811054236,327.913,100.0,240.163,1,0,1,P_BirchBush_01_Summer
level3,-1811054236,289.283,100.22,284.734,1,0,1,P_BirchBush_01_Summer
level3,-1811054236,326.717,100.278,212.206,1,0,1,P_BirchBush_01_Summer
level3,-1811054236,391.995,120.839,214.177,1,0,1,P_BirchBush_01_Summer
level3,-1811054236,368.238,100.995,205.3,1,0,1,P_BirchBush_01_Summer
level3,-1811054236,341.749,100.0,254.524,1,0,1,P_BirchBush_01_Summer
level3,-1811054236,360.352,103.296,241.038,1,0,1,P_BirchBush_01_Summer
level3,-1811054236,310.634,100.673,159.636,1,0,1,P_BirchBush_01_Summer
level3,-1811054236,365.487,100.0,266.893,1,0,1,P_BirchBush_01_Summer
level3,-1811054236,282.14,101.741,218.847,1,0,1,P_BirchBush_01_Summer
level3,-1811054236,295.84,108.84,206.73,1,0,1,P_BirchBush_01_Summer
level3,-1811054236,356.776,102.407,217.162,1,0,1,P_BirchBush_01_Summer
level3,-1811054236,343.045,112.506,173.862,1,0,1,P_BirchBush_01_Summer
level3,-1811054236,398.214,120.839,218.685,1,0,1,P_BirchBush_01_Summer
level3,-1811054236,357.484,102.923,235.04,1,0,1,P_BirchBush_01_Summer
level3,-1811054236,371.24,104.633,233.34,1,0,1,P_BirchBush_01_Summer
level3,-1811054236,403.422,120.106,212.154,1,0,1,P_BirchBush_01_Summer
level3,-1811054236,340.82,100.0,271.69,1,0,1,P_BirchBush_01_Summer
level3,-1811054236,303.07,100.0,240.55,1,0,1,P_BirchBush_01_Summer
level3,-1811054236,400.096,119.921,211.489,1,0,1,P_BirchBush_01_Summer
level3,-1811054236,285.68,100.0,215.14,1,0,1,P_BirchBush_01_Summer
level3,-1811054236,256.247,100.194,260.703,1,0,1,P_BirchBush_01_Summer
level3,-1811054236,271.68,100.22,255.488,1,0,1,P_BirchBush_01_Summer
level3,-1811054236,370.18,104.29,216.59,1,0,1,P_BirchBush_01_Summer
level3,-1811054236,405.294,120.173,204.857,1,0,1,P_BirchBush_01_Summer
level3,-1811054236,338.379,100.238,187.345,1,0,1,P_BirchBush_01_Summer
level3,-1811054236,341.483,100.0,252.865,1,0,1,P_BirchBush_01_Summer
level3,-1811054236,236.63,79.051,370.225,1,0,1,P_BirchBush_01_Summer
level3,-1811054236,325.223,100.089,215.694,1,0,1,P_BirchBush_01_Summer
level3,-1811054236,292.325,100.22,277.967,1,0,1,P_BirchBush_01_Summer
level3,-1811054236,229.763,92.362,246.963,1,0,1,P_BirchBush_01_Summer
level3,-1811054236,373.192,104.633,235.316,1,0,1,P_BirchBush_01_Summer
level3,-1811054236,365.82,104.091,221.253,1,0,1,P_BirchBush_01_Summer
level3,-1811054236,342.111,100.898,238.391,1,0,1,P_BirchBush_01_Summer
level3,-1811054236,226.84,91.94,253.12,1,0,1,P_BirchBush_01_Summer
level3,-1811054236,407.568,120.433,196.964,1,0,1,P_BirchBush_01_Summer
level3,-1811054236,255.07,100.22,272.26,1,0,1,P_BirchBush_01_Summer
level3,-1811054236,301.26,100.22,278.143,1,0,1,P_BirchBush_01_Summer
level3,-1811054236,367.46,104.03,218.57,1,0,1,P_BirchBush_01_Summer
level3,-1811054236,330.902,100.241,312.881,1,0,1,P_BirchBush_01_Summer
level3,-1811054236,218.79,79.051,371.53,1,0,1,P_BirchBush_01_Summer
level3,-1811054236,253.78,100.22,275.17,1,0,1,P_BirchBush_01_Summer
level3,-1811054236,400.94,125.51,253.24,1,0,1,P_BirchBush_01_Summer (5)
level3,-1811054236,343.988,100.0,254.247,1,0,1,P_BirchBush_01_Summer
level3,-1811054236,401.153,125.187,251.482,1,0,1,P_BirchBush_01_Summer (4)
level3,-1811054236,392.19,127.92,280.27,1,0,1,P_BirchBush_01_Summer (3)
level3,-1811054236,353.35,101.83,220.495,1,0,1,P_BirchBush_01_Summer
level3,-1811054236,122.74,77.685,130.44,1,0,1,P_BirchBush_01_Summer
level3,-1811054236,270.43,100.0,241.67,1,0,1,P_BirchBush_01_Summer
level3,-1811054236,351.87,101.485,219.706,1,0,1,P_BirchBush_01_Summer
level3,-1811054236,300.562,100.0,224.477,1,0,1,P_BirchBush_01_Summer
level3,-1811054236,305.48,100.0,229.83,1,0,1,P_BirchBush_01_Summer
level3,-1811054236,294.5,99.96,284.38,1,0,1,P_BirchBush_01_Summer
level3,-1811054236,337.634,99.851,269.827,1,0,1,P_BirchBush_01_Summer
level3,-1811054236,321.809,99.871,214.841,1,0,1,P_BirchBush_01_Summer
level3,-1811054236,389.33,120.839,232.32,1,0,1,P_BirchBush_01_Summer (1)
level3,-1811054236,358.213,102.783,221.15,1,0,1,P_BirchBush_01_Summer
level3,195331431,382.17,69.481,367.22,1,0,1,Trigger_LocationDiscovered_HamsterHome
level3,-1281305193,286.362,100.22,259.392,1,0,1,p_Tree_Birch_04_Bees
level3,-269368834,124.494,110.163,100.338,1,0,1,p_officeDoc03 (2)
level3,-880275594,120.185,110.722,97.833,1,0,1,p_officeDocStack01 (54)
level3,-880275594,122.037,112.471,100.245,1,0,1,p_officeDocStack01 (61)
level3,1540248871,460.91,188.78,259.79,1,0,1,p_Slot_brokenTeleporter_Area5
level3,333147227,260.22,99.97,230.787,1,0,0,p_cabin_smallShack01
level3,1114729590,255.232,100.805,253.099,1,0,1,Mission_Hidden_18_CheckIfProteinShakeCollected
level3,-880275594,119.312,111.289,96.909,1,0,1,p_officeDocStack01 (32)
level3,-269368834,130.815,110.116,93.187,1,0,1,p_officeDoc03 (3)
level3,-880275594,119.268,112.031,96.882,1,0,1,p_officeDocStack01 (49)
level3,-359169224,120.137,110.873,97.843,1,0,1,Item_PieceOfShit
level3,-880275594,122.978,110.452,96.587,1,0,1,p_officeDocStack01 (37)
level3,-531013114,277.09,101.008,273.0,1,0,1,Tree_Wood03
level3,-531013114,277.087,101.043,276.828,1,0,1,Tree_Wood03
level3,-2021437395,294.422,100.047,241.699,1,0,1,Tree_Wood02
level3,-2021437395,365.259,101.243,197.09,1,0,1,p_Tree_Birch_02
level3,-531013114,125.73,76.89,125.85,1,0,1,Tree_Wood03 (4)
level3,647396312,364.146,103.572,242.049,1,0,1,p_Tree_Birch_07
level3,-2021437395,273.942,100.917,279.685,1,0,1,Tree_Wood02
level3,2025673331,401.2,118.758,198.04,1,0,1,p_Tree_Birch_04
level3,647396312,394.909,120.839,217.989,1,0,1,p_Tree_Birch_07
level3,-2021437395,257.583,100.22,281.517,1,0,1,Tree_Wood02
level3,-2021437395,373.032,104.686,231.276,1,0,1,p_Tree_Birch_02
level3,-760104094,297.678,100.417,278.991,1,0,1,Tree_Wood01
level3,2025673331,218.37,79.051,378.65,1,0,1,p_Tree_Birch_04
level3,647396312,399.868,119.931,204.46,1,0,1,p_Tree_Birch_07
level3,-760104094,333.75,100.053,265.77,1,0,1,p_Tree_Birch_01
level3,647396312,277.891,100.336,257.506,1,0,1,p_Tree_Birch_07
level3,-760104094,349.031,101.024,195.436,1,0,1,p_Tree_Birch_01
level3,-760104094,290.41,100.305,273.31,1,0,1,Tree_Wood01
level3,-531013114,253.732,100.74,285.873,1,0,1,Tree_Wood03 (1)
level3,2025673331,314.001,100.0,278.303,1,0,1,Tree_Wood04
level3,647396312,253.723,100.416,274.189,1,0,1,Tree_Wood07
level3,647396312,258.619,100.22,287.115,1,0,1,Tree_Wood07
level3,2025673331,352.137,100.132,209.344,1,0,1,p_Tree_Birch_04
level3,-531013114,390.169,120.839,229.294,1,0,1,p_Tree_Birch_03
level3,2025673331,126.0,77.44,130.64,1,0,1,Tree_Wood04 (8)
level3,2025673331,285.998,100.331,287.071,1,0,1,Tree_Wood04
level3,647396312,328.778,100.428,212.067,1,0,1,p_Tree_Birch_07
level3,-760104094,337.492,100.63,239.144,1,0,1,p_Tree_Birch_01
level3,-531013114,393.502,120.839,237.71,1,0,1,p_Tree_Birch_03
level3,-760104094,305.587,100.476,282.906,1,0,1,Tree_Wood01
level3,-531013114,298.46,100.468,243.79,1,0,1,Tree_Wood03
level3,2025673331,397.72,120.839,224.44,1,0,1,p_Tree_Birch_04
level3,-760104094,293.25,100.0,221.39,1,0,1,Tree_Wood01
level3,-531013114,306.826,100.194,272.02,1,0,1,Tree_Wood03
level3,-531013114,272.148,100.815,276.583,1,0,1,Tree_Wood03
level3,647396312,291.23,100.212,261.225,1,0,1,Tree_Wood07
level3,-531013114,403.795,119.923,203.83,1,0,1,p_Tree_Birch_03
level3,-531013114,343.979,100.781,312.296,1,0,1,Tree_Wood03
level3,-531013114,302.99,100.309,241.5,1,0,1,Tree_Wood03 (3)
level3,-531013114,291.85,100.28,246.29,1,0,1,Tree_Wood03
level3,2025673331,251.631,100.779,280.39,1,0,1,p_Tree_Birch_04
level3,-531013114,284.921,100.32,249.713,1,0,1,Tree_Wood03
level3,-531013114,358.538,100.053,254.62,1,0,1,p_Tree_Birch_03
level3,-2021437395,340.271,100.657,201.188,1,0,1,p_Tree_Birch_02
level3,2025673331,229.68,78.534,368.19,1,0,1,p_Tree_Birch_04
level3,2025673331,345.31,100.623,306.96,1,0,1,Tree_Wood04
level3,-760104094,363.313,101.5,187.841,1,0,1,p_Tree_Birch_01
level3,2025673331,327.096,100.053,251.021,1,0,1,p_Tree_Birch_04
level3,647396312,297.311,100.48,253.651,1,0,1,Tree_Wood07
level3,-760104094,279.79,100.332,248.93,1,0,1,Tree_Wood01
level3,-769018917,253.233,100.403,277.737,1,0,1,p_Tree_Birch_04_FallingLeaves (1)
level3,647396312,230.033,79.051,376.307,1,0,1,p_Tree_Birch_07
level3,2025673331,332.05,100.3,317.07,1,0,1,Tree_Wood04
level3,2025673331,259.127,100.22,277.6,1,0,1,Tree_Wood04
level3,2025673331,281.99,102.066,217.63,1,0,1,Tree_Wood04
level3,-2021437395,292.639,100.409,264.669,1,0,1,p_Tree_Birch_02
level3,-2021437395,293.899,100.42,270.491,1,0,1,Tree_Wood02
level3,-2021437395,131.7,77.39,127.92,1,0,1,Tree_Wood02 (2)
level3,2025673331,397.71,120.839,233.02,1,0,1,p_Tree_Birch_04
level3,2025673331,226.17,79.051,376.27,1,0,1,p_Tree_Birch_04
level3,-531013114,301.43,100.17,255.24,1,0,1,Tree_Wood03
level3,-760104094,362.732,100.053,259.8,1,0,1,p_Tree_Birch_01
level3,-2021437395,297.208,100.2,272.614,1,0,1,Tree_Wood02
level3,-769018917,280.231,100.525,277.573,1,0,1,p_Tree_Birch_04_FallingLeaves (2)
level3,-2021437395,359.28,100.5,202.92,1,0,1,p_Tree_Birch_02
level3,-769018917,287.21,100.074,232.0,1,0,1,p_Tree_Birch_04_FallingLeaves
level3,2025673331,402.414,120.043,208.162,1,0,1,p_Tree_Birch_04
level3,-760104094,298.93,100.324,265.0,1,0,1,Tree_Wood01
level3,2025673331,294.05,100.0,227.98,1,0,1,Tree_Wood04 (2)
level3,-760104094,273.55,101.06,272.888,1,0,1,p_Tree_Birch_01
level3,547085361,301.14,100.152,228.07,1,0,1,p_Tree_Birch_02_FallingLeaves
level3,-2021437395,347.52,100.609,259.6,1,0,1,p_Tree_Birch_02
level3,-531013114,232.67,79.043,370.01,1,0,1,p_Tree_Birch_03
level3,2025673331,298.747,100.092,225.011,1,0,1,Tree_Wood04
level3,-2021437395,331.459,100.053,251.927,1,0,1,p_Tree_Birch_02
level3,2025673331,404.267,119.543,198.511,1,0,1,p_Tree_Birch_04
level3,2025673331,281.85,101.153,223.6,1,0,1,Tree_Wood04
level3,2025673331,399.574,120.37,211.939,1,0,1,p_Tree_Birch_04 (3)
level3,647396312,396.166,120.672,210.534,1,0,1,p_Tree_Birch_07
level3,647396312,222.0,79.033,367.4,1,0,1,p_Tree_Birch_07
level3,2025673331,394.38,120.84,222.82,1,0,1,p_Tree_Birch_04 (2)
level3,2025673331,308.709,100.56,161.218,1,0,1,p_Tree_Birch_04
level3,-2021437395,354.84,100.08,260.796,1,0,1,p_Tree_Birch_02
level3,647396312,326.57,100.109,219.804,1,0,1,p_Tree_Birch_07
level3,647396312,213.42,79.051,376.25,1,0,1,p_Tree_Birch_07
level3,-760104094,354.989,102.089,217.782,1,0,1,p_Tree_Birch_01
level3,-531013114,279.143,100.38,253.257,1,0,1,Tree_Wood03
level3,647396312,329.103,100.053,227.408,1,0,1,p_Tree_Birch_07
level3,-531013114,275.45,100.192,223.14,1,0,1,Tree_Wood03
level3,647396312,290.617,100.58,249.646,1,0,1,Tree_Wood07
level3,2025673331,302.36,100.156,231.24,1,0,1,p_Tree_Birch_04
level3,647396312,295.31,100.22,264.97,1,0,1,Tree_Wood07
level3,2025673331,290.93,100.076,225.81,1,0,1,Tree_Wood04
level3,647396312,312.006,100.0,273.021,1,0,1,Tree_Wood07
level3,-531013114,283.58,100.54,229.54,1,0,1,Tree_Wood03
level3,647396312,352.1,100.053,264.149,1,0,1,p_Tree_Birch_07
level3,-2021437395,307.282,100.198,274.983,1,0,1,Tree_Wood02
level3,2025673331,336.566,100.371,218.21,1,0,1,p_Tree_Birch_04
level3,-531013114,285.6,100.411,225.259,1,0,1,Tree_Wood03
level3,-2021437395,343.134,100.091,214.124,1,0,1,p_Tree_Birch_02
level3,-531013114,271.87,100.132,240.81,1,0,1,Tree_Wood03
level3,647396312,292.562,100.422,280.088,1,0,1,Tree_Wood07
level3,-9759886,291.91,98.993,310.06,1,0,1,Item_mushroom03ClusterB
level3,-9759886,272.437,83.025,366.432,1,0,1,Item_mushroom03ClusterB
level3,-732294604,285.81,99.27,314.46,1,0,1,Item_mushroom03ClusterA
level3,-732294604,335.17,79.48,354.99,1,0,1,Item_mushroom03ClusterA
level3,-9759886,262.749,66.128,363.126,1,0,1,Item_mushroom03ClusterB (7)
level3,-9759886,383.776,45.856,357.868,1,0,1,Item_mushroom03ClusterB (2)
level3,-732294604,254.113,65.68,369.566,1,0,1,p_mushroom03ClusterA
level3,-9759886,334.16,54.33,394.43,1,0,1,Item_mushroom03ClusterB (1)
level3,-732294604,354.836,50.961,361.179,1,0,1,Item_mushroom03ClusterA
level3,-9759886,277.79,70.79,381.2,1,0,1,Item_mushroom03ClusterB (3)
level3,-9759886,322.36,48.014,369.573,1,0,1,Item_mushroom03ClusterB
level3,-9759886,314.79,80.745,356.02,1,0,1,Item_mushroom03ClusterB
level3,-732294604,270.45,83.093,378.752,1,0,1,Item_mushroom03ClusterA
level3,999909620,328.3,79.867,362.82,1,0,1,p_prop_FenceOld04 (3)
level3,-1282398135,299.414,82.22,363.884,1,0,1,p_prop_FenceOld01 (2)
level3,-48388151,300.426,82.003,362.142,1,0,1,p_prop_FenceOld05 (2)
level3,-1282398135,376.944,110.597,212.837,1,0,1,p_prop_FenceOld01
level3,856330882,387.724,114.745,189.637,1,0,1,p_prop_FenceOld02 (4)
level3,-48388151,301.59,81.86,360.915,1,0,1,p_prop_FenceOld05 (3)
level3,-1282398135,298.56,82.044,366.46,1,0,1,p_prop_FenceOld01 (1)
level3,-1282398135,319.507,80.185,362.867,1,0,1,p_prop_FenceOld01 (5)
level3,-1282398135,336.287,79.317,361.289,1,0,1,p_prop_FenceOld01 (6)
level3,856330882,326.496,66.524,395.73,1,0,1,p_prop_FenceOld02 (4)
level3,971673205,381.451,111.517,200.369,1,0,1,p_prop_FenceOld03
level3,-1282398135,382.518,112.134,196.888,1,0,1,p_prop_FenceOld01 (1)
level3,-48388151,330.463,79.923,362.206,1,0,1,p_prop_FenceOld05 (6)
level3,971673205,384.74,113.17,194.502,1,0,1,p_prop_FenceOld03 (1)
level3,-48388151,293.447,82.051,369.215,1,0,1,p_prop_FenceOld05
level3,971673205,315.055,80.329,362.126,1,0,1,p_prop_FenceOld03 (1)
level3,999909620,326.298,66.783,397.851,1,0,1,p_prop_FenceOld04 (1)
level3,999909620,338.614,79.442,354.67,1,0,1,p_prop_FenceOld04 (4)
level3,856330882,385.722,113.718,191.957,1,0,1,p_prop_FenceOld02 (3)
level3,-48388151,326.402,79.974,362.304,1,0,1,p_prop_FenceOld05 (5)
level3,-1282398135,321.415,67.195,386.187,1,0,1,p_prop_FenceOld01 (9)
level3,999909620,312.65,80.317,361.442,1,0,1,p_prop_FenceOld04 (2)
level3,856330882,286.744,81.791,368.027,1,0,1,p_prop_FenceOld02
level3,856330882,378.854,110.416,213.545,1,0,1,p_prop_FenceOld02 (1)
level3,856330882,337.241,79.285,359.06,1,0,1,p_prop_FenceOld02 (6)
level3,999909620,289.024,82.007,367.713,1,0,1,p_prop_FenceOld04
level3,-48388151,324.222,79.649,362.213,1,0,1,p_prop_FenceOld05 (4)
level3,999909620,311.329,80.542,359.737,1,0,1,p_prop_FenceOld04 (5)
level3,-1282398135,323.726,67.125,388.089,1,0,1,p_prop_FenceOld01 (3)
level3,856330882,296.747,82.109,368.18,1,0,1,p_prop_FenceOld02 (2)
level3,856330882,395.763,114.684,180.225,1,0,1,p_prop_FenceOld02 (8)
level3,856330882,392.14,115.576,185.94,1,0,1,p_prop_FenceOld02 (5)
level3,971673205,325.273,66.964,390.57,1,0,1,p_prop_FenceOld03
level3,-48388151,334.85,79.41,362.11,1,0,1,p_prop_FenceOld05 (7)
level3,856330882,376.589,110.451,210.467,1,0,1,p_prop_FenceOld02
level3,-1282398135,288.738,81.206,377.963,1,0,1,p_prop_FenceOld01 (7)
level3,856330882,291.216,81.778,368.338,1,0,1,p_prop_FenceOld02 (1)
level3,856330882,380.022,110.888,202.191,1,0,1,p_prop_FenceOld02 (2)
level3,-48388151,295.518,82.056,369.31,1,0,1,p_prop_FenceOld05 (1)
level3,971673205,390.557,115.489,188.044,1,0,1,p_prop_FenceOld03 (2)
level3,-1282398135,326.655,66.937,393.259,1,0,1,p_prop_FenceOld01 (4)
level3,856330882,317.186,80.014,362.495,1,0,1,p_prop_FenceOld02 (5)
level3,971673205,321.74,80.005,362.64,1,0,1,p_prop_FenceOld03 (2)
level3,971673205,393.54,115.295,182.67,1,0,1,p_prop_FenceOld03 (3)
level3,927320022,247.753,101.32,241.359,1,0,0,Item_RawMaterial_Wood_Crystal
level3,927320022,264.943,101.137,244.588,1,0,0,Item_RawMaterial_Wood_Crystal
level3,1109182591,235.204,101.787,240.883,1,0,0,p_boberFountain
level3,-880275594,122.96,110.573,96.567,1,0,1,p_officeDocStack01 (38)
level3,2096229293,121.937,110.13,97.159,1,0,1,p_officeDocStack02 (7)
level3,-880275594,122.12,112.22,100.279,1,0,1,p_officeDocStack01 (59)
level3,-2013417890,0.0,0.0,0.0,1,0,1,Mission_Hidden_16_HouseBuiltAndWorcestershire02Spawned
level3,1780265180,303.51,99.966,157.16,1,0,1,p_prop_campfireOn (1)
level3,-779258823,0.0,0.0,0.0,1,0,1,Mission_Hidden_ListenForHamsterAssault
level3,-1226261018,0.0,0.0,0.0,1,0,1,Mission_Hidden_00_ChickenMassacre
level3,-1192270271,254.527,102.85,231.786,1,0,0,HiddenMission_HomeSweetHome_24a_RemoveTrees
level3,-1303237028,0.0,0.0,0.0,1,0,0,Mission_SirWorcestershire_15_MovableWorcestershireItem
level3,-880275594,122.12,112.344,100.279,1,0,1,p_officeDocStack01 (60)
level3,900517452,334.904,101.652,323.228,1,0,1,Mission_FoundRubberduck01
level3,-29742750,334.904,101.652,323.228,1,0,1,Mission_FoundRubberduck12
level3,-21072281,334.904,101.652,323.228,1,0,1,Mission_FoundRubberduck04
level3,1683960079,334.904,101.652,323.228,1,0,1,Mission_FoundRubberduck06
level3,-2131311447,334.904,101.652,323.228,1,0,1,Mission_FoundRubberduck13
level3,-1769902898,334.904,101.652,323.228,1,0,1,Mission_FoundRubberduck08
level3,1231800772,334.904,101.652,323.228,1,0,1,Mission_FoundRubberduck05
level3,-1845180143,334.904,101.652,323.228,1,0,1,Mission_FoundRubberduck10
level3,-108682559,334.904,101.652,323.228,1,0,1,Mission_FoundRubberduck09
level3,-1378275121,334.904,101.652,323.228,1,0,1,Mission_FoundRubberduck11
level3,1290390844,334.904,101.652,323.228,1,0,1,Mission_FoundRubberduck07
level3,1051266624,334.904,101.652,323.228,1,0,1,Mission_FoundRubberduck02
level3,1572377691,334.904,101.652,323.228,1,0,1,Mission_FoundRubberduck03
level3,-1574291349,207.03,99.1,222.94,1,0,0,p_teleporter_Lab
level3,-1259496904,132.272,109.87,96.688,1,0,0,p_teleporter_TutorialOffice
level3,-1574291349,207.03,99.1,218.14,1,0,0,p_teleporter_Area2
level3,930654073,223.12,98.94,212.792,1,0,0,p_teleporterSlotMachine
level3,-1574291349,505.597,204.392,223.964,1,0,0,p_teleporter_Elevator
level3,-1574291349,207.03,99.1,232.69,1,0,0,p_teleporter_Snow
level3,-1574291349,207.03,99.1,237.57,1,0,0,p_teleporter_PirateBay
level3,930654073,220.25,98.94,212.792,1,0,0,p_teleporterSlotMachine (1)
level3,930654073,210.255,98.94,212.792,1,0,0,p_teleporterCultists
level3,930654073,217.1,98.94,212.792,1,0,0,p_teleporterDuckHouse
level3,-1616606335,258.1,97.59,271.72,1,0,1,p_teleporter_Area1_Manhole
level3,-1574291349,207.03,99.1,227.96,1,0,0,p_teleporter_Cave
level3,-880275594,122.296,111.258,96.294,1,0,1,p_officeDocStack01 (24)
level3,254423281,124.952,111.251,92.912,1,0,1,p_officeDoc01 (1)
level3,57312918,248.414,101.125,239.955,1,0,0,a_animal_fish02 (2)
level3,420327638,263.37,100.0,238.62,1,0,1,p_WoodElevatorBroken
level3,-880275594,120.229,111.499,96.328,1,0,1,p_officeDocStack01 (42)
level3,-251110231,242.739,107.112,224.94,1,0,0,p_factoryVentilator01 (1)
level3,-880275594,119.347,112.391,96.857,1,0,1,p_officeDocStack01 (58)
level3,-880275594,122.633,111.137,95.956,1,0,1,p_officeDocStack01 (19)
level3,-880275594,132.221,113.061,94.097,1,0,1,p_officeDocStack01 (7)
level3,512192713,288.71,84.17,369.49,1,0,1,Trigger_CaveBridgeDiscovered
level3,-1375908180,-478.35,-345.22,-41.37,1,0,1,Trigger_RitualSiteDiscovered
level3,1914355436,370.67,102.01,223.66,1,0,1,Trigger_OldWindmillDiscovered
level3,21812348,406.0,130.08,270.76,1,0,1,Trigger_GenovatechLabDiscovered
level3,-1499047808,266.968,100.562,249.993,1,0,0,Item_Seed_Tomato
level3,7110692,0.0,0.0,0.0,1,0,1,Mission_Hidden_05_UnlockStoneWoodSawhorse_FullTrunk
level3,1641576534,0.0,0.0,0.0,1,0,1,Mission_Hidden_05_UnlockAppleWoodSawhorse_FullTrunk
level3,-9249414,0.0,0.0,0.0,1,0,1,Mission_Hidden_05_UnlockElectroWoodSawhorse_halfTrunk
level3,1959911907,0.0,0.0,0.0,1,0,1,Mission_Hidden_05_UnlockWalnutWoodSawhorse_halfTrunk
level3,1045665449,0.0,0.0,0.0,1,0,1,Mission_Hidden_05_UnlockPalmWoodSawhorse_halfTrunk
level3,1942006761,0.0,0.0,0.0,1,0,1,Mission_Hidden_08_WalkOnLava
level3,1414519515,0.0,0.0,0.0,1,0,1,Mission_Hidden_05_UnlockStoneWoodSawhorse_halfTrunk
level3,-369632839,0.0,0.0,0.0,1,0,1,Mission_Hidden_05_UnlockMetalWoodSawhorse_FullTrunk
level3,-578182816,0.0,0.0,0.0,1,0,1,Mission_Hidden_05_UnlockWalnutWoodSawhorse_FullTrunk
level3,342589710,0.0,0.0,0.0,1,0,1,Mission_Hidden_05_UnlockBirchWoodSawhorse_FullTrunk
level3,245525106,0.0,0.0,0.0,1,0,1,Mission_Hidden_13_PillowBackDialogue
level3,-1084865497,0.0,0.0,0.0,1,0,1,Mission_Hidden_12_Hamstertech
level3,1833115850,0.0,0.0,0.0,1,0,1,Mission_Hidden_GrindstoneElectro
level3,-592516473,0.0,0.0,0.0,1,0,1,Mission_Hidden_05_UnlockPalmWoodSawhorse_FullTrunk
level3,-1459812356,0.0,0.0,0.0,1,0,1,Mission_Hidden_14_PicklesBackDialogue
level3,-1221278800,0.0,0.0,0.0,1,0,1,Mission_Hidden_06_CaveBridge
level3,1093266035,0.0,0.0,0.0,1,0,1,Mission_Hidden_05_UnlockElectroWoodSawhorse_FullTrunk
level3,243669217,0.0,0.0,0.0,1,0,1,Mission_Hidden_GrindstoneMetal
level3,515281130,0.0,0.0,0.0,1,0,1,Mission_Hidden_05_UnlockMetalWoodSawhorse_halfTrunk
level3,-13529417,261.434,101.263,251.836,1,0,1,p_ItemCrafterInventoryCrate
level3,1742095129,0.0,0.0,0.0,1,0,1,Mission_Hidden_DuckAtWindow
level3,-793994529,0.0,0.0,0.0,1,0,1,Mission_Ducks_99_RemoveCandleFlamsAndPostPro
level3,1199827161,0.0,0.0,0.0,1,0,1,Mission_Hidden_WaitForElevatorBuild
level3,-93893241,256.57,100.0,215.02,1,0,1,p_Tree_Birch_03_Workhall
level3,-93893241,251.15,100.0,210.5,1,0,1,p_Tree_Birch_03_Workhall (3)
level3,-93893241,253.609,100.0,223.17,1,0,1,p_Tree_Birch_03_Workhall (1)
level3,-2032988415,285.66,115.663,152.913,1,0,1,p_Tree_Dead_01 (3)
level3,-1929027677,265.253,112.741,189.766,1,0,1,p_Tree_Dead_02
level3,-583729562,296.47,112.379,196.68,1,0,1,p_Tree_Metal_02
level3,-583729562,302.49,124.58,116.77,1,0,1,p_Tree_Metal_02
level3,-1929027677,-488.09,-333.43,-46.33,1,0,1,p_Tree_Electronic_02
level3,-1929027677,-760.204,-242.05,-134.415,1,0,1,p_Tree_Electronic_02
level3,446141343,280.08,100.0,236.8,1,0,1,p_Tree_Apple_02_FallingLeaves
level3,-1631128459,285.899,100.258,253.386,1,0,1,p_Tree_Apple_03_FallingLeaves
level3,-1929027677,-778.329,-242.86,-134.544,1,0,1,p_Tree_Electronic_02
level3,819155891,307.02,125.252,116.24,1,0,1,p_Tree_Metal_01
level3,819155891,385.49,46.018,355.21,1,0,1,p_Tree_Metal_01 (2)
level3,-583729562,390.81,46.263,359.7,1,0,1,p_Tree_Metal_02 (3)
level3,-1929027677,-418.43,-320.72,-80.56,1,0,1,p_Tree_Electronic_02 (2)
level3,-1929027677,282.265,112.489,182.89,1,0,1,p_Tree_Dead_02
level3,-156887277,283.03,100.263,232.49,1,0,1,p_Tree_Apple_02
level3,1581602964,-534.99,-321.84,-56.54,1,0,1,p_Tree_Electronic_03
level3,-1929027677,295.71,112.855,188.912,1,0,1,p_Tree_Dead_02
level3,1581602964,269.1,112.97,167.63,1,0,1,p_Tree_Dead_03 (4)
level3,-156887277,298.709,100.552,247.625,1,0,1,p_Tree_Apple_02
level3,1073200838,285.674,100.22,264.466,1,0,1,p_Tree_Apple_03
level3,-1929027677,292.08,112.75,193.69,1,0,1,p_Tree_Dead_02
level3,1581602964,302.48,130.7,100.76,1,0,1,p_Tree_Dead_03 (2)
level3,-2032988415,-528.56,-399.02,-277.61,1,0,1,p_Tree_Electronic_01 (1)
level3,1581602964,-520.812,-399.153,-283.079,1,0,1,p_Tree_Electronic_03 (2)
level3,1581602964,-536.215,-398.64,-266.764,1,0,1,p_Tree_Electronic_03 (2)
level3,-1929027677,-360.927,-276.85,-8.031,1,0,1,p_Tree_Electronic_02
level3,-1929027677,299.715,112.459,193.508,1,0,1,p_Tree_Dead_02
level3,1040059545,290.036,111.869,191.994,1,0,1,p_Tree_Metal_03
level3,-2032988415,-490.72,-327.66,-96.12,1,0,1,p_Tree_Electronic_01
level3,-1929027677,-510.3,-399.53,-260.36,1,0,1,p_Tree_Electronic_02
level3,1581602964,-522.5,-316.22,-119.7,1,0,1,p_Tree_Electronic_03 (1)
level3,1581602964,-356.85,-275.41,-19.73,1,0,1,p_Tree_Electronic_03 (2)
level3,-583729562,289.246,122.688,146.725,1,0,1,p_Tree_Metal_02
level3,-2032988415,342.71,118.89,137.69,1,0,1,p_Tree_Dead_01 (1)
level3,-2032988415,281.993,112.781,178.059,1,0,1,p_Tree_Dead_01
level3,-583729562,387.547,46.029,352.614,1,0,1,p_Tree_Metal_02 (2)
level3,-1929027677,300.3,116.23,154.46,1,0,1,p_Tree_Dead_02 (1)
level3,-2032988415,-288.47,-301.08,-283.04,1,0,1,p_Tree_Electronic_01 (1)
level3,-1929027677,-517.71,-316.15,-126.31,1,0,1,p_Tree_Electronic_02 (1)
level3,-2032988415,-758.13,-242.39,-125.372,1,0,1,p_Tree_Electronic_01
level3,1581602964,299.0,130.7,109.1,1,0,1,p_Tree_Dead_03
level3,1040059545,298.93,123.02,137.18,1,0,1,p_Tree_Metal_03
level3,819155891,387.35,45.8,368.69,1,0,1,p_Tree_Metal_01 (4)
level3,-1929027677,285.186,112.826,180.932,1,0,1,p_Tree_Dead_02
level3,-1929027677,-317.17,-314.86,-253.4,1,0,1,p_Tree_Electronic_02
level3,-1929027677,311.208,120.023,128.703,1,0,1,p_Tree_Dead_02
level3,819155891,383.38,45.75,370.94,1,0,1,p_Tree_Metal_01 (3)
level3,1040059545,260.46,113.28,177.98,1,0,1,p_Tree_Metal_03
level3,1040059545,292.61,122.688,143.17,1,0,1,p_Tree_Metal_03
level3,-2032988415,-314.41,-312.53,-262.95,1,0,1,p_Tree_Electronic_01 (1)
level3,1581602964,302.89,130.73,106.18,1,0,1,p_Tree_Dead_03 (1)
level3,1073200838,291.397,100.305,257.17,1,0,1,p_Tree_Apple_03
level3,1581602964,-485.37,-343.45,-21.713,1,0,1,p_Tree_Electronic_03 (2)
level3,1581602964,265.84,112.7,193.44,1,0,1,p_Tree_Dead_03 (3)
level3,1581602964,-411.37,-320.96,-78.0,1,0,1,p_Tree_Electronic_03 (2)
level3,-156887277,298.01,100.323,260.118,1,0,1,p_Tree_Apple_02
level3,-2032988415,-352.97,-276.3,-6.28,1,0,1,p_Tree_Electronic_01
level3,-1929027677,287.945,122.831,143.413,1,0,1,p_Tree_Dead_02
level3,-2032988415,-438.69,-321.2,-117.93,1,0,1,p_Tree_Electronic_01
level3,-1929027677,-301.88,-305.45,-276.33,1,0,1,p_Tree_Electronic_02
level3,-1929027677,-470.76,-341.56,-14.64,1,0,1,p_Tree_Electronic_02
level3,-1929027677,-302.19,-311.49,-258.58,1,0,1,p_Tree_Electronic_02
level3,819155891,391.872,46.009,355.742,1,0,1,p_Tree_Metal_01 (1)
level3,-1631128459,302.71,100.0,269.224,1,0,1,p_Tree_Apple_03_FallingLeaves (1)
level3,1581602964,-298.46,-315.09,-241.61,1,0,1,p_Tree_Electronic_03 (2)
level3,-583729562,305.925,124.943,123.102,1,0,1,p_Tree_Metal_02
level3,-156887277,309.987,100.108,279.937,1,0,1,p_Tree_Apple_02
level3,1073200838,294.38,100.0,232.01,1,0,1,p_Tree_Apple_03
level3,819155891,337.203,119.473,119.058,1,0,1,p_Tree_Metal_01
level3,-2032988415,275.56,112.64,198.75,1,0,1,p_Tree_Dead_01 (2)
level3,-1929027677,204.41,98.83,213.47,1,0,0,p_Tree_Dead_02 (2)
level3,-156887277,300.478,100.124,275.533,1,0,1,p_Tree_Apple_02
level3,-2032988415,-526.01,-321.67,-57.58,1,0,1,p_Tree_Electronic_01 (1)
level3,-1929027677,-528.86,-321.94,-51.02,1,0,1,p_Tree_Electronic_02
level3,1581602964,-769.159,-241.9,-153.412,1,0,1,p_Tree_Electronic_03 (2)
level3,-1929027677,274.81,112.43,193.68,1,0,1,p_Tree_Dead_02
level3,-2032988415,295.39,113.071,193.21,1,0,1,p_Tree_Dead_01
level3,819155891,306.781,112.984,172.532,1,0,1,p_Tree_Metal_01
level3,-583729562,264.65,112.42,182.39,1,0,1,p_Tree_Metal_02
level3,-2032988415,361.53,119.01,140.71,1,0,1,p_Tree_Dead_01 (4)
level3,-1929027677,282.62,122.688,145.98,1,0,1,p_Tree_Dead_02
level3,1115681656,257.52,100.061,248.18,1,0,0,p_FurnitureCrafter01
level3,-1271313809,256.568,101.356,231.54,1,0,0,p_PC
level3,1912280284,237.29,100.14,271.31,1,0,1,p_MapObject_dronePlatform_destroyed
level3,1413746897,253.834,100.56,240.642,1,0,0,p_TrunkSplit_Walnut01_B
level3,-244941335,492.63,240.41,226.81,1,0,1,p_Tree_Crystal_04
level3,-1882444904,426.578,100.793,369.456,1,0,1,p_Animal_Crab02 (2)
level3,-1882444904,446.354,100.793,364.16,1,0,1,p_Animal_Crab02 (3)
level3,-1882444904,432.002,100.793,376.246,1,0,1,p_Animal_Crab02 (1)
level3,-1882444904,442.364,100.793,374.554,1,0,1,p_Animal_Crab02
level3,706623071,261.401,114.474,135.534,1,0,1,p_duckPot01
level3,-27782017,0.0,0.0,0.0,1,0,1,Mission_Hidden_HayPipeDestructible
level3,-857378771,260.89,100.07,258.06,1,0,0,Item_Xmas_Fireplace
level3,-318789542,267.905,100.562,251.616,1,0,0,Item_Seed_Corn
level3,604191823,332.633,79.572,361.959,1,0,1,p_prop_FenceOld06
level3,-375795108,0.0,0.0,0.0,1,0,1,Mission_HomeSweetHome_HIDDEN_Tent
level3,-880275594,122.693,111.665,95.988,1,0,1,p_officeDocStack01 (29)
level3,711503328,252.88,101.21,237.58,1,0,0,Trigger_collectBlueprint_LavaShoes (1)
level3,711503328,329.862,50.275,363.174,1,0,1,Trigger_collectBlueprint_LavaShoes
level3,24051261,266.783,100.562,250.878,1,0,0,Item_Seed_Carrot
level3,-1190165743,285.267,320.0,249.73,1,0,1,p_trigger_AircraftAirdrop02
level3,33468534,285.267,280.0,249.73,1,0,1,p_trigger_AircraftAirdrop01
level3,1366693474,285.267,300.0,249.73,1,0,1,p_trigger_AircraftAirdrop03
level3,770824969,272.929,101.547,341.505,1,0,1,p_prop_DrawerClosed01
level3,-880275594,122.339,111.142,96.309,1,0,1,p_officeDocStack01 (23)
level3,254423281,128.643,111.251,100.667,1,0,1,p_officeDoc01 (1)
level3,1106325897,336.96,110.75,313.69,1,0,1,VFX_Cloud (2)
level3,-533046633,0.0,0.0,0.0,1,0,1,Mission_Area3_TP_CheckIfBuild
level3,156423321,323.59,67.0,393.48,1,0,1,p_Tree_Stone_01 (21)
level3,156423321,318.84,48.24,364.81,1,0,1,p_Tree_Stone_01 (20)
level3,156423321,273.96,82.91,374.96,1,0,1,p_Tree_Stone_01 (22)
level3,156423321,339.058,48.549,359.92,1,0,1,p_Tree_Stone_01 (7)
level3,156423321,286.83,82.59,365.78,1,0,1,p_Tree_Stone_01 (1)
level3,156423321,330.819,80.543,356.578,1,0,1,p_Tree_Stone_01 (12)
level3,-1198108542,517.362,190.034,333.549,1,0,1,p_Tree_Crystal_01
level3,-1198108542,436.27,174.022,220.69,1,0,1,p_Tree_Crystal_01
level3,-1198108542,540.35,186.862,345.72,1,0,1,p_Tree_Crystal_01
level3,156423321,300.824,76.1,385.148,1,0,1,p_Tree_Stone_01 (13)
level3,156423321,276.88,83.007,384.232,1,0,1,p_Tree_Stone_01 (16)
level3,156423321,357.9,50.72,365.276,1,0,1,p_Tree_Stone_01 (3)
level3,-1198108542,416.717,152.393,203.18,1,0,1,p_Tree_Crystal_01 (5)
level3,156423321,293.21,82.59,365.69,1,0,1,p_Tree_Stone_01 (8)
level3,156423321,344.35,49.23,365.8,1,0,1,p_Tree_Stone_01 (10)
level3,156423321,315.05,80.46,359.74,1,0,1,p_Tree_Stone_01 (19)
level3,-1198108542,461.739,202.414,212.908,1,0,1,p_Tree_Crystal_01 (3)
level3,-1198108542,444.963,186.509,267.739,1,0,1,p_Tree_Crystal_01
level3,156423321,339.0,100.24,309.07,1,0,1,p_Tree_Rock_01
level3,-1198108542,421.94,157.48,250.26,1,0,1,p_Tree_Crystal_01 (1)
level3,-1198108542,566.034,186.954,320.546,1,0,1,p_Tree_Crystal_01
level3,156423321,318.55,67.44,399.8,1,0,1,p_Tree_Stone_01 (15)
level3,156423321,324.26,80.23,359.65,1,0,1,p_Tree_Stone_01 (17)
level3,156423321,352.846,54.2,391.293,1,0,1,p_Tree_Stone_01 (9)
level3,-1198108542,423.52,164.758,263.45,1,0,1,p_Tree_Crystal_01 (2)
level3,156423321,298.603,82.595,360.537,1,0,1,p_Tree_Stone_01
level3,156423321,336.88,54.59,397.17,1,0,1,p_Tree_Stone_01 (18)
level3,-1198108542,420.277,165.13,271.599,1,0,1,p_Tree_Crystal_01 (4)
level3,-1198108542,565.564,186.709,337.706,1,0,1,p_Tree_Crystal_01
level3,156423321,203.97,99.04,228.01,1,0,0,p_Tree_Stone_01
level3,156423321,326.25,48.3,368.35,1,0,1,p_Tree_Stone_01 (2)
level3,1448791249,274.774,100.15,308.41,1,0,1,TunnelBarrierArea03
level3,1033233385,401.09,72.51,354.02,1,0,1,p_animal_hamsterMum01
level3,254423281,126.075,110.121,98.83,1,0,1,p_officeDoc01
level3,-379569771,379.47,128.228,293.25,1,0,1,p_Slot_brokenTeleporter_Area2
level3,1820586841,281.92,131.2,127.58,1,0,1,p_Slot_brokenTeleporter_Area4
level3,-1018587769,322.37,67.34,389.68,1,0,1,p_Slot_brokenTeleporter_Cave
level3,-997990960,346.266,100.419,204.362,1,0,1,p_Tree_Walnut_03
level3,-997990960,364.289,100.532,249.732,1,0,1,p_Tree_Walnut_03
level3,-997990960,365.86,100.055,264.694,1,0,1,p_Tree_Walnut_03
level3,-997990960,376.214,100.936,259.009,1,0,1,p_Tree_Walnut_03
level3,-1946943349,254.8,100.0,235.05,1,0,1,p_Tree_Birch_07_Cabin
level3,-613509221,300.59,104.4,286.0,1,0,1,p_hayPipe01Solid
level3,1078174080,0.0,0.0,0.0,1,0,1,Mission_PipeIntakeEmptyObj
level3,-1924821466,0.0,0.0,0.0,1,0,1,Mission_BeaverCave_00_SpawnTrigger
level3,699768204,279.01,103.81,353.58,1,0,1,p_adSignFurnox04
level3,1860785923,302.79,99.63,243.77,1,0,1,P_BirchBush_02_Summer (5)
level3,1860785923,133.75,77.33,128.67,1,0,1,P_BirchBush_02_Summer
level3,1860785923,272.256,100.22,254.506,1,0,1,P_BirchBush_02_Summer
level3,-241984827,272.062,100.037,218.755,1,0,1,P_BirchBush_02_Workhall (2)
level3,1860785923,351.892,101.523,221.129,1,0,1,P_BirchBush_02_Summer
level3,1860785923,303.33,100.0,228.684,1,0,1,P_BirchBush_02_Summer
level3,-241984827,247.17,100.0,229.038,1,0,1,P_BirchBush_02_Workhall (3)
level3,1860785923,361.194,103.727,235.279,1,0,1,P_BirchBush_02_Summer
level3,1860785923,248.0,100.12,262.86,1,0,1,P_BirchBush_02_Summer
level3,1860785923,370.81,104.36,218.19,1,0,1,P_BirchBush_02_Summer
level3,1860785923,228.403,91.013,236.919,1,0,1,P_BirchBush_02_Summer
level3,1860785923,343.836,101.042,235.403,1,0,1,P_BirchBush_02_Summer
level3,-241984827,251.929,100.0,222.015,1,0,1,P_BirchBush_02_Workhall
level3,1860785923,246.97,90.852,244.213,1,0,1,P_BirchBush_02_Summer (11)
level3,1860785923,340.993,100.458,188.409,1,0,1,P_BirchBush_02_Summer
level3,1860785923,261.77,99.79,288.72,1,0,1,P_BirchBush_02_Summer
level3,1860785923,391.0,120.14,222.25,1,0,1,P_BirchBush_02_Summer (6)
level3,-241984827,237.08,100.037,217.91,1,0,1,P_BirchBush_02_Workhall (6)
level3,1860785923,378.67,128.409,296.72,1,0,1,P_BirchBush_02_Summer (9)
level3,1860785923,326.042,100.018,231.62,1,0,1,P_BirchBush_02_Summer
level3,1860785923,345.509,100.556,222.579,1,0,1,P_BirchBush_02_Summer
level3,1860785923,133.82,77.284,126.1,1,0,1,P_BirchBush_02_Summer
level3,1860785923,364.692,104.03,222.46,1,0,1,P_BirchBush_02_Summer
level3,1860785923,289.02,84.16,248.87,1,0,1,P_BirchBush_02_Summer (16)
level3,1860785923,294.337,108.53,163.828,1,0,1,P_BirchBush_02_Summer
level3,1860785923,289.69,84.16,245.135,1,0,1,P_BirchBush_02_Summer (13)
level3,1860785923,357.136,103.064,238.571,1,0,1,P_BirchBush_02_Summer
level3,1860785923,330.752,99.881,310.349,1,0,1,P_BirchBush_02_Summer
level3,1860785923,333.192,100.467,316.313,1,0,1,P_BirchBush_02_Summer
level3,1860785923,273.513,100.275,282.245,1,0,1,P_BirchBush_02_Summer
level3,1860785923,404.493,120.198,210.724,1,0,1,P_BirchBush_02_Summer
level3,1860785923,241.11,100.12,257.6,1,0,1,P_BirchBush_02_Summer (17)
level3,1860785923,126.0,78.19,131.35,1,0,1,P_BirchBush_02_Summer
level3,-241984827,243.07,100.037,211.49,1,0,1,P_BirchBush_02_Workhall (7)
level3,1860785923,303.014,100.22,278.86,1,0,1,P_BirchBush_02_Summer
level3,-241984827,257.51,100.0,214.527,1,0,1,P_BirchBush_02_Workhall (1)
level3,1860785923,400.107,118.735,199.348,1,0,1,P_BirchBush_02_Summer
level3,1860785923,273.272,100.91,277.271,1,0,1,P_BirchBush_02_Summer
level3,1860785923,256.481,100.22,285.344,1,0,1,P_BirchBush_02_Summer
level3,1860785923,376.67,128.03,299.05,1,0,1,P_BirchBush_02_Summer (10)
level3,1860785923,358.631,102.914,222.283,1,0,1,P_BirchBush_02_Summer
level3,-241984827,252.63,100.037,234.65,1,0,1,P_BirchBush_02_Workhall (5)
level3,1860785923,380.231,128.409,287.996,1,0,1,P_BirchBush_02_Summer (7)
level3,1860785923,346.84,112.38,156.33,1,0,1,P_BirchBush_02_Summer
level3,1860785923,226.727,90.897,237.848,1,0,1,P_BirchBush_02_Summer
level3,1860785923,372.314,104.177,215.453,1,0,1,P_BirchBush_02_Summer
level3,1860785923,381.54,128.409,290.06,1,0,1,P_BirchBush_02_Summer (8)
level3,1860785923,247.398,90.424,248.531,1,0,1,P_BirchBush_02_Summer (15)
level3,1860785923,295.238,100.0,242.484,1,0,1,P_BirchBush_02_Summer
level3,1860785923,297.26,109.203,167.544,1,0,1,P_BirchBush_02_Summer (1)
level3,1860785923,290.3,100.01,240.31,1,0,1,P_BirchBush_02_Summer (3)
level3,1860785923,228.37,91.0,239.29,1,0,1,P_BirchBush_02_Summer
level3,1860785923,124.68,78.73,127.15,1,0,1,P_BirchBush_02_Summer
level3,1860785923,342.04,99.72,272.99,1,0,1,P_BirchBush_02_Summer
level3,1860785923,287.05,84.04,243.8,1,0,1,P_BirchBush_02_Summer (14)
level3,1860785923,259.357,88.223,251.018,1,0,1,P_BirchBush_02_Summer (12)
level3,1860785923,213.16,79.015,373.391,1,0,1,P_BirchBush_02_Summer
level3,1860785923,333.861,100.623,313.236,1,0,1,P_BirchBush_02_Summer
level3,1860785923,310.82,100.22,290.54,1,0,1,P_BirchBush_02_Summer (1)
level3,1860785923,368.838,104.633,234.168,1,0,1,P_BirchBush_02_Summer
level3,-241984827,251.36,100.0,218.21,1,0,1,P_BirchBush_02_Workhall (4)
level3,1860785923,374.449,101.447,184.712,1,0,1,P_BirchBush_02_Summer
level3,1860785923,269.2,100.2,278.85,1,0,1,P_BirchBush_02_Summer
level3,1860785923,323.222,100.018,216.133,1,0,1,P_BirchBush_02_Summer
level3,1860785923,348.568,100.567,247.54,1,0,1,P_BirchBush_02_Summer
level3,1860785923,405.28,119.65,198.14,1,0,1,P_BirchBush_02_Summer
level3,1860785923,405.206,120.221,207.674,1,0,1,P_BirchBush_02_Summer
level3,1860785923,245.71,100.0,257.86,1,0,1,P_BirchBush_02_Summer
level3,1860785923,400.513,120.839,235.262,1,0,1,P_BirchBush_02_Summer
level3,1860785923,298.63,99.63,228.07,1,0,1,P_BirchBush_02_Summer (4)
level3,1860785923,358.175,102.396,215.876,1,0,1,P_BirchBush_02_Summer
level3,1860785923,392.874,120.839,215.152,1,0,1,P_BirchBush_02_Summer
level3,1860785923,222.42,79.31,368.95,1,0,1,P_BirchBush_02_Summer
level3,1860785923,343.487,100.623,313.393,1,0,1,P_BirchBush_02_Summer
level3,1860785923,290.404,100.0,219.574,1,0,1,P_BirchBush_02_Summer
level3,1860785923,312.077,100.22,291.087,1,0,1,P_BirchBush_02_Summer (2)
level3,1860785923,326.79,100.121,245.694,1,0,1,P_BirchBush_02_Summer
level3,1860785923,363.769,104.194,237.297,1,0,1,P_BirchBush_02_Summer
level3,1860785923,359.59,103.299,238.66,1,0,1,P_BirchBush_02_Summer
level3,1860785923,244.81,100.02,246.97,1,0,1,P_BirchBush_02_Summer (18)
level3,1860785923,347.132,100.623,302.558,1,0,1,P_BirchBush_02_Summer
level3,1860785923,357.839,103.092,237.175,1,0,1,P_BirchBush_02_Summer
level3,-236932031,299.942,112.309,189.663,1,0,1,P_DeadBush_02
level3,-236932031,-541.897,-398.823,-266.257,1,0,1,P_DeadBush_02
level3,-236932031,304.76,112.344,189.461,1,0,1,P_DeadBush_02
level3,-236932031,313.381,120.319,126.144,1,0,1,P_DeadBush_02
level3,-236932031,-361.487,-274.779,-23.61,1,0,1,P_DeadBush_02 (13)
level3,-236932031,128.685,77.266,135.044,1,0,1,P_DeadBush_02
level3,-236932031,-482.386,-342.745,-38.282,1,0,1,P_DeadBush_02 (7)
level3,-236932031,-509.734,-398.739,-256.516,1,0,1,P_DeadBush_02
level3,-236932031,-436.127,-320.582,-124.009,1,0,1,P_DeadBush_02
level3,-236932031,284.164,110.503,194.051,1,0,1,P_DeadBush_02 (4)
level3,-236932031,-522.184,-315.817,-129.562,1,0,1,P_DeadBush_02
level3,-236932031,284.426,112.656,182.604,1,0,1,P_DeadBush_02
level3,-236932031,140.331,77.054,124.139,1,0,1,P_DeadBush_02
level3,-236932031,304.524,116.281,146.529,1,0,1,P_DeadBush_02
level3,-236932031,-322.301,-314.411,-259.403,1,0,1,P_DeadBush_02 (14)
level3,-236932031,-292.31,-302.95,-278.47,1,0,1,P_DeadBush_02 (22)
level3,-236932031,290.631,112.259,194.941,1,0,1,P_DeadBush_02
level3,-236932031,-478.93,-324.95,-123.76,1,0,1,P_DeadBush_02
level3,-236932031,-486.6,-332.55,-52.53,1,0,1,P_DeadBush_02 (5)
level3,-236932031,-471.454,-338.5,-43.383,1,0,1,P_DeadBush_02 (6)
level3,-236932031,-296.371,-308.062,-265.138,1,0,1,P_DeadBush_02 (19)
level3,-236932031,-523.866,-316.191,-124.852,1,0,1,P_DeadBush_02
level3,-236932031,301.228,122.692,125.97,1,0,1,P_DeadBush_02
level3,-236932031,-524.112,-316.011,-121.726,1,0,1,P_DeadBush_02
level3,-236932031,310.528,124.995,117.653,1,0,1,P_DeadBush_02
level3,-236932031,134.071,76.912,132.763,1,0,1,P_DeadBush_02
level3,-236932031,308.708,112.564,181.604,1,0,1,P_DeadBush_02
level3,-236932031,-478.51,-324.286,-117.65,1,0,1,P_DeadBush_02
level3,-236932031,-466.25,-336.52,-48.83,1,0,1,P_DeadBush_02 (2)
level3,-236932031,-440.059,-321.012,-122.056,1,0,1,P_DeadBush_02
level3,-236932031,-512.483,-399.649,-264.155,1,0,1,P_DeadBush_02
level3,-236932031,297.175,122.846,142.559,1,0,1,P_DeadBush_02
level3,-236932031,295.446,112.642,197.127,1,0,1,P_DeadBush_02
level3,-236932031,303.06,112.177,186.942,1,0,1,P_DeadBush_02
level3,-236932031,-415.064,-320.072,-72.884,1,0,1,P_DeadBush_02
level3,-236932031,302.204,112.204,190.222,1,0,1,P_DeadBush_02
level3,-236932031,294.101,122.688,136.88,1,0,1,P_DeadBush_02
level3,-236932031,-416.311,-319.942,-82.763,1,0,1,P_DeadBush_02
level3,-236932031,-297.92,-303.52,-278.23,1,0,1,P_DeadBush_02 (24)
level3,-236932031,-412.83,-320.129,-80.044,1,0,1,P_DeadBush_02
level3,-236932031,291.404,112.491,196.827,1,0,1,P_DeadBush_02
level3,-236932031,292.455,122.688,123.017,1,0,1,P_DeadBush_02
level3,-236932031,-297.166,-302.472,-282.399,1,0,1,P_DeadBush_02 (21)
level3,-236932031,-467.73,-336.52,-47.93,1,0,1,P_DeadBush_02 (3)
level3,-236932031,-370.277,-277.63,-9.011,1,0,1,P_DeadBush_02 (10)
level3,-236932031,-520.939,-398.591,-275.661,1,0,1,P_DeadBush_02
level3,-236932031,280.095,109.382,197.436,1,0,1,P_DeadBush_02 (3)
level3,-236932031,293.513,112.621,197.138,1,0,1,P_DeadBush_02
level3,-236932031,297.245,112.605,187.497,1,0,1,P_DeadBush_02
level3,-236932031,295.47,122.832,141.958,1,0,1,P_DeadBush_02
level3,-236932031,263.665,112.965,194.8,1,0,1,P_DeadBush_02
level3,-236932031,295.123,117.253,147.967,1,0,1,P_DeadBush_02
level3,-236932031,298.158,112.612,189.064,1,0,1,P_DeadBush_02
level3,-236932031,284.149,112.762,180.446,1,0,1,P_DeadBush_02
level3,-236932031,309.581,124.995,119.52,1,0,1,P_DeadBush_02
level3,-236932031,302.704,122.353,127.593,1,0,1,P_DeadBush_02
level3,-236932031,-310.507,-309.549,-268.401,1,0,1,P_DeadBush_02 (20)
level3,-236932031,301.894,125.354,113.215,1,0,1,P_DeadBush_02
level3,-236932031,275.561,112.515,193.384,1,0,1,P_DeadBush_02
level3,-236932031,-471.736,-344.494,-36.22,1,0,1,P_DeadBush_02 (9)
level3,-236932031,-298.46,-305.28,-273.78,1,0,1,P_DeadBush_02 (15)
level3,-236932031,-538.677,-321.349,-57.792,1,0,1,P_DeadBush_02
level3,-236932031,-487.557,-332.83,-47.227,1,0,1,P_DeadBush_02 (4)
level3,-236932031,-478.656,-331.966,-117.363,1,0,1,P_DeadBush_02
level3,-236932031,-530.968,-321.366,-60.199,1,0,1,P_DeadBush_02
level3,-236932031,284.144,112.731,178.529,1,0,1,P_DeadBush_02 (1)
level3,-236932031,-294.902,-304.092,-274.218,1,0,1,P_DeadBush_02 (23)
level3,-236932031,303.035,122.936,124.556,1,0,1,P_DeadBush_02
level3,-236932031,-471.166,-344.007,-38.748,1,0,1,P_DeadBush_02 (8)
level3,-236932031,-350.857,-274.834,-17.701,1,0,1,P_DeadBush_02 (12)
level3,-236932031,302.595,112.727,197.196,1,0,1,P_DeadBush_02
level3,-236932031,294.433,116.718,148.603,1,0,1,P_DeadBush_02
level3,-236932031,292.401,112.406,199.153,1,0,1,P_DeadBush_02
level3,-236932031,124.193,77.587,137.045,1,0,1,P_DeadBush_02
level3,-236932031,314.613,119.924,127.577,1,0,1,P_DeadBush_02
level3,-236932031,-355.277,-276.291,-8.752,1,0,1,P_DeadBush_02 (11)
level3,-236932031,-413.355,-320.371,-73.514,1,0,1,P_DeadBush_02
level3,-236932031,-526.049,-398.007,-271.146,1,0,1,P_DeadBush_02
level3,-236932031,305.455,125.252,115.085,1,0,1,P_DeadBush_02
level3,-236932031,296.752,123.094,139.368,1,0,1,P_DeadBush_02
level3,-236932031,-303.18,-306.64,-272.88,1,0,1,P_DeadBush_02 (16)
level3,-236932031,123.579,77.544,134.406,1,0,1,P_DeadBush_02
level3,-236932031,306.186,112.793,180.864,1,0,1,P_DeadBush_02
level3,-236932031,-308.413,-306.653,-275.414,1,0,1,P_DeadBush_02 (17)
level3,-236932031,263.994,113.107,192.891,1,0,1,P_DeadBush_02
level3,-236932031,293.723,122.688,120.948,1,0,1,P_DeadBush_02
level3,-236932031,-303.0,-308.47,-267.28,1,0,1,P_DeadBush_02 (18)
level3,-236932031,-469.477,-336.52,-48.184,1,0,1,P_DeadBush_02 (1)
level3,-880275594,122.988,110.331,96.597,1,0,1,p_officeDocStack01 (36)
level3,268820418,0.0,0.0,0.0,1,0,1,Mission_Area2_TP_CheckIfBuild
level3,-432454948,253.483,100.376,243.465,1,0,0,Item_RefinedMaterial_Plank_Walnut01
level3,-585615753,303.537,100.778,153.066,1,0,1,Item_FireWood_Birch01 (6)
level3,-585615753,304.057,100.485,153.053,1,0,1,Item_FireWood_Birch01
level3,612233208,265.221,101.137,243.614,1,0,0,Item_RawMaterial_Wood_Stone
level3,-585615753,303.872,100.618,153.048,1,0,1,Item_FireWood_Birch01 (5)
level3,-585615753,303.835,100.77,153.131,1,0,1,Item_FireWood_Birch01 (8)
level3,-585615753,304.098,100.964,153.127,1,0,1,Item_FireWood_Birch01 (12)
level3,1754088589,253.483,100.376,243.465,1,0,0,Item_Wood_Apple01 (1)
level3,-585615753,303.781,100.692,153.033,1,0,1,Item_FireWood_Birch01 (1)
level3,-585615753,304.256,100.457,153.117,1,0,1,Item_FireWood_Birch01 (10)
level3,-1999518381,253.301,100.559,243.114,1,0,0,Item_RefinedMaterial_Metal_Cogwheel01
level3,-395762217,253.483,100.376,243.465,1,0,0,Item_RefinedMaterial_Beam_Walnut01
level3,661006723,265.609,101.137,244.936,1,0,0,Item_RawMaterial_Wood_Electronic
level3,612233208,253.483,100.376,243.465,1,0,0,Item_RawMaterial_Wood_Stone
level3,-1311155415,251.392,100.793,246.314,1,0,0,Item_RefinedMaterial_SmallParts_Birch01
level3,-585615753,255.483,100.856,241.623,1,0,0,Item_FireWood_Birch01
level3,-780345321,253.483,100.376,243.465,1,0,0,Item_RawMaterial_Wood_Palm
level3,-585615753,303.828,100.757,153.013,1,0,1,Item_FireWood_Birch01 (7)
level3,-715207752,253.483,100.376,243.465,1,0,0,Item_RefinedMaterial_Plank_Birch01
level3,-606966375,253.72,100.376,246.6,1,0,0,Item_RefinedMaterial_Beam_Birch01
level3,-585615753,303.721,100.437,153.112,1,0,1,Item_FireWood_Birch01 (14)
level3,-585615753,303.53,100.429,153.056,1,0,1,Item_FireWood_Birch01 (13)
level3,-780345321,266.114,101.137,244.127,1,0,0,Item_RawMaterial_Wood_Palm
level3,832678487,253.483,100.376,243.465,1,0,0,Item_Wood (1)
level3,-460513208,263.685,101.05,243.955,1,0,0,Item_Wood_Walnut01
level3,-585615753,304.027,100.851,153.102,1,0,1,Item_FireWood_Birch01 (4)
level3,-715207752,253.483,100.376,243.465,1,0,0,Item_RefinedMaterial_Plank_Birch01
level3,-585615753,304.13,100.641,153.01,1,0,1,Item_FireWood_Birch01 (11)
level3,1754088589,263.635,101.05,242.735,1,0,0,Item_Wood_Apple01
level3,832678487,264.532,101.137,244.142,1,0,0,Item_RawMaterial_Wood_Birch
level3,989654935,253.483,100.376,243.465,1,0,0,Item_RefinedMaterial_SmallParts_Walnut01 (1)
level3,661006723,253.483,100.376,243.465,1,0,0,Item_RawMaterial_Wood_Electronic
level3,-606966375,251.87,101.001,248.82,1,0,0,Item_RefinedMaterial_Beam_Birch01
level3,-715207752,252.702,101.313,243.11,1,0,0,Item_RefinedMaterial_Plank_Birch01
level3,-585615753,303.749,100.889,152.994,1,0,1,Item_FireWood_Birch01 (9)
level3,1345151148,264.305,101.05,243.215,1,0,0,Item_Wood_Metal01
level3,1571024632,256.13,100.21,242.76,1,0,0,Item_RefinedMaterial_metalIngot01
level3,-1311155415,253.483,100.376,243.465,1,0,0,Item_RefinedMaterial_SmallParts_Birch01 (1)
level3,989654935,253.483,100.376,243.465,1,0,0,Item_RefinedMaterial_SmallParts_Walnut01
level3,1323588577,279.339,130.672,123.861,1,0,1,Item_mushroom02ClusterB (2)
level3,173663168,281.551,113.939,171.558,1,0,1,Item_mushroom02ClusterA
level3,173663168,262.003,112.598,185.442,1,0,1,Item_mushroom02ClusterA
level3,1323588577,261.505,113.649,169.895,1,0,1,Item_mushroom02ClusterB
level3,173663168,275.34,113.35,174.85,1,0,1,Item_mushroom02ClusterA (4)
level3,173663168,286.44,112.967,190.213,1,0,1,Item_mushroom02ClusterA (1)
level3,1323588577,280.968,122.999,142.339,1,0,1,Item_mushroom02ClusterB (1)
level3,1323588577,287.517,124.551,135.55,1,0,1,Item_mushroom02ClusterB (3)
level3,173663168,298.058,134.813,97.545,1,0,1,Item_mushroom02ClusterA (3)
level3,1323588577,271.143,112.844,197.483,1,0,1,Item_mushroom02ClusterB
level3,173663168,317.556,119.982,130.16,1,0,1,Item_mushroom02ClusterA (2)
level3,-880275594,132.186,112.368,94.195,1,0,1,p_officeDocStack01 (2)
level3,-880275594,132.526,112.225,94.505,1,0,1,p_officeDocStack01 (12)
level3,984722338,0.0,0.0,0.0,1,0,1,p_RubbleBarrier01
level3,1077846172,269.236,113.724,152.662,1,0,1,p_duckDoormat
level3,2069032332,253.483,100.376,243.465,1,0,0,Item_SawhorseKit
level3,-1204568425,253.483,100.376,243.465,1,0,0,Item_HamsterFence
level3,2069032332,258.735,100.65,245.927,1,0,0,Item_Clamp
level3,671965601,558.89,188.71,286.28,1,0,1,p_Tree_Crystal_02
level3,671965601,458.16,190.932,254.76,1,0,1,p_Tree_Crystal_02
level3,671965601,537.0,187.538,361.74,1,0,1,p_Tree_Crystal_02
level3,671965601,412.954,152.149,209.514,1,0,1,p_Tree_Crystal_02
level3,671965601,532.406,187.213,353.989,1,0,1,p_Tree_Crystal_02
level3,671965601,521.99,186.632,327.8,1,0,1,p_Tree_Crystal_02
level3,671965601,545.17,197.62,316.36,1,0,1,p_Tree_Crystal_02
level3,671965601,497.46,186.787,272.12,1,0,1,p_Tree_Crystal_02 (2)
level3,671965601,510.29,187.217,349.66,1,0,1,p_Tree_Crystal_02 (1)
level3,671965601,458.24,202.927,228.08,1,0,1,p_Tree_Crystal_02
level3,671965601,529.319,187.292,368.987,1,0,1,p_Tree_Crystal_02
level3,-880275594,128.126,111.147,100.29,1,0,1,p_officeDocStack01
level3,-1308546922,266.96,113.798,130.54,1,0,1,p_DucksMushroomCutCrafter
level3,2119213284,336.96,110.75,313.69,1,0,0,VFX_CloudHittable01
level3,371206692,123.316,110.659,89.693,1,0,1,p_trigger_ControlSprint
level3,899807848,314.62,99.46,220.61,1,0,1,p_Animal_DuckOnWater (1)
level3,332390103,353.52,99.396,295.73,1,0,1,p_Animal_DuckOnWaterFemale (1)
level3,332390103,329.15,99.396,275.67,1,0,1,p_Animal_DuckOnWaterFemale (2)
level3,332390103,310.0,99.396,217.48,1,0,1,p_Animal_DuckOnWaterFemale (3)
level3,-1089799723,260.581,100.092,246.958,1,0,0,p_Animal_Hamster01
level3,899807848,332.01,99.46,291.3,1,0,1,p_Animal_DuckOnWater
level3,899807848,326.1,99.46,293.64,1,0,1,p_Animal_DuckOnWater
level3,899807848,342.31,99.46,285.7,1,0,1,p_Animal_DuckOnWater
level3,-1889491606,292.052,100.353,260.091,1,0,1,p_Animal_Chicken01
level3,-1889491606,279.93,100.185,238.372,1,0,1,p_Animal_Chicken01
level3,-1889491606,308.531,100.283,278.62,1,0,1,p_Animal_Chicken01
level3,-880275594,120.187,110.609,97.884,1,0,1,p_officeDocStack01 (53)
level3,-880275594,122.693,111.527,95.988,1,0,1,p_officeDocStack01 (28)
level3,-1527043172,341.304,100.623,303.245,1,0,1,P_BirchBush_05_Summer
level3,-1527043172,345.338,100.491,308.16,1,0,1,P_BirchBush_05_Summer
level3,-1527043172,497.81,94.47,120.27,1,0,1,P_BirchBush_05_Summer (34)
level3,-1527043172,257.58,100.0,252.14,1,0,1,P_BirchBush_05_Summer (20)
level3,-1527043172,366.16,103.932,215.598,1,0,1,P_BirchBush_05_Summer
level3,-1527043172,368.53,104.07,238.33,1,0,1,P_BirchBush_05_Summer (5)
level3,33349094,238.936,100.0,229.928,1,0,1,P_BirchBush_05_Workhall (2)
level3,-1527043172,242.08,77.94,353.05,1,0,1,P_BirchBush_05_Summer (25)
level3,-1527043172,366.82,103.33,242.87,1,0,1,P_BirchBush_05_Summer (18)
level3,33349094,256.64,100.0,210.06,1,0,1,P_BirchBush_05_Workhall (3)
level3,-1527043172,314.529,100.0,275.403,1,0,1,P_BirchBush_05_Summer
level3,-1527043172,406.95,103.81,155.43,1,0,1,P_BirchBush_05_Summer (31)
level3,-1527043172,355.737,103.159,241.922,1,0,1,P_BirchBush_05_Summer
level3,-1527043172,121.208,77.861,129.464,1,0,1,P_BirchBush_05_Summer
level3,-1527043172,264.83,111.57,314.11,1,0,1,P_BirchBush_05_Summer (7)
level3,-1527043172,406.852,100.09,147.748,1,0,1,P_BirchBush_05_Summer (33)
level3,-1527043172,280.53,107.99,201.44,1,0,1,P_BirchBush_05_Summer (1)
level3,-1527043172,286.527,99.996,234.908,1,0,1,P_BirchBush_05_Summer (4)
level3,-1527043172,492.34,116.349,114.824,1,0,1,P_BirchBush_05_Summer
level3,-1527043172,415.08,91.05,159.46,1,0,1,P_BirchBush_05_Summer
level3,-1527043172,499.936,105.41,119.898,1,0,1,P_BirchBush_05_Summer (30)
level3,-1527043172,269.97,110.18,318.17,1,0,1,P_BirchBush_05_Summer (8)
level3,-1527043172,339.767,100.348,188.457,1,0,1,P_BirchBush_05_Summer
level3,-1527043172,275.6,100.22,254.6,1,0,1,P_BirchBush_05_Summer
level3,-1527043172,287.04,108.277,199.86,1,0,1,P_BirchBush_05_Summer
level3,-1527043172,257.868,100.22,282.996,1,0,1,P_BirchBush_05_Summer
level3,-1527043172,234.204,79.051,374.824,1,0,1,P_BirchBush_05_Summer
level3,-1527043172,367.639,100.001,253.989,1,0,1,P_BirchBush_05_Summer
level3,-1527043172,305.731,100.0,241.818,1,0,1,P_BirchBush_05_Summer
level3,-1527043172,281.97,100.936,224.02,1,0,1,P_BirchBush_05_Summer
level3,-1527043172,292.29,113.79,323.522,1,0,1,P_BirchBush_05_Summer (9)
level3,-1527043172,343.186,100.0,252.039,1,0,1,P_BirchBush_05_Summer
level3,-1527043172,278.92,100.15,246.37,1,0,1,P_BirchBush_05_Summer
level3,-1527043172,361.228,103.351,240.418,1,0,1,P_BirchBush_05_Summer
level3,-1527043172,227.38,79.051,379.35,1,0,1,P_BirchBush_05_Summer
level3,-1527043172,339.446,112.177,163.998,1,0,1,P_BirchBush_05_Summer
level3,-1527043172,328.825,100.0,259.984,1,0,1,P_BirchBush_05_Summer
level3,-1527043172,333.896,100.0,247.936,1,0,1,P_BirchBush_05_Summer
level3,-1527043172,291.401,100.22,266.743,1,0,1,P_BirchBush_05_Summer
level3,-1527043172,372.29,104.31,217.36,1,0,1,P_BirchBush_05_Summer
level3,-1527043172,403.26,92.44,159.08,1,0,1,P_BirchBush_05_Summer (29)
level3,-1527043172,371.761,100.053,259.557,1,0,1,P_BirchBush_05_Summer
level3,-1527043172,242.04,81.235,312.9,1,0,1,P_BirchBush_05_Summer (24)
level3,-1527043172,309.54,100.468,158.83,1,0,1,P_BirchBush_05_Summer
level3,-1527043172,258.56,105.71,202.02,1,0,1,P_BirchBush_05_Summer (12)
level3,-1527043172,126.945,77.84,124.901,1,0,1,P_BirchBush_05_Summer
level3,-1527043172,345.51,111.69,161.9,1,0,1,P_BirchBush_05_Summer
level3,-1527043172,421.8,87.92,157.65,1,0,1,P_BirchBush_05_Summer (27)
level3,-1527043172,501.1,114.306,131.14,1,0,1,P_BirchBush_05_Summer
level3,-1527043172,295.32,106.6,306.71,1,0,1,P_BirchBush_05_Summer (11)
level3,-1527043172,402.5,91.57,148.03,1,0,1,P_BirchBush_05_Summer (28)
level3,-1527043172,390.262,120.393,227.336,1,0,1,P_BirchBush_05_Summer
level3,-1527043172,248.67,99.38,244.56,1,0,1,P_BirchBush_05_Summer (37)
level3,-1527043172,293.672,100.267,287.203,1,0,1,P_BirchBush_05_Summer
level3,-1527043172,277.98,100.309,275.73,1,0,1,P_BirchBush_05_Summer
level3,-1527043172,217.82,87.46,399.58,1,0,1,P_BirchBush_05_Summer (23)
level3,-1527043172,367.34,100.803,207.07,1,0,1,P_BirchBush_05_Summer
level3,-1527043172,499.936,113.892,119.898,1,0,1,P_BirchBush_05_Summer
level3,-1527043172,356.314,102.698,225.099,1,0,1,P_BirchBush_05_Summer
level3,-1527043172,285.052,100.0,245.629,1,0,1,P_BirchBush_05_Summer
level3,-1527043172,494.16,100.5,136.05,1,0,1,P_BirchBush_05_Summer (35)
level3,-1527043172,500.851,111.11,123.456,1,0,1,P_BirchBush_05_Summer
level3,-1527043172,264.68,103.59,300.9,1,0,1,P_BirchBush_05_Summer (14)
level3,-1527043172,287.94,101.28,208.24,1,0,1,P_BirchBush_05_Summer (6)
level3,-1527043172,404.525,91.42,151.75,1,0,1,P_BirchBush_05_Summer (32)
level3,-1527043172,322.675,100.011,215.563,1,0,1,P_BirchBush_05_Summer
level3,-1527043172,352.075,101.642,245.426,1,0,1,P_BirchBush_05_Summer
level3,-1527043172,350.159,101.662,244.413,1,0,1,P_BirchBush_05_Summer
level3,-1527043172,335.07,100.38,192.065,1,0,1,P_BirchBush_05_Summer (2)
level3,-1527043172,270.72,100.25,272.692,1,0,1,P_BirchBush_05_Summer
level3,-1527043172,240.6,99.822,252.77,1,0,1,P_BirchBush_05_Summer (42)
level3,-1527043172,419.08,91.05,160.25,1,0,1,P_BirchBush_05_Summer (26)
level3,-1527043172,326.648,99.57,258.362,1,0,1,P_BirchBush_05_Summer
level3,-1527043172,311.66,105.87,328.2,1,0,1,P_BirchBush_05_Summer (22)
level3,-1527043172,341.97,99.16,313.53,1,0,1,P_BirchBush_05_Summer (15)
level3,-1527043172,316.398,100.0,276.883,1,0,1,P_BirchBush_05_Summer
level3,-1527043172,290.96,115.53,331.52,1,0,1,P_BirchBush_05_Summer (10)
level3,-1527043172,287.963,100.618,287.663,1,0,1,P_BirchBush_05_Summer
level3,-1527043172,334.401,100.337,222.612,1,0,1,P_BirchBush_05_Summer
level3,-1527043172,373.33,104.633,234.24,1,0,1,P_BirchBush_05_Summer
level3,-1527043172,364.98,100.803,208.56,1,0,1,P_BirchBush_05_Summer (21)
level3,-1527043172,295.74,100.0,219.51,1,0,1,P_BirchBush_05_Summer
level3,-1527043172,342.122,100.0,269.34,1,0,1,P_BirchBush_05_Summer
level3,33349094,265.463,100.0,218.406,1,0,1,P_BirchBush_05_Workhall
level3,-1527043172,339.587,112.232,175.274,1,0,1,P_BirchBush_05_Summer
level3,-1527043172,223.83,83.75,390.99,1,0,1,P_BirchBush_05_Summer (36)
level3,-1527043172,259.03,99.8,254.09,1,0,1,P_BirchBush_05_Summer (19)
level3,-1527043172,488.866,118.639,133.032,1,0,1,P_BirchBush_05_Summer
level3,-1527043172,488.92,115.2,114.67,1,0,1,P_BirchBush_05_Summer
level3,-1527043172,228.65,94.38,251.19,1,0,1,P_BirchBush_05_Summer
level3,-1837623357,267.585,100.096,248.659,1,0,0,Item_RubberDuck03
level3,-137441278,253.45,100.83,242.12,1,0,0,Item_MarshmallowBag
level3,-1397753173,270.22,100.376,249.48,1,0,0,Item_Money (1)
level3,-72605599,253.483,100.376,243.465,1,0,0,Item_Mushroom1
level3,1968980533,253.483,100.376,243.465,1,0,0,Item_Honey
level3,1927355677,267.452,100.096,248.273,1,0,0,Item_RubberDuck04
level3,472458998,253.483,100.376,243.465,1,0,0,Item_Apple
level3,-1397753173,270.25,100.376,247.38,1,0,0,Item_Money
level3,1746768234,254.688,100.0,246.351,1,0,0,Item_MushroomHead01
level3,1699518619,559.121,201.128,167.277,1,0,1,Item_RubberDuck13
level3,-1013251903,487.707,101.526,353.566,1,0,1,Item_RubberDuck08
level3,613145063,267.188,100.096,247.507,1,0,0,Item_RubberDuck06
level3,1299061417,253.19,100.814,243.444,1,0,0,Item_WoodenShoesHeatResistant
level3,-1709124896,248.36,100.9,239.95,1,0,0,Item_ProteinShake
level3,1019905044,394.878,70.28,368.409,1,0,1,Item_RubberDuck11
level3,-708737173,254.498,100.0,247.291,1,0,0,Item_MushroomHead03
level3,-1933515781,253.483,100.376,243.465,1,0,0,Item_MushroomHead04
level3,-385432127,447.317,88.597,131.182,1,0,1,Item_RubberDuck02
level3,-1115390549,267.319,100.096,247.887,1,0,0,Item_RubberDuck05
level3,-385432127,267.715,100.096,249.036,1,0,0,Item_RubberDuck02 (1)
level3,1927355677,-284.772,-294.392,-304.114,1,0,1,Item_RubberDuck04
level3,-895436007,338.054,108.033,320.658,1,0,1,Item_RubberDuck07
level3,1578562068,253.62,100.72,244.02,1,0,0,Item_WoodenShoesAnimated
level3,-708737173,253.483,100.376,243.465,1,0,0,Item_MushroomHead03
level3,-2078723751,253.483,100.376,243.465,1,0,0,Item_MushroomHead02
level3,-1397753173,270.11,100.376,244.88,1,0,0,Item_Money (2)
level3,-1369158848,261.481,100.092,246.367,1,0,0,Item_ChocolateCream
level3,-2078723751,254.157,100.0,246.858,1,0,0,Item_MushroomHead02
level3,-72605599,254.309,100.775,247.037,1,0,0,Item_Mushroom
level3,-44842821,253.483,100.376,243.465,1,0,0,Item_Egg
level3,-1409657020,220.11,62.404,248.978,1,0,1,Item_RubberDuck09
level3,698131790,253.483,100.376,243.465,1,0,0,Item_ChickenLegGrilled
level3,-1791220865,383.855,50.172,345.319,1,0,1,Item_RubberDuck12
level3,-388153159,267.84,100.096,249.4,1,0,0,Item_RubberDuck01 (1)
level3,-1837623357,228.503,78.923,381.043,1,0,1,Item_RubberDuck03
level3,-1939853321,253.483,100.376,243.465,1,0,0,Item_PicklesChocolate (1)
level3,716273484,299.778,109.466,167.685,1,0,1,Item_RubberDuck10
level3,-895436007,267.06,100.096,247.137,1,0,0,Item_RubberDuck07
level3,-875799430,253.483,100.376,243.465,1,0,0,Item_ChickenLegRaw
level3,2106414615,253.483,100.376,243.465,1,0,0,Item_MarshmallowNormal
level3,-690427651,260.896,100.092,246.466,1,0,0,Item_Pickle
level3,-1115390549,463.877,202.794,215.543,1,0,1,Item_RubberDuck05
level3,-1933515781,255.296,100.0,246.529,1,0,0,Item_MushroomHead04
level3,1746768234,253.483,100.376,243.465,1,0,0,Item_MushroomHead01
level3,-388153159,320.56,99.48,148.34,1,0,1,Item_RubberDuck01
level3,2009569111,-521.304,-315.911,-119.079,1,0,1,p_mushroom04ClusterA (13)
level3,2009569111,-352.01,-275.322,-17.27,1,0,1,p_mushroom04ClusterA (9)
level3,1967344955,-353.545,-272.376,-27.454,1,0,1,p_mushroom04ClusterB (17)
level3,1967344955,-416.201,-320.722,-75.571,1,0,1,p_mushroom04ClusterB (17)
level3,2009569111,-434.82,-320.71,-120.36,1,0,1,p_mushroom04ClusterA (12)
level3,2009569111,-352.07,-275.322,-15.16,1,0,1,p_mushroom04ClusterA (9)
level3,1967344955,-436.227,-320.801,-118.756,1,0,1,p_mushroom04ClusterB (13)
level3,2009569111,-533.905,-321.803,-60.634,1,0,1,p_mushroom04ClusterA (15)
level3,1967344955,-520.108,-316.022,-119.29,1,0,1,p_mushroom04ClusterB (10)
level3,1967344955,-436.93,-320.86,-120.44,1,0,1,p_mushroom04ClusterB (14)
level3,2009569111,-354.112,-272.488,-25.132,1,0,1,p_mushroom04ClusterA (9)
level3,1967344955,-478.138,-324.64,-121.049,1,0,1,p_mushroom04ClusterB (16)
level3,1967344955,-479.07,-324.64,-119.36,1,0,1,p_mushroom04ClusterB (15)
level3,2009569111,-535.78,-321.803,-60.88,1,0,1,p_mushroom04ClusterA (14)
level3,1967344955,-353.39,-275.41,-16.33,1,0,1,p_mushroom04ClusterB (11)
level3,1967344955,-535.049,-321.83,-62.6,1,0,1,p_mushroom04ClusterB (11)
level3,1967344955,-522.07,-315.925,-117.15,1,0,1,p_mushroom04ClusterB (9)
level3,2009569111,-417.27,-320.525,-76.87,1,0,1,p_mushroom04ClusterA (11)
level3,2009569111,-519.79,-316.02,-117.58,1,0,1,p_mushroom04ClusterA (8)
level3,2009569111,-415.561,-320.525,-77.481,1,0,1,p_mushroom04ClusterA (10)
level3,1967344955,-538.593,-321.83,-54.767,1,0,1,p_mushroom04ClusterB (12)
level3,2009569111,-479.602,-324.721,-121.54,1,0,1,p_mushroom04ClusterA (9)
level3,1516274556,125.09,110.144,102.467,1,0,1,p_officeDocStack03
level3,1338877169,380.68,69.86,367.06,1,0,1,p_env_BunkerDoor01
level3,2096229293,126.727,110.131,102.438,1,0,1,p_officeDocStack02
level3,-443918322,438.842,164.121,195.728,1,0,1,P_BirchBush_05_Snow
level3,-443918322,453.09,185.705,263.81,1,0,1,P_BirchBush_05_Snow
level3,-443918322,535.488,187.247,367.729,1,0,1,P_BirchBush_05_Snow
level3,-443918322,485.71,186.83,279.91,1,0,1,P_BirchBush_05_Snow
level3,-443918322,431.88,164.41,272.42,1,0,1,P_BirchBush_05_Snow
level3,-443918322,438.327,148.742,171.802,1,0,1,P_BirchBush_05_Snow
level3,-443918322,517.22,187.35,367.47,1,0,1,P_BirchBush_05_Snow
level3,-443918322,566.644,186.839,327.28,1,0,1,P_BirchBush_05_Snow
level3,-443918322,429.33,164.65,267.89,1,0,1,P_BirchBush_05_Snow
level3,-443918322,417.05,155.71,267.12,1,0,1,P_BirchBush_05_Snow (3)
level3,-443918322,457.92,185.705,272.19,1,0,1,P_BirchBush_05_Snow (1)
level3,-443918322,203.224,98.92,232.81,1,0,0,P_BirchBush_05_Snow (4)
level3,-443918322,471.21,185.89,267.44,1,0,1,P_BirchBush_05_Snow (2)
level3,-443918322,442.008,180.791,231.869,1,0,1,P_BirchBush_05_Snow
level3,-443918322,442.102,178.955,278.048,1,0,1,P_BirchBush_05_Snow
level3,-443918322,420.112,152.884,199.227,1,0,1,P_BirchBush_05_Snow
level3,-443918322,578.9,189.45,304.92,1,0,1,P_BirchBush_05_Snow
level3,-880275594,132.221,112.862,94.137,1,0,1,p_officeDocStack01 (5)
level3,872650874,266.417,100.562,251.538,1,0,0,Item_Seed_Salad
level3,2049699096,370.575,105.36,227.83,1,0,1,p_windmillBrokenWing01
level3,-880275594,120.187,110.366,97.884,1,0,1,p_officeDocStack01 (51)
level3,-1785090678,266.18,100.0,223.61,1,0,1,p_Tree_Birch_02_Workhall (1)
level3,-1785090678,243.529,100.027,215.977,1,0,1,p_Tree_Birch_02_Workhall (3)
level3,-1785090678,239.71,100.0,231.52,1,0,1,p_Tree_Birch_02_Workhall (4)
level3,-1785090678,237.88,100.233,210.37,1,0,1,p_Tree_Birch_02_Workhall (5)
level3,-880275594,122.691,111.778,95.937,1,0,1,p_officeDocStack01 (30)
level3,-1438795053,338.73,67.79,371.24,1,0,1,p_caveBridge01
level3,-880275594,132.221,112.505,94.137,1,0,1,p_officeDocStack01 (3)
level3,-1873569067,300.47,99.34,283.56,1,0,1,Trigger_Straw
level4,1789526825,381.542,121.278,139.608,1,0,1,p_TechBridge_BatteryCase_Crafter01
level4,42617885,254.07,100.201,247.17,1,0,1,p_Tree_Apple_01
level4,-332725813,288.2,101.31,412.0,1,0,1,p_Tree_Weird01_1
level4,-37105219,256.08,100.201,255.73,1,0,1,p_Tree_Apple_01_AutoHarvesterArea
level4,1064355831,294.77,103.34,411.07,1,0,1,p_trigger_EnterDevRoomAchievement
level4,845498134,0.0,0.0,0.0,1,0,1,Mission_satellite_TryToStartIntro
level4,-180263014,404.505,130.53,165.363,1,0,1,p_StoneTower03
level4,-252285554,445.16,137.64,157.65,1,0,1,Trigger_SnowyMountain
level4,600270922,479.417,107.391,319.932,1,0,1,Item_ScotchIronStag
level4,600270922,595.582,196.635,171.725,1,0,1,Item_ScotchIronStag (1)
level4,1308454408,449.345,186.546,236.092,1,0,1,p_fence_snow03
level4,184033913,244.165,104.624,504.65,1,0,1,Trigger_InsideChesterDialogue
level4,1876437570,378.68,120.88,135.79,1,0,1,Trigger_TechBridgeMission
level4,505528342,548.04,186.79,261.7,1,0,1,Trigger_SnowmanDialogue
level4,-1554293251,461.497,198.15,241.55,1,0,1,P_BirchBush_02_Snow (7)
level4,-1485125144,543.79,189.907,181.958,1,0,1,p_env_DestructibleIceRockSmall06
level4,-1676857968,436.164,132.213,270.841,1,0,1,p_whiteboardGenovatech02
level4,421669597,449.183,186.593,268.344,1,0,1,p_CampfireCrafter02
level4,-1701796399,448.862,186.674,218.836,1,0,1,p_CampfireCrafter03
level4,2013952422,545.227,189.713,182.166,1,0,1,p_env_DestructibleIceRockSmall03
level4,-868939779,516.78,205.21,223.66,1,0,1,Trigger_MountainElevator
level4,-949089082,443.565,187.04,218.957,1,0,1,p_fence_snow04
level4,2074384540,460.54,198.272,239.8,1,0,1,p_trojanHorseSnow01
level4,616736103,364.71,125.718,143.36,1,0,1,p_trojanHorse02 (4)
level4,-602097678,-318.664,-300.228,-276.962,1,0,1,p_trojanHorse01
level4,-602097678,-366.6,-277.43,3.68,1,0,1,p_trojanHorse01
level4,618856611,544.183,189.645,181.962,1,0,1,p_animalPenguinInIce
level4,2046673210,422.368,152.822,208.053,1,0,1,p_CampfireCrafter01
level4,-987630721,-530.83,-391.21,-249.81,1,0,1,p_teleporterDuck03
level4,261912906,428.92,129.97,281.96,1,0,1,p_TreeLabCrafterCrystal01 Variant 6
level4,560132610,414.57,129.97,266.73,1,0,1,p_TreeLabCrafterApple01 Variant
level4,-286055577,427.62,129.97,269.24,1,0,1,p_TreeLabCrafterStone01 Variant 1
level4,691639775,421.31,129.97,266.06,1,0,1,p_TreeLabCrafterWalnut01 Variant 5
level4,1862938356,423.62,129.97,286.68,1,0,1,p_TreeLabCrafterElectro01 Variant 4
level4,-1702870011,416.89,129.97,287.39,1,0,1,p_TreeLabCrafterMetal01 Variant 3
level4,1432913293,430.09,129.918,275.43,1,0,1,p_TreeLabCrafterPalm01 Variant 2
level4,-180263014,386.14,120.07,212.45,1,0,1,p_StoneTower03
level4,-180263014,271.44,130.619,139.17,1,0,1,p_StoneTower03 (2)
level4,-137343807,501.9,240.361,213.35,1,0,1,p_StoneTower04
level4,-180263014,368.96,124.75,167.64,1,0,1,p_StoneTower03 (1)
level4,523659251,569.11,193.26,172.24,1,0,1,Trigger_PenguinMission
level4,390605714,246.49,109.63,499.765,1,0,1,p_ChesterPicMimic_BP
level4,-1198985083,437.16,101.019,379.12,1,0,1,p_plasticBall01
level4,74995320,211.096,79.74,359.146,1,0,1,p_StoneTower02 (1)
level4,42820576,592.512,195.79,164.954,1,0,1,p_env_DestructibleIceRockSmall07
level4,42820576,585.492,196.31,214.244,1,0,1,p_env_DestructibleIceRockSmall07 (5)
level4,42820576,555.174,186.65,234.482,1,0,1,p_env_DestructibleIceRockSmall07
level4,42820576,599.83,196.03,186.67,1,0,1,p_env_DestructibleIceRockSmall07
level4,42820576,579.502,194.78,216.684,1,0,1,p_env_DestructibleIceRockSmall07 (2)
level4,42820576,548.752,189.698,183.005,1,0,1,p_env_DestructibleIceRockSmall07
level4,42820576,595.284,199.746,219.309,1,0,1,p_env_DestructibleIceRockSmall07 (4)
level4,42820576,556.878,186.778,181.72,1,0,1,p_env_DestructibleIceRockSmall07
level4,42820576,546.69,186.67,251.92,1,0,1,p_env_DestructibleIceRockSmall07
level4,42820576,593.417,199.72,220.544,1,0,1,p_env_DestructibleIceRockSmall07 (3)
level4,42820576,591.9,201.21,199.75,1,0,1,p_env_DestructibleIceRockSmall07
level4,42820576,550.623,186.38,189.21,1,0,1,p_env_DestructibleIceRockSmall07
level4,42820576,594.559,200.773,212.538,1,0,1,p_env_DestructibleIceRockSmall07 (6)
level4,42820576,577.872,194.77,218.984,1,0,1,p_env_DestructibleIceRockSmall07 (1)
level4,42820576,598.6,195.874,188.382,1,0,1,p_env_DestructibleIceRockSmall07
level4,42820576,547.777,186.701,251.434,1,0,1,p_env_DestructibleIceRockSmall07
level4,42820576,547.044,189.644,182.287,1,0,1,p_env_DestructibleIceRockSmall07
level4,42820576,557.868,186.892,177.91,1,0,1,p_env_DestructibleIceRockSmall07
level4,42820576,543.87,186.701,209.45,1,0,1,p_env_DestructibleIceRockSmall07
level4,42820576,593.422,201.946,199.272,1,0,1,p_env_DestructibleIceRockSmall07
level4,42820576,544.242,186.51,211.874,1,0,1,p_env_DestructibleIceRockSmall07
level4,42820576,548.429,189.851,179.41,1,0,1,p_env_DestructibleIceRockSmall07
level4,42820576,561.903,186.63,181.492,1,0,1,p_env_DestructibleIceRockSmall07
level4,42820576,547.538,186.85,250.166,1,0,1,p_env_DestructibleIceRockSmall07
level4,42820576,546.782,189.91,180.143,1,0,1,p_env_DestructibleIceRockSmall07
level4,42820576,544.955,190.239,179.458,1,0,1,p_env_DestructibleIceRockSmall07
level4,42820576,543.69,186.684,222.98,1,0,1,p_env_DestructibleIceRockSmall07
level4,42820576,550.695,188.672,179.529,1,0,1,p_env_DestructibleIceRockSmall07
level4,42820576,548.697,188.073,185.769,1,0,1,p_env_DestructibleIceRockSmall07
level4,42820576,600.33,202.701,210.834,1,0,1,p_env_DestructibleIceRockSmall07 (7)
level4,42820576,542.71,186.73,211.58,1,0,1,p_env_DestructibleIceRockSmall07
level4,42820576,593.659,195.94,167.406,1,0,1,p_env_DestructibleIceRockSmall07
level4,42820576,555.43,186.721,231.2,1,0,1,p_env_DestructibleIceRockSmall07
level4,42820576,542.864,189.276,184.417,1,0,1,p_env_DestructibleIceRockSmall07
level4,42820576,589.71,195.2,158.38,1,0,1,p_env_DestructibleIceRockSmall07
level4,42820576,600.69,196.0,179.93,1,0,1,p_env_DestructibleIceRockSmall07
level4,42820576,595.62,195.82,185.31,1,0,1,p_env_DestructibleIceRockSmall07
level4,967818511,549.92,190.16,230.41,1,0,1,Trigger_IceCave
level4,1112207721,562.39,199.6,355.55,1,0,1,p_crystalCluster (9)
level4,1112207721,483.95,217.84,213.54,1,0,1,p_crystalCluster (1)
level4,1112207721,426.247,163.337,275.66,1,0,1,p_crystalCluster (3)
level4,1112207721,563.5,201.81,256.7,1,0,1,p_crystalCluster (12)
level4,1112207721,585.44,198.38,317.86,1,0,1,p_crystalCluster (8)
level4,1112207721,520.512,246.284,220.96,1,0,1,p_crystalCluster (16)
level4,1112207721,492.0,239.63,231.53,1,0,1,p_crystalCluster (15)
level4,1112207721,543.74,192.33,324.35,1,0,1,p_crystalCluster (21)
level4,1112207721,418.92,154.4,233.751,1,0,1,p_crystalCluster (2)
level4,1112207721,540.57,186.96,309.15,1,0,1,p_crystalCluster (5)
level4,1112207721,465.97,208.972,240.75,1,0,1,p_crystalCluster (14)
level4,1112207721,516.18,239.609,235.527,1,0,1,p_crystalCluster (17)
level4,1112207721,508.34,198.47,326.39,1,0,1,p_crystalCluster (11)
level4,1112207721,552.03,188.62,313.69,1,0,1,p_crystalCluster (6)
level4,1112207721,484.17,191.99,287.61,1,0,1,p_crystalCluster
level4,1112207721,414.26,144.29,216.78,1,0,1,p_crystalCluster (19)
level4,1112207721,442.18,182.08,274.48,1,0,1,p_crystalCluster (20)
level4,1112207721,499.67,195.12,368.62,1,0,1,p_crystalCluster (10)
level4,1112207721,534.15,197.77,255.9,1,0,1,p_crystalCluster (13)
level4,1112207721,501.97,188.79,297.23,1,0,1,p_crystalCluster (4)
level4,1112207721,421.41,154.36,260.96,1,0,1,p_crystalCluster (18)
level4,1848810848,0.0,0.0,0.0,1,0,1,Mission_AreaBeach_TP_CheckIfBuild
level4,360919459,598.077,197.213,182.266,1,0,1,p_ski02
level4,1815672043,243.991,109.886,499.717,1,0,1,p_ChesterPicCompaniola_BP
level4,1698251746,548.14,186.651,262.1,1,0,1,p_Animal_Snowman01Static
level4,-656491725,0.0,0.0,0.0,1,0,1,Mission_TurtleSabotage_00A_SpawnIfWorkbenchExists
level4,1917497778,587.17,263.659,400.835,1,0,1,Mission_Hidden_32_CannonPickedUp
level4,499928884,293.01,95.09,332.91,1,0,1,p_animal_wormTooth01
level4,-102880182,451.025,184.894,243.613,1,0,1,p_fence_snow01
level4,1118891757,293.568,102.747,436.129,1,0,1,Item_Axe_WoodTalking
level4,1591843508,410.93,129.655,137.046,1,0,1,p_StoneTower01
level4,74995320,370.011,128.043,285.296,1,0,1,p_StoneTower02
level4,-1942268151,598.879,196.941,176.84,1,0,1,p_prop_notebook01
level4,1531308256,297.572,102.823,435.581,1,0,1,p_balloonPaul01
level4,1824490484,293.01,95.09,332.91,1,0,1,p_animal_worm01
level4,192954490,448.98,101.14,376.98,1,0,1,Trigger_CrabDialogue
level4,661980554,406.5,99.781,320.4,1,0,1,Trigger_LocationDiscovered_BeachArea
level4,-1331687397,297.774,101.34,435.141,1,0,1,Item_Furniture_Tech_Boombox01
level4,1063912807,598.514,196.275,172.259,1,0,1,Item_TreasureMap_03_Igloo
level4,-1331687397,600.742,195.902,175.55,1,0,1,Item_Furniture_Tech_Boombox01 (1)
level4,-926938235,600.617,195.846,173.07,1,0,1,Item_Furniture_Carving_WavingCat
level4,1413372529,277.01,84.809,402.14,1,0,1,Item_campingLampOn01 (1)
level4,1413372529,546.497,189.704,182.593,1,0,1,Item_campingLampOn01 (1)
level4,1413372529,281.584,85.155,409.09,1,0,1,Item_campingLampOn01 (1)
level4,1413372529,600.209,196.044,173.96,1,0,1,Item_campingLampOn01 (1)
level4,1880671016,475.23,186.16,268.77,1,0,1,p_Tree_Crystal_03
level4,1880671016,514.193,186.86,297.272,1,0,1,p_Tree_Crystal_03
level4,2130787187,598.077,197.376,182.888,1,0,1,p_ski01
level4,-423670200,244.714,107.671,501.33,1,0,1,p_ChesterCrate01
level4,869839575,551.51,190.74,249.38,1,0,1,p_env_IceRockBigAnimated
level4,1504088945,544.669,189.85,181.4,1,0,1,p_env_DestructibleIceRockSmall01
level4,678057796,297.068,103.128,426.874,1,0,1,p_balloonWolfgang01
level4,1214379044,427.389,129.97,269.465,1,0,1,p_TreeLabVisualsStone
level4,1529865216,414.74,129.97,266.7,1,0,1,p_TreeLabVisualsApple
level4,-1675467721,423.653,129.97,286.603,1,0,1,p_TreeLabVisualsElectro
level4,1852759359,428.66,129.97,281.96,1,0,1,p_TreeLabVisualsCrystal
level4,-757537987,429.98,129.918,275.49,1,0,1,p_TreeLabVisualsPalm
level4,-1367707755,421.41,129.97,266.18,1,0,1,p_TreeLabVisualsWalnut
level4,-2098783887,416.843,129.97,287.21,1,0,1,p_TreeLabVisualsMetal
level4,-1049631217,265.059,113.625,175.481,1,0,1,p_Animal_PracticeDummy01
level4,442663072,296.091,116.34,152.909,1,0,1,p_Animal_PracticeDummy02 (2)
level4,-1049631217,294.54,130.75,106.94,1,0,1,p_Animal_PracticeDummy01 (1)
level4,2013952422,544.41,189.657,182.515,1,0,1,p_env_DestructibleIceRockSmall03
level4,-429766240,452.1,187.232,225.51,1,0,1,Trigger_MountainDamageZones02
level4,577238851,445.977,100.274,352.587,1,0,1,p_Chest03
level4,753394294,308.113,101.562,158.566,1,0,1,p_BoberWorkplaceCrafter
level4,492949877,-751.3,-241.49,-145.58,1,0,1,p_teleporterDuck05
level4,1036920594,544.011,189.818,181.575,1,0,1,p_env_DestructibleIceRockSmall02
level4,613005191,241.453,109.672,499.707,1,0,1,p_ChesterPicMarc_BP
level4,-825111714,327.3,103.05,176.79,1,0,1,p_trigger_EnterBeaverCaveAchievement
level4,1563662853,245.809,104.324,513.809,1,0,1,p_TP_InsideChesterToBase
level4,1184718133,507.82,240.98,223.93,1,0,1,Trigger_MountainPeak
level4,-531013114,249.147,100.164,262.348,1,0,1,p_Tree_Birch_03
level4,2025673331,248.27,100.0,244.49,1,0,1,p_Tree_Birch_04 (1)
level4,-29561685,253.0,100.283,258.5,1,0,1,p_Tree_Birch_03_AutoHarvesterArea
level4,2025673331,242.7,100.0,254.82,1,0,1,p_Tree_Birch_04
level4,-29561685,247.918,100.128,257.749,1,0,1,p_Tree_Birch_03_AutoHarvesterArea (1)
level4,999909620,236.657,80.358,346.8,1,0,1,p_prop_FenceOld04 (1)
level4,856330882,236.047,80.756,331.092,1,0,1,p_prop_FenceOld02 (7)
level4,971673205,235.121,78.182,355.475,1,0,1,p_prop_FenceOld03 (1)
level4,999909620,233.79,80.17,338.09,1,0,1,p_prop_FenceOld04 (2)
level4,971673205,219.172,78.609,357.243,1,0,1,p_prop_FenceOld03
level4,999909620,222.453,78.177,357.559,1,0,1,p_prop_FenceOld04
level4,-1282398135,228.535,78.017,355.075,1,0,1,p_prop_FenceOld01
level4,604191823,226.05,78.07,356.41,1,0,1,p_prop_FenceOld06
level4,856330882,230.963,77.955,353.926,1,0,1,p_prop_FenceOld02 (7)
level4,-496196352,-365.45,-275.18,-18.93,1,0,1,p_teleporterDuck02
level4,1214431744,381.542,121.278,139.608,1,0,1,p_TechBridge_BatteryCase_Crafter02
level4,134970086,293.3,101.53,330.99,1,0,1,Trigger_WormDialogue
level4,-1398605036,0.0,0.0,0.0,1,0,1,Mission_Hidden_27_CheckIfTreasureMapShopIsPurchased
level4,-337528493,0.0,0.0,0.0,1,0,1,Mission_Hidden_05_UnlockCrystalWoodSawhorse_halfTrunk
level4,-1077221629,0.0,0.0,0.0,1,0,1,Mission_Hidden_28_CheckIfTreasureMapIglooIsPickedUp
level4,-208546548,544.66,190.235,181.97,1,0,1,p_env_DestructibleIceRockSmall05
level4,-583729562,387.229,50.278,341.862,1,0,1,p_Tree_Metal_02 (4)
level4,819155891,393.415,50.46,337.129,1,0,1,p_Tree_Metal_01 (5)
level4,819155891,290.45,124.59,134.69,1,0,1,p_Tree_Metal_01 (7)
level4,1040059545,385.551,50.307,337.301,1,0,1,p_Tree_Metal_03 (1)
level4,1040059545,395.12,50.26,347.48,1,0,1,p_Tree_Metal_03 (3)
level4,819155891,280.49,129.52,120.13,1,0,1,p_Tree_Metal_01 (6)
level4,1040059545,388.629,50.307,336.861,1,0,1,p_Tree_Metal_03 (2)
level4,-583729562,392.16,50.278,341.01,1,0,1,p_Tree_Metal_02 (5)
level4,1333906424,248.633,100.018,251.364,1,0,1,p_Tree_Apple_02_AutoHarvesterArea
level4,1040059545,396.35,50.82,355.93,1,0,1,p_Tree_Metal_03 (4)
level4,-1722209199,410.75,129.97,283.54,1,0,1,p_TreeLabCrafterBirch01
level4,521338796,410.945,129.97,283.652,1,0,1,p_TreeLabVisualsBirch
level4,-1452023516,428.95,147.49,209.71,1,0,1,Trigger_MountainDamageZones
level4,-1059336956,421.64,130.974,277.19,1,0,1,p_LabTerminal
level4,-1214054459,315.718,116.81,148.524,1,0,1,Trigger_collectBlueprint_Furniture_FaceStool01
level4,31997720,200.66,82.783,382.02,1,0,1,Trigger_collectBlueprint_Furniture_Globes01
level4,1077347373,598.45,202.314,211.976,1,0,1,Trigger_collectBlueprint_Furniture_Ski01
level4,839653567,477.203,108.135,325.902,1,0,1,Trigger_collectBlueprint_Furniture_LifeguardChair01
level4,1093480868,425.664,165.858,265.316,1,0,1,Trigger_collectBlueprint_Furniture_Sled01
level4,-1978300690,373.197,132.59,152.848,1,0,1,Trigger_collectBlueprint_Furniture_LegSeat01
level4,1333163927,286.33,85.338,247.084,1,0,1,Trigger_collectBlueprint_Furniture_CandyDispenser01
level4,2095852282,329.96,99.12,178.43,1,0,1,p_mountainElevator01
level4,-1198108542,524.645,186.923,274.717,1,0,1,p_Tree_Crystal_01
level4,-1198108542,498.575,186.56,291.861,1,0,1,p_Tree_Crystal_01
level4,-880275594,291.852,102.556,426.37,1,0,1,p_officeDocStack01
level4,-880275594,285.021,102.556,435.705,1,0,1,p_officeDocStack01
level4,-880275594,299.493,102.367,427.093,1,0,1,p_officeDocStack01
level4,33776193,297.267,102.467,429.615,1,0,1,p_balloonDaniel01
level4,1112207721,577.13,186.76,271.68,1,0,1,p_crystalCluster (7)
level4,-585615753,593.284,196.469,184.337,1,0,1,Item_FireWood_Birch01 (14)
level4,-585615753,593.018,196.237,184.334,1,0,1,Item_FireWood_Birch01 (10)
level4,-585615753,593.364,196.366,184.445,1,0,1,Item_FireWood_Birch01 (14)
level4,-585615753,593.115,196.372,184.427,1,0,1,Item_FireWood_Birch01 (15)
level4,-585615753,593.09,196.532,184.26,1,0,1,Item_FireWood_Birch01 (11)
level4,-585615753,592.814,196.233,184.296,1,0,1,Item_FireWood_Birch01 (12)
level4,-585615753,593.197,196.26,184.46,1,0,1,Item_FireWood_Birch01 (9)
level4,-585615753,592.919,196.41,184.36,1,0,1,Item_FireWood_Birch01 (13)
level4,-585615753,593.407,196.236,184.445,1,0,1,Item_FireWood_Birch01 (14)
level4,1951980750,298.101,102.598,434.841,1,0,1,p_balloonFelix01
level4,1774845005,451.028,185.483,239.873,1,0,1,p_fence_snow02
level4,671965601,503.3,186.71,276.53,1,0,1,p_Tree_Crystal_02 (2)
level4,-1077633737,245.81,104.295,513.849,1,0,1,Teleporter_OpenedChester
level4,1036920594,544.095,190.141,181.911,1,0,1,p_env_DestructibleIceRockSmall02
level4,-1592462402,407.09,129.918,274.36,1,0,1,p_trigger_DialogueGenovaTechLab
level4,-1958829555,-472.17,-348.88,-89.84,1,0,1,p_teleporterDuck01
level4,613072776,286.439,102.936,435.331,1,0,1,p_balloonSebastian01
level4,-1217501134,291.244,102.377,431.244,1,0,1,Item_PortalCake
level4,723528440,-315.7,-315.76,-242.66,1,0,1,p_teleporterDuck04
level4,-443918322,461.175,198.367,237.742,1,0,1,P_BirchBush_05_Snow
level4,1591843508,393.09,101.827,384.46,1,0,1,p_StoneTower01 (1)
level4,652109315,418.427,91.997,154.105,1,0,1,p_Slot_PlanksJumpPuzzle
level4,254423281,284.983,102.417,435.137,1,0,1,p_officeDoc01
level4,254423281,285.086,102.489,435.676,1,0,1,p_officeDoc01 (1)
level4,254423281,299.343,102.471,426.472,1,0,1,p_officeDoc01 (1)
level4,254423281,291.788,102.489,426.399,1,0,1,p_officeDoc01 (1)
level4,254423281,299.575,102.379,426.84,1,0,1,p_officeDoc01
level4,254423281,291.891,102.417,426.938,1,0,1,p_officeDoc01
level4,-178580997,289.362,103.185,426.98,1,0,1,p_balloonKathy01
level4,1338877169,298.124,102.741,406.808,1,0,1,p_env_BunkerDoor01 (1)
level4,5490337,381.696,121.075,138.193,1,0,1,p_TechBridgeBroken
level4,921036799,442.17,100.57,382.51,1,0,1,p_Slot_brokenTeleporter_Beach
level4,735699562,438.364,101.34,361.33,1,0,1,p_CanonPipe
level5,-1980424062,291.568,82.11,409.24,1,0,1,Item_TreasureMap_01_Shop
level5,-585534096,0.0,0.0,0.0,1,0,1,Mission_Hidden_05_UnlockGlas
level6,800087762,0.327,1.683,-0.659,1,0,1,Mission_Achievement_TargetAudienceComplete_AdultsClub
level6,1044001840,0.327,1.683,-0.659,1,0,1,Mission_Achievement_GotWoodenAxe
level6,-869139543,0.327,1.683,-0.659,1,0,1,Mission_Achievement_TargetAudienceComplete_Nerds
level6,2077647648,0.327,1.683,-0.659,1,0,1,Mission_Achievement_TargetAudienceComplete_FitnessFreaks
level6,999130744,0.327,1.683,-0.659,1,0,1,Mission_Achievement_TargetAudienceComplete_Survivalists
level6,-1764054258,0.327,1.683,-0.659,1,0,1,Mission_Achievement_TargetAudienceComplete_Industry
level6,-120531312,0.327,1.683,-0.659,1,0,1,Mission_Achievement_TargetAudienceComplete_Moneybags
level6,1777066154,0.327,1.683,-0.659,1,0,1,Mission_Achievement_TargetAudienceComplete_Rascals
level6,1244377101,0.327,1.683,-0.659,1,0,1,Mission_Achievement_TargetAudienceComplete_CityAdministration
level7,-776202100,528.816,187.854,290.033,1,0,1,p_Slot_FishingRod04 (1)
level7,1904321400,0.0,0.0,0.0,1,0,1,Mission_Unlock_FishStew
level7,1075413099,0.0,0.0,0.0,1,0,1,Mission_Achievement_Money100000
level7,1067291712,0.0,0.0,0.0,1,0,1,Mission_Unlock_Mushroomsoup
level7,-1897443807,0.0,0.0,0.0,1,0,1,Mission_Unlock_DuckStew
level7,90404484,0.0,0.0,0.0,1,0,1,Mission_Unlock_CrabBowl
level7,-1278910971,0.0,0.0,0.0,1,0,1,Mission_Unlock_HoneyGarlicChicken
level7,1594056483,0.0,0.0,0.0,1,0,1,Mission_Achievement_Money10000
level7,1523166305,0.0,0.0,0.0,1,0,1,Mission_Achievement_Money1000
level7,2112915808,0.0,0.0,0.0,1,0,1,Mission_Unlock_HoneyGlazedApple
level7,-1896810837,0.0,0.0,0.0,1,0,1,HiddenMission_HomeSweetHome_TryToSpawnFurnitureSlots
level7,-2145303793,0.0,0.0,0.0,1,0,1,Mission_Unlock_Sushi
level7,220218043,0.0,0.0,0.0,1,0,1,Mission_Achievement_DestroyedAllStoneFigures
level7,-1106235329,0.0,0.0,0.0,1,0,1,Mission_Unlock_Pancake
level7,1096335158,291.535,140.691,82.609,1,0,1,Mission_CheckWellInventory
level7,-897184097,292.19,139.872,82.97,1,0,1,p_HellWellGateClosed
level7,797534842,293.426,137.633,83.92,1,0,1,p_HellWell
level7,825264845,318.762,97.446,258.982,1,0,1,a_animal_fish01 (6)
level7,825264845,314.912,96.836,260.062,1,0,1,a_animal_fish01 (5)
level7,825264845,309.592,96.696,214.432,1,0,1,a_animal_fish01 (14)
level7,825264845,323.332,96.878,288.462,1,0,1,a_animal_fish01 (15)
level7,825264845,315.344,96.44,214.436,1,0,1,a_animal_fish01 (13)
level7,825264845,313.489,96.375,260.272,1,0,1,a_animal_fish01 (9)
level7,825264845,317.412,97.376,260.622,1,0,1,a_animal_fish01 (10)
level7,825264845,318.282,96.726,233.012,1,0,1,a_animal_fish01 (7)
level7,825264845,321.92,97.411,293.712,1,0,1,a_animal_fish01 (16)
level7,825264845,317.132,97.926,261.752,1,0,1,a_animal_fish01 (7)
level7,825264845,312.822,98.301,237.44,1,0,1,a_animal_fish01 (12)
level7,825264845,319.432,96.496,254.942,1,0,1,a_animal_fish01 (11)
level7,825264845,315.652,97.182,262.322,1,0,1,a_animal_fish01 (8)
level7,825264845,312.466,97.558,215.75,1,0,1,a_animal_fish01 (7)
level7,-137343807,517.38,188.21,361.8,1,0,1,p_StoneTower04
level7,-137343807,441.3,178.62,241.24,1,0,1,p_StoneTower04
level7,-180263014,-443.001,-321.222,-117.757,1,0,1,p_StoneTower03
level7,-180263014,-291.112,-316.146,-228.658,1,0,1,p_StoneTower03
level7,-180263014,305.76,46.31,367.95,1,0,1,p_StoneTower03
level7,-180263014,-516.36,-316.03,-130.51,1,0,1,p_StoneTower03
level7,-1307399084,292.178,140.88,84.234,1,0,1,p_inventoryHellLevel
level7,74995320,348.764,45.602,380.768,1,0,1,p_StoneTower02
level7,74995320,308.657,119.08,161.081,1,0,1,p_StoneTower02
level7,57312918,405.542,94.98,386.396,1,0,1,a_animal_fish02
level7,57312918,398.536,95.12,387.849,1,0,1,a_animal_fish02 (6)
level7,57312918,407.58,97.97,381.1,1,0,1,a_animal_fish02 (4)
level7,57312918,404.504,97.04,386.245,1,0,1,a_animal_fish02 (1)
level7,57312918,404.11,94.56,383.28,1,0,1,a_animal_fish02 (3)
level7,57312918,402.49,97.3,389.57,1,0,1,a_animal_fish02 (5)
level7,57312918,408.05,96.906,386.18,1,0,1,a_animal_fish02 (2)
level7,-1536329445,987.494,170.995,199.829,1,0,1,p_inventorySacrificeBowl
level7,1388223663,315.36,101.2,255.65,1,0,1,p_Slot_FishingRod01 (1)
level7,621475807,518.15,242.93,223.9,1,0,1,p_trigger_ReachMountainTopAchievement
level7,-435045664,673.662,-0.0,46.32,0,0,1,Mission_SavegameUpgrade_4_UnlockFurniture
level7,-1481166969,0.0,0.0,0.0,0,0,1,Mission_SavegameUpgrade_4_UnlockFishingSpawnSlots
level7,2068982524,953.6,160.769,179.78,1,0,1,p_teleporterHellBackHome
level7,-774976261,0.0,0.0,0.0,1,0,1,Mission_SavegameUpgrade_4_IsHouseBuilt
level7,-736588235,292.25,131.824,83.91,1,0,1,p_teleporter_Hell
level7,-1241423366,408.03,100.849,386.4,1,0,1,p_Slot_FishingRod02 (1)
level7,1481033098,531.171,182.971,295.63,1,0,1,a_animal_fish04 (4)
level7,1481033098,531.817,184.352,293.564,1,0,1,a_animal_fish04 (2)
level7,1481033098,534.261,183.545,295.752,1,0,1,a_animal_fish04 (3)
level7,1481033098,533.715,183.14,290.46,1,0,1,a_animal_fish04
level7,1481033098,532.155,183.698,293.092,1,0,1,a_animal_fish04 (1)
level7,860398826,-767.425,-240.707,-132.485,1,0,1,p_Tree_Golden
level7,860398826,-352.187,-272.61,-24.112,1,0,1,p_Tree_Golden
level7,860398826,-524.609,-398.16,-281.43,1,0,1,p_Tree_Golden
level7,-540647001,267.271,46.567,377.559,1,0,1,p_Slot_FishingRod03 (1)
level7,-588645556,0.0,0.0,0.0,1,0,1,Mission_Hidden_05_UnlockGoldenFurniture
level7,1920845751,0.0,0.0,0.0,1,0,1,Mission_Hidden_05_UnlockGoldenWoodSawhorse_halfTrunk
level7,819155891,294.91,139.73,86.22,1,0,1,p_Tree_Metal_01
level7,860398826,-285.54,-294.502,-302.9,1,0,1,p_Tree_Golden
level7,1591843508,314.433,138.3,105.304,1,0,1,p_StoneTower01
level8,263789011,259.47,95.203,255.126,0,0,1,Mission_SavegameUpgrade_5_UnlockPlaceableFurniture
level9,42617885,355.09,127.43,36.07,1,0,1,p_Tree_Apple_01
level9,42617885,342.78,127.42,67.57,1,0,1,p_Tree_Apple_01
level9,42617885,367.76,129.94,40.01,1,0,1,p_Tree_Apple_01
level9,42617885,361.91,127.53,25.37,1,0,1,p_Tree_Apple_01
level9,-267159018,0.0,0.0,0.0,1,0,1,Mission_Unlock_IceBowl
level9,-1971086325,0.0,0.0,0.0,1,0,1,Mission_Unlock_LavaFishRoll
level9,-214270641,0.0,0.0,0.0,1,0,1,Mission_Chester_SavegameUpgrade6
level9,15746902,244.698,107.657,501.319,1,0,1,p_crafter_chesterPictureCrafter
level9,-590952751,279.94,129.63,32.81,1,0,1,P_DeadBush_01 (12)
level9,-590952751,302.409,127.606,43.313,1,0,1,P_DeadBush_01 (12)
level9,-590952751,303.39,127.485,44.52,1,0,1,P_DeadBush_01 (12)
level9,-590952751,370.69,119.349,127.11,1,0,1,P_DeadBush_01 (12)
level9,-590952751,302.305,127.485,45.161,1,0,1,P_DeadBush_01 (12)
level9,-590952751,364.69,119.349,138.83,1,0,1,P_DeadBush_01 (12)
level9,-590952751,305.04,129.22,20.25,1,0,1,P_DeadBush_01 (12)
level9,-590952751,340.755,119.349,131.079,1,0,1,P_DeadBush_01 (12)
level9,-590952751,304.323,127.461,30.18,1,0,1,P_DeadBush_01 (12)
level9,-590952751,354.3,119.349,136.5,1,0,1,P_DeadBush_01 (12)
level9,-590952751,285.25,127.485,46.35,1,0,1,P_DeadBush_01 (12)
level9,-590952751,369.79,119.349,128.24,1,0,1,P_DeadBush_01 (12)
level9,-590952751,319.33,119.83,136.94,1,0,1,P_DeadBush_01 (12)
level9,-590952751,348.25,119.349,123.41,1,0,1,P_DeadBush_01 (12)
level9,-590952751,285.18,127.485,47.56,1,0,1,P_DeadBush_01 (12)
level9,-590952751,287.06,129.63,28.34,1,0,1,P_DeadBush_01 (12)
level9,-590952751,356.45,119.349,126.25,1,0,1,P_DeadBush_01 (12)
level9,-590952751,282.17,129.76,18.93,1,0,1,P_DeadBush_01 (12)
level9,-590952751,341.41,123.33,108.783,1,0,1,P_DeadBush_01 (12)
level9,-590952751,335.73,124.977,101.29,1,0,1,P_DeadBush_01 (12)
level9,-590952751,366.26,119.349,126.96,1,0,1,P_DeadBush_01 (12)
level9,-590952751,280.431,129.853,19.083,1,0,1,P_DeadBush_01 (12)
level9,-590952751,281.552,129.942,17.991,1,0,1,P_DeadBush_01 (12)
level9,-590952751,283.57,129.7,13.79,1,0,1,P_DeadBush_01 (12)
level9,616736103,330.68,128.049,108.012,1,0,1,p_trojanHorse02 (4)
level9,1311165334,295.234,137.139,61.822,1,0,1,p_mushroom01ClusterA
level9,1311165334,295.236,135.01,70.712,1,0,1,p_mushroom01ClusterA
level9,1311165334,286.663,141.661,67.301,1,0,1,p_mushroom01ClusterA
level9,1311165334,286.006,129.299,57.19,1,0,1,p_mushroom01ClusterA
level9,1311165334,295.581,130.314,63.234,1,0,1,p_mushroom01ClusterA
level9,295449110,347.439,113.103,183.429,1,0,1,p_Chest_GoldenAxe01
level9,1555406683,359.54,112.24,171.87,1,0,1,p_Tree_Walnut_01_Mushroom (3)
level9,1555406683,342.3,112.23,160.8,1,0,1,p_Tree_Walnut_01_Mushroom (3)
level9,1555406683,347.78,112.24,175.33,1,0,1,p_Tree_Walnut_01_Mushroom (3)
level9,-1554507169,356.862,112.23,163.808,1,0,1,p_Tree_Walnut_02
level9,-1554507169,346.94,112.75,152.38,1,0,1,p_Tree_Walnut_02 (1)
level9,-1068238388,0.0,0.0,0.0,1,0,1,Mission_1337TreesCutGoldenAxe
level9,-926938235,319.851,102.795,172.222,1,0,1,Item_Furniture_Carving_WavingCat
level9,-926938235,318.39,102.8,172.291,1,0,1,Item_Furniture_Carving_WavingCat (2)
level9,-926938235,319.17,102.824,172.21,1,0,1,Item_Furniture_Carving_WavingCat (1)
level9,659970840,366.37,133.72,52.16,1,0,1,p_MarioCrate01
level9,705645020,0.0,0.0,0.0,1,0,1,Mission_TryToUpgradeAutoCrafterSpeed
level9,-1811054236,349.66,127.504,56.77,1,0,1,P_BirchBush_01_Summer
level9,-1811054236,342.174,127.504,65.056,1,0,1,P_BirchBush_01_Summer
level9,-1811054236,364.236,129.995,59.011,1,0,1,P_BirchBush_01_Summer
level9,-1811054236,356.493,129.995,61.446,1,0,1,P_BirchBush_01_Summer
level9,-1811054236,364.375,129.995,44.632,1,0,1,P_BirchBush_01_Summer
level9,-1811054236,337.55,127.15,82.46,1,0,1,P_BirchBush_01_Summer
level9,-1811054236,335.57,127.15,91.9,1,0,1,P_BirchBush_01_Summer (1)
level9,-2083215011,0.0,0.0,0.0,1,0,1,Mission_Garden_UnlockRecipe
level9,214316704,0.0,0.0,0.0,1,0,1,Mission_Chester_00_1_UnlockMimic
level9,-2111272653,0.0,0.0,0.0,1,0,1,Mission_Chester_00_1_UnlockCompaniola
level9,-1907261814,0.0,0.0,0.0,1,0,1,Mission_Chester_00_1_UnlockQuestionMarc
level9,-2032988415,305.58,127.1,31.32,1,0,1,p_Tree_Dead_01 (1)
level9,819155891,287.05,129.887,16.92,1,0,1,p_Tree_Metal_01
level9,-2032988415,281.91,129.64,24.85,1,0,1,p_Tree_Dead_01 (1)
level9,1040059545,287.84,127.54,38.06,1,0,1,p_Tree_Metal_03
level9,-583729562,295.19,127.282,51.04,1,0,1,p_Tree_Metal_02
level9,-2032988415,299.47,126.88,46.63,1,0,1,p_Tree_Dead_01 (1)
level9,819155891,282.161,129.78,32.174,1,0,1,p_Tree_Metal_01
level9,-583729562,313.84,112.21,180.11,1,0,1,p_Tree_Metal_02 (1)
level9,-583729562,362.41,119.35,136.85,1,0,1,p_Tree_Metal_02
level9,-583729562,294.13,129.76,24.28,1,0,1,p_Tree_Metal_02
level9,819155891,371.47,120.2,130.27,1,0,1,p_Tree_Metal_01
level9,819155891,300.07,127.25,41.8,1,0,1,p_Tree_Metal_01
level9,819155891,285.87,127.51,43.42,1,0,1,p_Tree_Metal_01
level9,-156887277,356.66,129.83,58.54,1,0,1,p_Tree_Apple_02
level9,1040059545,342.26,119.48,119.25,1,0,1,p_Tree_Metal_03
level9,-583729562,294.86,127.451,39.9,1,0,1,p_Tree_Metal_02 (2)
level9,-2032988415,298.52,129.68,20.13,1,0,1,p_Tree_Dead_01 (1)
level9,-583729562,354.36,119.35,126.38,1,0,1,p_Tree_Metal_02
level9,-156887277,362.24,129.79,42.51,1,0,1,p_Tree_Apple_02
level9,819155891,302.58,129.77,22.39,1,0,1,p_Tree_Metal_01
level9,-583729562,292.5,129.842,17.38,1,0,1,p_Tree_Metal_02
level9,-583729562,282.82,129.97,20.69,1,0,1,p_Tree_Metal_02
level9,-583729562,340.44,119.35,133.66,1,0,1,p_Tree_Metal_02
level9,-583729562,299.85,127.38,31.36,1,0,1,p_Tree_Metal_02
level9,819155891,349.26,119.55,135.64,1,0,1,p_Tree_Metal_01
level9,156423321,347.385,127.4,59.859,1,0,1,p_Tree_Rock_01
level9,156423321,361.29,129.96,51.2,1,0,1,p_Tree_Rock_01 (4)
level9,156423321,354.94,127.45,24.74,1,0,1,p_Tree_Rock_01 (6)
level9,156423321,362.56,129.89,58.5,1,0,1,p_Tree_Rock_01 (2)
level9,156423321,352.58,127.57,45.61,1,0,1,p_Tree_Rock_01 (3)
level9,156423321,334.26,126.74,87.18,1,0,1,p_Tree_Rock_01 (7)
level9,156423321,358.57,127.71,30.32,1,0,1,p_Tree_Rock_01 (5)
level9,156423321,368.47,129.87,45.57,1,0,1,p_Tree_Rock_01 (1)
level9,1860785923,353.136,127.53,19.94,1,0,1,P_BirchBush_02_Summer
level9,1860785923,367.82,127.834,29.001,1,0,1,P_BirchBush_02_Summer
level9,173663168,298.386,127.787,36.002,1,0,1,Item_mushroom02ClusterA (5)
level9,173663168,299.21,129.97,22.67,1,0,1,Item_mushroom02ClusterA (5)
level9,173663168,342.69,119.737,123.41,1,0,1,Item_mushroom02ClusterA (2)
level9,-1527043172,354.702,128.569,52.666,1,0,1,P_BirchBush_05_Summer
level9,-1527043172,361.71,127.834,32.7,1,0,1,P_BirchBush_05_Summer
level9,-1527043172,371.528,129.995,40.193,1,0,1,P_BirchBush_05_Summer
level9,613145063,310.259,99.597,237.242,1,0,1,Item_RubberDuck06
level9,1591843508,324.698,127.9,80.562,1,0,1,p_StoneTower01
level11,-628519617,299.508,102.357,431.943,1,0,1,Item_Furniture_Nerds_Console
level11,1187446271,297.359,102.388,426.023,1,0,1,Item_Furniture_Nerds_Controller
level11,1753013065,294.844,101.843,422.738,1,0,1,p_Gestures
level11,-171057397,0.0,0.0,0.0,1,0,1,HiddenMission_HomeSweetHome_TryToSpawnFurnitureWallSlots
level11,58424693,291.856,102.411,431.027,1,0,1,Item_Furniture_Golden_Sword
level11,854930393,0.0,-0.0,0.0,0,0,1,Mission_SavegameUpgrade_8_UnlockPlaceableWallFurniture
level11,-569914372,287.82,102.407,435.844,1,0,1,Item_Coffee
level12,-401726163,131.564,110.095,93.682,1,0,1,Mission_UnlockAchievement_StampAllDocuments
level12,1906443429,181.175,48.125,170.167,1,0,1,Mission_SacrificeBowl_ChickenKing_Check
level12,-2033961865,267.24,100.092,250.887,1,0,1,Mission_SavegameUpgrade_9_UnlockHexShelvesAfterSimpleFurniture
level12,698131790,263.031,114.404,132.853,1,0,1,Item_Food_ChickenLegGrilled
level12,698131790,269.816,114.404,131.816,1,0,1,Item_Food_ChickenLegGrilled
level12,698131790,270.978,113.813,142.719,1,0,1,Item_Food_ChickenLegGrilled
level13,-158353995,238.381,100.327,266.403,1,0,1,Mission_SavegameUpgrade_10_TinfoilMissionFix
level15,1896645273,986.0,129.6,208.0,1,0,1,p_trigger_PutItemInGlobalInventory (1)
level15,1896645273,-493.0,-521.3,-133.0,1,0,1,p_trigger_PutItemInGlobalInventory (3)
level15,1036775564,0.0,0.0,0.0,1,0,1,p_CollectFallingItems
level15,1896645273,223.5,54.8,239.6,1,0,1,p_trigger_PutItemInGlobalInventory (2)
level15,1896645273,377.8,35.6,256.1,1,0,1,p_trigger_PutItemInGlobalInventory (4)
level15,1896645273,410.0,-1.4,272.0,1,0,1,p_trigger_PutItemInGlobalInventory
level16,-1920448632,259.802,100.485,254.886,1,0,1,Mission_UnlockAchievement_CraftAllFood
level16,1908217596,259.802,100.485,254.886,1,0,1,Mission_Achievement_FindAllRubberducks
level16,-826377742,259.802,100.485,254.886,1,0,1,Mission_UnlockAchievement_Deforestation1337
level16,-401726163,260.018,100.092,255.066,1,0,1,Mission_UnlockAchievement_StampAllDocuments
level16,-2065138190,955.739,159.934,180.789,1,0,1,p_trigger_EnterHellAchievement
level16,-1408996098,0.0,0.0,0.0,1,0,1,Mission_SavegameUpgrade_13_CheckForWatermines
